ark-jetson-orin@localhost:~/imav26_ws$ ros2 launch drone_testing course_mission.launch.py agent_only:=false
[INFO] [launch]: All log files can be found below /home/ark-jetson-orin/.ros/log/2026-09-15-03-49-37-152739-localhost.localdomain-3630
[INFO] [launch]: Default logging verbosity is set to INFO
[INFO] [launch.user]: Using common configuration file: /home/ark-jetson-orin/imav26_ws/install/zed_wrapper/share/zed_wrapper/config/common_stereo.yaml
[INFO] [launch.user]: Using camera configuration file: /home/ark-jetson-orin/imav26_ws/install/zed_wrapper/share/zed_wrapper/config/zed.yaml
[INFO] [launch.user]: Using Object Detection configuration file: /home/ark-jetson-orin/imav26_ws/install/zed_wrapper/share/zed_wrapper/config/object_detection.yaml
[INFO] [launch.user]: Using Custom Object Detection configuration file: /home/ark-jetson-orin/imav26_ws/install/zed_wrapper/share/zed_wrapper/config/custom_object_detection.yaml
[INFO] [launch.user]: NITROS not installed, skipping IPC/NITROS conflict check.
[INFO] [launch.user]: Loading ZED node `zed_node` in container `/zed/zed_container`
[INFO] [micro_ros_agent-1]: process started with pid [3686]
[INFO] [robot_state_publisher-2]: process started with pid [3687]
[INFO] [component_container_isolated-3]: process started with pid [3688]
[micro_ros_agent-1] [1789424378.773249] info     | TermiosAgentLinux.cpp | init                     | running...             | fd: 12
[micro_ros_agent-1] [1789424378.773726] info     | Root.cpp           | set_verbose_level        | logger setup           | verbose_level: 4
[robot_state_publisher-2] [INFO] [1789424378.826235430] [zed.zed_state_publisher]: Robot initialized
[component_container_isolated-3] [INFO] [1789424379.020595270] [zed.zed_container]: Load Library: /home/ark-jetson-orin/imav26_ws/install/zed_components/lib/libzed_camera_component.so
[component_container_isolated-3] [INFO] [1789424379.261767046] [zed.zed_container]: Found class: rclcpp_components::NodeFactoryTemplate<stereolabs::ZedCamera>
[component_container_isolated-3] [INFO] [1789424379.261876710] [zed.zed_container]: Instantiate class: rclcpp_components::NodeFactoryTemplate<stereolabs::ZedCamera>
[component_container_isolated-3] [INFO] [1789424379.479871750] [zed.zed_node]: ================================
[component_container_isolated-3] [INFO] [1789424379.480452934] [zed.zed_node]:       ZED Camera Component 
[component_container_isolated-3] [INFO] [1789424379.480479686] [zed.zed_node]: ================================
[component_container_isolated-3] [INFO] [1789424379.480499302] [zed.zed_node]:  * IPC: enabled
[INFO] [launch_ros.actions.load_composable_nodes]: Loaded node '/zed/zed_node' in container '/zed/zed_container'
[component_container_isolated-3] [INFO] [1789424379.530851014] [zed.zed_node]:  * namespace: /zed
[component_container_isolated-3] [INFO] [1789424379.530943494] [zed.zed_node]:  * node name: zed_node
[component_container_isolated-3] [INFO] [1789424379.530963622] [zed.zed_node]: ================================
[component_container_isolated-3] [INFO] [1789424379.530977894] [zed.zed_node]: Starting node initialization...
[component_container_isolated-3] [INFO] [1789424379.532098278] [zed.zed_node]: === DEBUG parameters ===
[component_container_isolated-3] [INFO] [1789424379.532501254] [zed.zed_node]:  * SDK Verbose: 1
[component_container_isolated-3] [INFO] [1789424379.532755206] [zed.zed_node]:  * Use Pub Timestamps: FALSE
[component_container_isolated-3] [INFO] [1789424379.532955046] [zed.zed_node]:  * SDK Verbose File: 
[component_container_isolated-3] [INFO] [1789424379.533070886] [zed.zed_node]:  * Debug Common: FALSE
[component_container_isolated-3] [INFO] [1789424379.533161958] [zed.zed_node]:  * Debug Dynamic Parameters: FALSE
[component_container_isolated-3] [INFO] [1789424379.533247462] [zed.zed_node]:  * Debug Grab (low level): FALSE
[component_container_isolated-3] [INFO] [1789424379.533343046] [zed.zed_node]:  * Debug Simulation: FALSE
[component_container_isolated-3] [INFO] [1789424379.533426918] [zed.zed_node]:  * Debug Video/Depth: FALSE
[component_container_isolated-3] [INFO] [1789424379.533513350] [zed.zed_node]:  * Debug Control settings: FALSE
[component_container_isolated-3] [INFO] [1789424379.533632070] [zed.zed_node]:  * Debug Point Cloud: FALSE
[component_container_isolated-3] [INFO] [1789424379.533732102] [zed.zed_node]:  * Debug TF: FALSE
[component_container_isolated-3] [INFO] [1789424379.533811366] [zed.zed_node]:  * Debug Positional Tracking: FALSE
[component_container_isolated-3] [INFO] [1789424379.533898598] [zed.zed_node]:  * Debug GNSS: FALSE
[component_container_isolated-3] [INFO] [1789424379.533983718] [zed.zed_node]:  * Debug sensors: FALSE
[component_container_isolated-3] [INFO] [1789424379.534076038] [zed.zed_node]:  * Debug Mapping: FALSE
[component_container_isolated-3] [INFO] [1789424379.534171654] [zed.zed_node]:  * Debug Object Detection: FALSE
[component_container_isolated-3] [INFO] [1789424379.534249382] [zed.zed_node]:  * Debug Body Tracking: FALSE
[component_container_isolated-3] [INFO] [1789424379.534322374] [zed.zed_node]:  * Debug Streaming: FALSE
[component_container_isolated-3] [INFO] [1789424379.534400646] [zed.zed_node]:  * Debug ROI: FALSE
[component_container_isolated-3] [INFO] [1789424379.534500134] [zed.zed_node]:  * Debug Nitros: FALSE
[component_container_isolated-3] [INFO] [1789424379.534578598] [zed.zed_node]:  * Debug Advanced: FALSE
[component_container_isolated-3] [INFO] [1789424379.534631334] [zed.zed_node]: === TOPIC selection parameters ===
[component_container_isolated-3] [INFO] [1789424379.534726182] [zed.zed_node]:  * Publish Status: TRUE
[component_container_isolated-3] [INFO] [1789424379.534949190] [zed.zed_node]:  * Image format: BGRA 32-bit
[component_container_isolated-3] [INFO] [1789424379.535127494] [zed.zed_node]:  * Publish Left/Right images: FALSE
[component_container_isolated-3] [INFO] [1789424379.535277638] [zed.zed_node]:  * Publish Raw images: FALSE
[component_container_isolated-3] [INFO] [1789424379.535428038] [zed.zed_node]:  * Publish Gray images: FALSE
[component_container_isolated-3] [INFO] [1789424379.535596294] [zed.zed_node]:  * Publish RGB image: TRUE
[component_container_isolated-3] [INFO] [1789424379.535722470] [zed.zed_node]:  * Publish Stereo image: FALSE
[component_container_isolated-3] [INFO] [1789424379.535842470] [zed.zed_node]:  * Publish ROI Mask image: FALSE
[component_container_isolated-3] [INFO] [1789424379.536085542] [zed.zed_node]:  * Publish Depth Map: TRUE
[component_container_isolated-3] [INFO] [1789424379.536241574] [zed.zed_node]:  * Publish Depth Info: FALSE
[component_container_isolated-3] [INFO] [1789424379.536380902] [zed.zed_node]:  * Publish Point Cloud: TRUE
[component_container_isolated-3] [INFO] [1789424379.536505446] [zed.zed_node]:  * Publish Depth Confidence: FALSE
[component_container_isolated-3] [INFO] [1789424379.536630374] [zed.zed_node]:  * Publish Disparity: FALSE
[component_container_isolated-3] [INFO] [1789424379.536774214] [zed.zed_node]:  * Publish IMU: TRUE
[component_container_isolated-3] [INFO] [1789424379.536902886] [zed.zed_node]:  * Publish IMU Raw: FALSE
[component_container_isolated-3] [INFO] [1789424379.537029542] [zed.zed_node]:  * Publish LeftCam/IMU Transf.: FALSE
[component_container_isolated-3] [INFO] [1789424379.537303302] [zed.zed_node]:  * Publish Magnetometer: FALSE
[component_container_isolated-3] [INFO] [1789424379.537429126] [zed.zed_node]:  * Publish Barometer: FALSE
[component_container_isolated-3] [INFO] [1789424379.537534918] [zed.zed_node]:  * Publish Temperature: FALSE
[component_container_isolated-3] [INFO] [1789424379.537702406] [zed.zed_node]:  * Publish Odometry/Pose: TRUE
[component_container_isolated-3] [INFO] [1789424379.537811142] [zed.zed_node]:  * Publish Pose with Covariance: FALSE
[component_container_isolated-3] [INFO] [1789424379.537945702] [zed.zed_node]:  * Publish Camera Path: FALSE
[component_container_isolated-3] [INFO] [1789424379.538048326] [zed.zed_node]:  * Publish Detection Plane: FALSE
[component_container_isolated-3] [INFO] [1789424379.538162854] [zed.zed_node]: === SVO RECORDING parameters ===
[component_container_isolated-3] [INFO] [1789424379.538276486] [zed.zed_node]:  * SVO Encoding preset: DEFAULT
[component_container_isolated-3] [INFO] [1789424379.538341414] [zed.zed_node]: === SVO INPUT parameters ===
[component_container_isolated-3] [INFO] [1789424379.538440390] [zed.zed_node]:  * SVO input: DISABLED
[component_container_isolated-3] [INFO] [1789424379.538468070] [zed.zed_node]: === LOCAL STREAMING parameters ===
[component_container_isolated-3] [INFO] [1789424379.538574278] [zed.zed_node]:  * Local stream input: DISABLED
[component_container_isolated-3] [INFO] [1789424379.538594214] [zed.zed_node]: === GENERAL parameters ===
[component_container_isolated-3] [INFO] [1789424379.538712678] [zed.zed_node]:  * Camera model: zed - ZED
[component_container_isolated-3] [INFO] [1789424379.538836102] [zed.zed_node]:  * Camera name: zed
[component_container_isolated-3] [INFO] [1789424379.538958502] [zed.zed_node]:  * Camera SN: 0
[component_container_isolated-3] [INFO] [1789424379.539062886] [zed.zed_node]:  * Camera ID: -1
[component_container_isolated-3] [INFO] [1789424379.539159974] [zed.zed_node]:  * Camera timeout [sec]: 5
[component_container_isolated-3] [INFO] [1789424379.539253798] [zed.zed_node]:  * Camera reconnection temptatives: 5
[component_container_isolated-3] [INFO] [1789424379.539404582] [zed.zed_node]:  * Camera framerate: 30
[component_container_isolated-3] [INFO] [1789424379.539567462] [zed.zed_node]:  * GPU ID: -1
[component_container_isolated-3] [INFO] [1789424379.539866246] [zed.zed_node]:  * Asynchronous image retrieval: FALSE
[component_container_isolated-3] [INFO] [1789424379.540043814] [zed.zed_node]:  * Image Validity Check: 1
[component_container_isolated-3] [INFO] [1789424379.540430950] [zed.zed_node]:  * Camera resolution: HD720
[component_container_isolated-3] [INFO] [1789424379.540673606] [zed.zed_node]:  * Publishing resolution: NATIVE
[component_container_isolated-3] [INFO] [1789424379.540905510] [zed.zed_node]:  * OpenCV custom calibration: 
[component_container_isolated-3] [INFO] [1789424379.541112102] [zed.zed_node]:  * Camera self calibration: TRUE
[component_container_isolated-3] [INFO] [1789424379.541277158] [zed.zed_node]:  * Camera flip: FALSE
[component_container_isolated-3] [INFO] [1789424379.541536038] [zed.zed_node]:  * Publish framerate [Hz]:  0 [DYNAMIC]
[component_container_isolated-3] [INFO] [1789424379.541710470] [zed.zed_node]:  * Grab Compute Capping FPS: 0
[component_container_isolated-3] [INFO] [1789424379.541878054] [zed.zed_node]:  * SDK Monotonic Clock: FALSE
[component_container_isolated-3] [INFO] [1789424379.542545958] [zed.zed_node]: === VIDEO parameters ===
[component_container_isolated-3] [INFO] [1789424379.542776166] [zed.zed_node]:  * Brightness: 4 [DYNAMIC]
[component_container_isolated-3] [INFO] [1789424379.542960582] [zed.zed_node]:  * Contrast: 4 [DYNAMIC]
[component_container_isolated-3] [INFO] [1789424379.543096518] [zed.zed_node]:  * Hue: 0 [DYNAMIC]
[component_container_isolated-3] [INFO] [1789424379.543230630] [zed.zed_node]:  * Saturation: 4 [DYNAMIC]
[component_container_isolated-3] [INFO] [1789424379.543360902] [zed.zed_node]:  * Sharpness: 4 [DYNAMIC]
[component_container_isolated-3] [INFO] [1789424379.543494214] [zed.zed_node]:  * Gamma: 8 [DYNAMIC]
[component_container_isolated-3] [INFO] [1789424379.543613542] [zed.zed_node]:  * Auto Exposure/Gain: TRUE [DYNAMIC]
[component_container_isolated-3] [INFO] [1789424379.543725542] [zed.zed_node]:  * Exposure: 80 [DYNAMIC]
[component_container_isolated-3] [INFO] [1789424379.543839366] [zed.zed_node]:  * Gain: 80 [DYNAMIC]
[component_container_isolated-3] [INFO] [1789424379.543958182] [zed.zed_node]:  * Auto White Balance: TRUE [DYNAMIC]
[component_container_isolated-3] [INFO] [1789424379.544103398] [zed.zed_node]:  * White Balance Temperature: 42 [DYNAMIC]
[component_container_isolated-3] [INFO] [1789424379.544143590] [zed.zed_node]: === DEPTH parameters ===
[component_container_isolated-3] [INFO] [1789424379.545019110] [zed.zed_node]:  * Depth mode: NEURAL LIGHT [4]
[component_container_isolated-3] [INFO] [1789424379.545355750] [zed.zed_node]:  * Min depth [m]: 0.7
[component_container_isolated-3] [INFO] [1789424379.545631174] [zed.zed_node]:  * Max depth [m]: 8
[component_container_isolated-3] [INFO] [1789424379.545869094] [zed.zed_node]:  * Depth Stabilization: -1
[component_container_isolated-3] [INFO] [1789424379.546097350] [zed.zed_node]:  * OpenNI mode (16bit depth): FALSE
[component_container_isolated-3] [INFO] [1789424379.546269542] [zed.zed_node]:  * Point cloud rate [Hz]: 10
[component_container_isolated-3] [INFO] [1789424379.547121094] [zed.zed_node]:  * Point cloud resolution: COMPACT
[component_container_isolated-3] [INFO] [1789424379.547287686] [zed.zed_node]:  * Voxel Point Cloud: FALSE [DYNAMIC]
[component_container_isolated-3] [INFO] [1789424379.547453222] [zed.zed_node]:  * Voxel Size [mm]: -1 [DYNAMIC]
[component_container_isolated-3] [INFO] [1789424379.547580326] [zed.zed_node]:  * Voxel Resolution Mode: STEREO_UNCERTAINTY
[component_container_isolated-3] [INFO] [1789424379.547718406] [zed.zed_node]:  * Voxel Resolution Scale: 0.2 [DYNAMIC]
[component_container_isolated-3] [INFO] [1789424379.547831206] [zed.zed_node]:  * Depth Confidence: 95 [DYNAMIC]
[component_container_isolated-3] [INFO] [1789424379.547928038] [zed.zed_node]:  * Depth Texture Confidence: 100 [DYNAMIC]
[component_container_isolated-3] [INFO] [1789424379.548110118] [zed.zed_node]:  * Remove saturated areas: TRUE [DYNAMIC]
[component_container_isolated-3] [INFO] [1789424379.548143654] [zed.zed_node]: === POSITIONAL TRACKING parameters ===
[component_container_isolated-3] [INFO] [1789424379.548263750] [zed.zed_node]:  * Map frame id: map
[component_container_isolated-3] [INFO] [1789424379.548365670] [zed.zed_node]:  * Odometry frame id: odom
[component_container_isolated-3] [INFO] [1789424379.548474246] [zed.zed_node]:  * Positional tracking enabled: TRUE
[component_container_isolated-3] [INFO] [1789424379.548637446] [zed.zed_node]:  * Positional tracking mode [AUTO]: GEN 3
[component_container_isolated-3] [INFO] [1789424379.548789126] [zed.zed_node]:  * Broadcast Odometry TF: FALSE
[component_container_isolated-3] [INFO] [1789424379.548930950] [zed.zed_node]:  * Depth minimum range: 0
[component_container_isolated-3] [INFO] [1789424379.549050374] [zed.zed_node]:  * TF timestamp offset: 0 [DYNAMIC]
[component_container_isolated-3] [INFO] [1789424379.549247718] [zed.zed_node]:  * Path publishing rate: 2 [DYNAMIC]
[component_container_isolated-3] [INFO] [1789424379.549645958] [zed.zed_node]:  * Path history lenght: -1
[component_container_isolated-3] [INFO] [1789424379.549886694] [zed.zed_node]:  * Initial pose: [0,0,0,0,0,0,]
[component_container_isolated-3] [INFO] [1789424379.550125126] [zed.zed_node]:  * Area Memory: TRUE
[component_container_isolated-3] [INFO] [1789424379.550329030] [zed.zed_node]:  * Area Memory File: 
[component_container_isolated-3] [INFO] [1789424379.550497510] [zed.zed_node]:  * Enable Localization Only: FALSE
[component_container_isolated-3] [INFO] [1789424379.550693926] [zed.zed_node]:  * Save Area Memory on closing: FALSE
[component_container_isolated-3] [INFO] [1789424379.550877894] [zed.zed_node]:  * Camera is static: FALSE
[component_container_isolated-3] [INFO] [1789424379.551070694] [zed.zed_node]:  * Gravity as origin: TRUE
[component_container_isolated-3] [INFO] [1789424379.551268678] [zed.zed_node]:  * IMU Fusion: TRUE
[component_container_isolated-3] [INFO] [1789424379.551462758] [zed.zed_node]:  * Floor Alignment: FALSE
[component_container_isolated-3] [INFO] [1789424379.551654278] [zed.zed_node]:  * Reset Odometry with Loop Closure: FALSE
[component_container_isolated-3] [INFO] [1789424379.551812838] [zed.zed_node]:  * Publish 3D Landmarks: FALSE
[component_container_isolated-3] [INFO] [1789424379.552020646] [zed.zed_node]:  * Publish Landmark Skip Frame: 
[component_container_isolated-3] [INFO] [1789424379.552229478] [zed.zed_node]:  * 2D mode: FALSE
[component_container_isolated-3] [INFO] [1789424379.552403622] [zed.zed_node]:  * Reset pose with SVO loop: TRUE
[component_container_isolated-3] [INFO] [1789424379.552450598] [zed.zed_node]: === GNSS FUSION parameters ===
[component_container_isolated-3] [WARN] [1789424379.552483878] [zed.zed_node]: !!! GNSS FUSION module cannot be enabled with ZED!!!
[component_container_isolated-3] [INFO] [1789424379.552514534] [zed.zed_node]: === REGION OF INTEREST parameters ===
[component_container_isolated-3] [INFO] [1789424379.554925990] [zed.zed_node]:  * Automatic ROI generation: FALSE
[component_container_isolated-3] [INFO] [1789424379.555147942] [zed.zed_node]:  * Manual ROI polygon: []
[component_container_isolated-3] [INFO] [1789424379.555199558] [zed.zed_node]: === Spatial Mapping parameters ===
[component_container_isolated-3] [INFO] [1789424379.555369190] [zed.zed_node]:  * Spatial Mapping Enabled: FALSE
[component_container_isolated-3] [INFO] [1789424379.556204934] [zed.zed_node]:  * Spatial Mapping resolution [m]: 0.05
[component_container_isolated-3] [INFO] [1789424379.556452966] [zed.zed_node]:  * 3D Max Mapping range [m]: 5
[component_container_isolated-3] [INFO] [1789424379.556689926] [zed.zed_node]:  * Map publishing rate [Hz]: 1 [DYNAMIC]
[component_container_isolated-3] [INFO] [1789424379.556942054] [zed.zed_node]:  * Clicked point topic: /clicked_point
[component_container_isolated-3] [INFO] [1789424379.557134150] [zed.zed_node]:  * Plane Det. Max Dist. Thresh.: 0.15
[component_container_isolated-3] [INFO] [1789424379.557308230] [zed.zed_node]:  * Plane Det. Normals Sim. Thresh.: 15
[component_container_isolated-3] [INFO] [1789424379.557359462] [zed.zed_node]: === STREAMING SERVER parameters ===
[component_container_isolated-3] [INFO] [1789424379.557550598] [zed.zed_node]:  * Streaming Server enabled: FALSE
[component_container_isolated-3] [INFO] [1789424379.557709030] [zed.zed_node]:  * Stream codec: H265
[component_container_isolated-3] [INFO] [1789424379.557892550] [zed.zed_node]:  * Stream port: 30000
[component_container_isolated-3] [INFO] [1789424379.558090630] [zed.zed_node]:  * Stream bitrate: 12500
[component_container_isolated-3] [INFO] [1789424379.558246950] [zed.zed_node]:  * Stream GOP size: -1
[component_container_isolated-3] [INFO] [1789424379.558416742] [zed.zed_node]:  * Stream Chunk size: 16084
[component_container_isolated-3] [INFO] [1789424379.558577350] [zed.zed_node]:  * Adaptive bitrate: FALSE
[component_container_isolated-3] [INFO] [1789424379.558736294] [zed.zed_node]:  * Target frame rate:0
[component_container_isolated-3] [INFO] [1789424379.558778246] [zed.zed_node]: === ADVANCED parameters ===
[component_container_isolated-3] [INFO] [1789424379.559079494] [zed.zed_node]:  * Change thread priority: FALSE
[component_container_isolated-3] [INFO] [1789424379.559309574] [zed.zed_node]: === SERVICES ===
[component_container_isolated-3] [INFO] [1789424379.563869606] [zed.zed_node]:  * Advertised on service: '/zed/zed_node/reset_odometry'
[component_container_isolated-3] [INFO] [1789424379.565782790] [zed.zed_node]:  * Advertised on service: '/zed/zed_node/reset_pos_tracking'
[component_container_isolated-3] [INFO] [1789424379.571465702] [zed.zed_node]:  * Advertised on service: '/zed/zed_node/set_pose'
[component_container_isolated-3] [INFO] [1789424379.573119974] [zed.zed_node]:  * Advertised on service: '/zed/zed_node/save_area_memory'
[component_container_isolated-3] [INFO] [1789424379.576047654] [zed.zed_node]:  * Advertised on service: '/zed/zed_node/enable_obj_det'
[component_container_isolated-3] [INFO] [1789424379.577305574] [zed.zed_node]:  * Advertised on service: '/zed/zed_node/enable_body_trk'
[component_container_isolated-3] [INFO] [1789424379.578576230] [zed.zed_node]:  * Advertised on service: '/zed/zed_node/enable_mapping'
[component_container_isolated-3] [INFO] [1789424379.579875398] [zed.zed_node]:  * Advertised on service: '/zed/zed_node/enable_streaming'
[component_container_isolated-3] [INFO] [1789424379.581672070] [zed.zed_node]:  * Advertised on service: '/zed/zed_node/start_svo_rec'
[component_container_isolated-3] [INFO] [1789424379.582950342] [zed.zed_node]:  * Advertised on service: '/zed/zed_node/stop_svo_rec'
[component_container_isolated-3] [INFO] [1789424379.584318630] [zed.zed_node]:  * Advertised on service: '/zed/zed_node/set_roi'
[component_container_isolated-3] [INFO] [1789424379.585470790] [zed.zed_node]:  * Advertised on service: '/zed/zed_node/reset_roi'
[component_container_isolated-3] [INFO] [1789424379.585527686] [zed.zed_node]: === STARTING CAMERA ===
[component_container_isolated-3] [INFO] [1789424379.585591014] [zed.zed_node]: ZED SDK Version: 5.4.1 - Build 117278_137d3e18_3228745
[component_container_isolated-3] [INFO] [1789424379.598409254] [zed.zed_node]: === CAMERA OPENING ===
[micro_ros_agent-1] [1789424379.751567] info     | Root.cpp           | create_client            | create                 | client_key: 0x00000001, session_id: 0x81
[micro_ros_agent-1] [1789424379.752143] info     | SessionManager.hpp | establish_session        | session established    | client_key: 0x00000001, address: 1
[micro_ros_agent-1] [1789424379.776358] info     | ProxyClient.cpp    | create_participant       | participant created    | client_key: 0x00000001, participant_id: 0x001(1)
[component_container_isolated-3] [2026-09-15 03:49:40 UTC][ZED][INFO] Logging level INFO
[component_container_isolated-3] [2026-09-15 03:49:42 UTC][ZED][INFO] [Init]  Camera successfully opened.
[component_container_isolated-3] [2026-09-15 03:49:42 UTC][ZED][INFO] [Init]  Camera FW version: 1523
[component_container_isolated-3] [2026-09-15 03:49:42 UTC][ZED][INFO] [Init]  Video mode: HD720@30
[component_container_isolated-3] [2026-09-15 03:49:42 UTC][ZED][INFO] [Init]  Serial Number: S/N 1943145
[component_container_isolated-3] [2026-09-15 03:49:42 UTC][ZED][INFO] [Init]  Depth mode selected: NEURAL LIGHT. Ensure this mode matches your application's performance and accuracy requirements. See https://www.stereolabs.com/docs/depth-sensing/depth-modes for help.
[INFO] [window_detect-4]: process started with pid [3846]
[component_container_isolated-3] [INFO] [1789424384.477060390] [zed.zed_node]:  * ZED SDK running on GPU #0
[component_container_isolated-3] [INFO] [1789424384.477247046] [zed.zed_node]:  * Camera Model  -> ZED
[component_container_isolated-3] [INFO] [1789424384.477280390] [zed.zed_node]:  * Serial Number -> 1943145
[component_container_isolated-3] [INFO] [1789424384.477498150] [zed.zed_node]:  * Focal Length	-> 2.87387 mm
[component_container_isolated-3] [INFO] [1789424384.477581830] [zed.zed_node]:  * Input	-> USB
[component_container_isolated-3] [INFO] [1789424384.477625638] [zed.zed_node]:  * Camera FW Version  -> 1523
[component_container_isolated-3] [INFO] [1789424384.477653318] [zed.zed_node]:  * Camera grab size -> 1280x720
[component_container_isolated-3] [INFO] [1789424384.477676806] [zed.zed_node]:  * Color/Depth publishing size -> 1280x720
[component_container_isolated-3] [INFO] [1789424384.477700038] [zed.zed_node]:  * Point Cloud publishing size -> 448x256
[component_container_isolated-3] [INFO] [1789424384.477750918] [zed.zed_node]: === TF FRAMES ===
[component_container_isolated-3] [INFO] [1789424384.477781286] [zed.zed_node]:  * Map			-> map
[component_container_isolated-3] [INFO] [1789424384.477803590] [zed.zed_node]:  * Odometry		-> odom
[component_container_isolated-3] [INFO] [1789424384.477843366] [zed.zed_node]:  * Base			-> zed_camera_link
[component_container_isolated-3] [INFO] [1789424384.477865286] [zed.zed_node]:  * Camera		-> zed_camera_center
[component_container_isolated-3] [INFO] [1789424384.477885638] [zed.zed_node]:  * Left			-> zed_left_camera_frame
[component_container_isolated-3] [INFO] [1789424384.477905926] [zed.zed_node]:  * Left Optical		-> zed_left_camera_frame_optical
[component_container_isolated-3] [INFO] [1789424384.477926246] [zed.zed_node]:  * Right			-> zed_right_camera_frame
[component_container_isolated-3] [INFO] [1789424384.477945606] [zed.zed_node]:  * Right Optical		-> zed_right_camera_frame_optical
[component_container_isolated-3] [INFO] [1789424384.477965702] [zed.zed_node]:  * Depth			-> zed_left_camera_frame
[component_container_isolated-3] [INFO] [1789424384.477985318] [zed.zed_node]:  * Depth Optical		-> zed_left_camera_frame_optical
[component_container_isolated-3] [INFO] [1789424384.478004742] [zed.zed_node]:  * Point Cloud		-> zed_left_camera_frame
[component_container_isolated-3] [INFO] [1789424384.478145606] [zed.zed_node]: === PUBLISHED TOPICS ===
[component_container_isolated-3] [INFO] [1789424384.484646022] [zed.zed_node]:  * Advertised on topic: /zed/zed_node/status/health
[component_container_isolated-3] [INFO] [1789424384.486190758] [zed.zed_node]:  * Advertised on topic: /zed/zed_node/status/heartbeat
[component_container_isolated-3] [INFO] [1789424384.490513990] [zed.zed_node]:  * Advertised on topic: /zed/zed_node/rgb/color/rect/image [IPC type-adapted zero-copy]
[component_container_isolated-3] [INFO] [1789424384.845429254] [zed.zed_node]:  * Advertised on topic: /zed/zed_node/rgb/color/rect/image
[component_container_isolated-3] [INFO] [1789424384.845542118] [zed.zed_node]:  * Advertised on topic: /zed/zed_node/rgb/color/rect/image/compressed [image_transport]
[component_container_isolated-3] [INFO] [1789424384.845568710] [zed.zed_node]:  * Advertised on topic: /zed/zed_node/rgb/color/rect/image/theora [image_transport]
[component_container_isolated-3] [INFO] [1789424384.845614726] [zed.zed_node]:  * Advertised on topic: /zed/zed_node/rgb/color/rect/image/zstd [image_transport]
[component_container_isolated-3] [INFO] [1789424384.846435622] [zed.zed_node]:  * Advertised on topic: /zed/zed_node/depth/depth_registered [IPC type-adapted zero-copy]
[component_container_isolated-3] [INFO] [1789424384.862931430] [zed.zed_node]:  * Advertised on topic: /zed/zed_node/depth/depth_registered
[component_container_isolated-3] [INFO] [1789424384.863043046] [zed.zed_node]:  * Advertised on topic: /zed/zed_node/depth/depth_registered/compressedDepth [image_transport]
[component_container_isolated-3] [INFO] [1789424384.863067718] [zed.zed_node]:  * Advertised on topic: /zed/zed_node/depth/depth_registered/zstd [image_transport]
[component_container_isolated-3] [INFO] [1789424384.864890950] [zed.zed_node]:  * Advertised on topic: /zed/zed_node/rgb/color/rect/camera_info
[component_container_isolated-3] [INFO] [1789424384.866003622] [zed.zed_node]:  * Advertised on topic: /zed/zed_node/rgb/color/rect/image/camera_info
[component_container_isolated-3] [INFO] [1789424384.867027270] [zed.zed_node]:  * Advertised on topic: /zed/zed_node/depth/camera_info
[component_container_isolated-3] [INFO] [1789424384.868033798] [zed.zed_node]:  * Advertised on topic: /zed/zed_node/depth/depth_registered/camera_info
[component_container_isolated-3] [INFO] [1789424384.873248198] [zed.zed_node]:  * Advertised on topic: /zed/zed_node/point_cloud/cloud_registered
[component_container_isolated-3] [INFO] [1789424384.875207814] [zed.zed_node]:  * Advertised on topic: /zed/zed_node/pose
[component_container_isolated-3] [INFO] [1789424384.876648902] [zed.zed_node]:  * Advertised on topic: /zed/zed_node/pose/status
[component_container_isolated-3] [INFO] [1789424384.883097382] [zed.zed_node]:  * Advertised on topic: /zed/zed_node/odom
[component_container_isolated-3] [INFO] [1789424384.883173670] [zed.zed_node]: === Subscribers ===
[component_container_isolated-3] [INFO] [1789424384.885076454] [zed.zed_node]:  * Plane detection: '/clicked_point'
[component_container_isolated-3] [INFO] [1789424385.083812390] [zed.zed_node]: === zed started ===
[window_detect-4] [INFO] [1789424385.155413670] [window_detect]: camera_info_topic derived from image_topic: /zed/zed_node/rgb/color/rect/camera_info
[window_detect-4] [INFO] [1789424385.195233254] [window_detect]: Browser stream on http://<jetson-ip>:8080/ (single frame at /snapshot.jpg).
[window_detect-4] [INFO] [1789424385.196943750] [window_detect]: Window detection up. image=/zed/zed_node/rgb/color/rect/image depth=/zed/zed_node/depth/depth_registered color=blue. Publishing /window_detected, /window_info, /window_geometry, /window_detection/image.
[component_container_isolated-3] [INFO] [1789424385.373217862] [zed.zed_node]: === Starting Positional Tracking ===
[component_container_isolated-3] [INFO] [1789424385.373419686] [zed.zed_node]:  * Waiting for valid static transformations...
[component_container_isolated-3] [INFO] [1789424385.373723782] [zed.zed_node]:  Static transform ref. CMOS Sensor to Base [zed_left_camera_frame -> zed_camera_link]
[component_container_isolated-3] [INFO] [1789424385.373774534] [zed.zed_node]:   * Translation: {0.011,-0.060,-0.015}
[component_container_isolated-3] [INFO] [1789424385.373852518] [zed.zed_node]:   * Rotation: {0.000,-2.865,0.000}
[component_container_isolated-3] [INFO] [1789424385.373923718] [zed.zed_node]:  Static transform ref. CMOS Sensor to Camera Center [zed_left_camera_frame -> zed_camera_center]
[component_container_isolated-3] [INFO] [1789424385.373957254] [zed.zed_node]:   * Translation: {0.010,-0.060,0.000}
[component_container_isolated-3] [INFO] [1789424385.373984614] [zed.zed_node]:   * Rotation: {0.000,-0.000,0.000}
[component_container_isolated-3] [INFO] [1789424385.374042022] [zed.zed_node]:  Static transform Camera Center to Base [zed_camera_center -> zed_camera_link]
[component_container_isolated-3] [INFO] [1789424385.374072486] [zed.zed_node]:   * Translation: {0.001,0.000,-0.015}
[component_container_isolated-3] [INFO] [1789424385.374098854] [zed.zed_node]:   * Rotation: {0.000,-2.865,0.000}
[component_container_isolated-3] [INFO] [1789424385.375247078] [zed.zed_node]: Initial ZED left camera pose (ZED pos. tracking): 
[component_container_isolated-3] [INFO] [1789424385.375302598] [zed.zed_node]:  * T: [-0.0099875,0.06,0.0154998]
[component_container_isolated-3] [INFO] [1789424385.375355078] [zed.zed_node]:  * Q: [0,0.0249974,0,0.999688]
[micro_ros_agent-1] [1789424385.550670] info     | ProxyClient.cpp    | create_topic             | topic created          | client_key: 0x00000001, topic_id: 0x800(2), participant_id: 0x001(1)
[micro_ros_agent-1] [1789424385.550944] info     | ProxyClient.cpp    | create_subscriber        | subscriber created     | client_key: 0x00000001, subscriber_id: 0x800(4), participant_id: 0x001(1)
[micro_ros_agent-1] [1789424385.552767] info     | ProxyClient.cpp    | create_datareader        | datareader created     | client_key: 0x00000001, datareader_id: 0x800(6), subscriber_id: 0x800(4)
[micro_ros_agent-1] [1789424385.556273] info     | ProxyClient.cpp    | create_topic             | topic created          | client_key: 0x00000001, topic_id: 0x801(2), participant_id: 0x001(1)
[micro_ros_agent-1] [1789424385.556443] info     | ProxyClient.cpp    | create_subscriber        | subscriber created     | client_key: 0x00000001, subscriber_id: 0x801(4), participant_id: 0x001(1)
[micro_ros_agent-1] [1789424385.557656] info     | ProxyClient.cpp    | create_datareader        | datareader created     | client_key: 0x00000001, datareader_id: 0x801(6), subscriber_id: 0x801(4)
[micro_ros_agent-1] [1789424385.561291] info     | ProxyClient.cpp    | create_topic             | topic created          | client_key: 0x00000001, topic_id: 0x802(2), participant_id: 0x001(1)
[micro_ros_agent-1] [1789424385.561383] info     | ProxyClient.cpp    | create_subscriber        | subscriber created     | client_key: 0x00000001, subscriber_id: 0x802(4), participant_id: 0x001(1)
[micro_ros_agent-1] [1789424385.562469] info     | ProxyClient.cpp    | create_datareader        | datareader created     | client_key: 0x00000001, datareader_id: 0x802(6), subscriber_id: 0x802(4)
[micro_ros_agent-1] [1789424385.565928] info     | ProxyClient.cpp    | create_topic             | topic created          | client_key: 0x00000001, topic_id: 0x803(2), participant_id: 0x001(1)
[micro_ros_agent-1] [1789424385.566014] info     | ProxyClient.cpp    | create_subscriber        | subscriber created     | client_key: 0x00000001, subscriber_id: 0x803(4), participant_id: 0x001(1)
[micro_ros_agent-1] [1789424385.567085] info     | ProxyClient.cpp    | create_datareader        | datareader created     | client_key: 0x00000001, datareader_id: 0x803(6), subscriber_id: 0x803(4)
[micro_ros_agent-1] [1789424385.570467] info     | ProxyClient.cpp    | create_topic             | topic created          | client_key: 0x00000001, topic_id: 0x804(2), participant_id: 0x001(1)
[micro_ros_agent-1] [1789424385.570541] info     | ProxyClient.cpp    | create_subscriber        | subscriber created     | client_key: 0x00000001, subscriber_id: 0x804(4), participant_id: 0x001(1)
[micro_ros_agent-1] [1789424385.571606] info     | ProxyClient.cpp    | create_datareader        | datareader created     | client_key: 0x00000001, datareader_id: 0x804(6), subscriber_id: 0x804(4)
[micro_ros_agent-1] [1789424385.574874] info     | ProxyClient.cpp    | create_topic             | topic created          | client_key: 0x00000001, topic_id: 0x805(2), participant_id: 0x001(1)
[micro_ros_agent-1] [1789424385.574948] info     | ProxyClient.cpp    | create_subscriber        | subscriber created     | client_key: 0x00000001, subscriber_id: 0x805(4), participant_id: 0x001(1)
[micro_ros_agent-1] [1789424385.575735] info     | ProxyClient.cpp    | create_datareader        | datareader created     | client_key: 0x00000001, datareader_id: 0x805(6), subscriber_id: 0x805(4)
[micro_ros_agent-1] [1789424385.579155] info     | ProxyClient.cpp    | create_topic             | topic created          | client_key: 0x00000001, topic_id: 0x806(2), participant_id: 0x001(1)
[micro_ros_agent-1] [1789424385.579230] info     | ProxyClient.cpp    | create_subscriber        | subscriber created     | client_key: 0x00000001, subscriber_id: 0x806(4), participant_id: 0x001(1)
[micro_ros_agent-1] [1789424385.579896] info     | ProxyClient.cpp    | create_datareader        | datareader created     | client_key: 0x00000001, datareader_id: 0x806(6), subscriber_id: 0x806(4)
[micro_ros_agent-1] [1789424385.583358] info     | ProxyClient.cpp    | create_topic             | topic created          | client_key: 0x00000001, topic_id: 0x807(2), participant_id: 0x001(1)
[micro_ros_agent-1] [1789424385.583425] info     | ProxyClient.cpp    | create_subscriber        | subscriber created     | client_key: 0x00000001, subscriber_id: 0x807(4), participant_id: 0x001(1)
[micro_ros_agent-1] [1789424385.584298] info     | ProxyClient.cpp    | create_datareader        | datareader created     | client_key: 0x00000001, datareader_id: 0x807(6), subscriber_id: 0x807(4)
[micro_ros_agent-1] [1789424385.587693] info     | ProxyClient.cpp    | create_topic             | topic created          | client_key: 0x00000001, topic_id: 0x808(2), participant_id: 0x001(1)
[micro_ros_agent-1] [1789424385.587817] info     | ProxyClient.cpp    | create_subscriber        | subscriber created     | client_key: 0x00000001, subscriber_id: 0x808(4), participant_id: 0x001(1)
[micro_ros_agent-1] [1789424385.588787] info     | ProxyClient.cpp    | create_datareader        | datareader created     | client_key: 0x00000001, datareader_id: 0x808(6), subscriber_id: 0x808(4)
[micro_ros_agent-1] [1789424385.592140] info     | ProxyClient.cpp    | create_topic             | topic created          | client_key: 0x00000001, topic_id: 0x809(2), participant_id: 0x001(1)
[micro_ros_agent-1] [1789424385.592258] info     | ProxyClient.cpp    | create_subscriber        | subscriber created     | client_key: 0x00000001, subscriber_id: 0x809(4), participant_id: 0x001(1)
[micro_ros_agent-1] [1789424385.593161] info     | ProxyClient.cpp    | create_datareader        | datareader created     | client_key: 0x00000001, datareader_id: 0x809(6), subscriber_id: 0x809(4)
[micro_ros_agent-1] [1789424385.596485] info     | ProxyClient.cpp    | create_topic             | topic created          | client_key: 0x00000001, topic_id: 0x80A(2), participant_id: 0x001(1)
[micro_ros_agent-1] [1789424385.596566] info     | ProxyClient.cpp    | create_subscriber        | subscriber created     | client_key: 0x00000001, subscriber_id: 0x80A(4), participant_id: 0x001(1)
[micro_ros_agent-1] [1789424385.597403] info     | ProxyClient.cpp    | create_datareader        | datareader created     | client_key: 0x00000001, datareader_id: 0x80A(6), subscriber_id: 0x80A(4)
[micro_ros_agent-1] [1789424385.600514] info     | ProxyClient.cpp    | create_topic             | topic created          | client_key: 0x00000001, topic_id: 0x80B(2), participant_id: 0x001(1)
[micro_ros_agent-1] [1789424385.600588] info     | ProxyClient.cpp    | create_subscriber        | subscriber created     | client_key: 0x00000001, subscriber_id: 0x80B(4), participant_id: 0x001(1)
[micro_ros_agent-1] [1789424385.601397] info     | ProxyClient.cpp    | create_datareader        | datareader created     | client_key: 0x00000001, datareader_id: 0x80B(6), subscriber_id: 0x80B(4)
[micro_ros_agent-1] [1789424385.604461] info     | ProxyClient.cpp    | create_topic             | topic created          | client_key: 0x00000001, topic_id: 0x80C(2), participant_id: 0x001(1)
[micro_ros_agent-1] [1789424385.604532] info     | ProxyClient.cpp    | create_subscriber        | subscriber created     | client_key: 0x00000001, subscriber_id: 0x80C(4), participant_id: 0x001(1)
[micro_ros_agent-1] [1789424385.605567] info     | ProxyClient.cpp    | create_datareader        | datareader created     | client_key: 0x00000001, datareader_id: 0x80C(6), subscriber_id: 0x80C(4)
[micro_ros_agent-1] [1789424385.608468] info     | ProxyClient.cpp    | create_topic             | topic created          | client_key: 0x00000001, topic_id: 0x80D(2), participant_id: 0x001(1)
[micro_ros_agent-1] [1789424385.608541] info     | ProxyClient.cpp    | create_subscriber        | subscriber created     | client_key: 0x00000001, subscriber_id: 0x80D(4), participant_id: 0x001(1)
[micro_ros_agent-1] [1789424385.609413] info     | ProxyClient.cpp    | create_datareader        | datareader created     | client_key: 0x00000001, datareader_id: 0x80D(6), subscriber_id: 0x80D(4)
[micro_ros_agent-1] [1789424385.612826] info     | ProxyClient.cpp    | create_topic             | topic created          | client_key: 0x00000001, topic_id: 0x80E(2), participant_id: 0x001(1)
[micro_ros_agent-1] [1789424385.612897] info     | ProxyClient.cpp    | create_subscriber        | subscriber created     | client_key: 0x00000001, subscriber_id: 0x80E(4), participant_id: 0x001(1)
[micro_ros_agent-1] [1789424385.613884] info     | ProxyClient.cpp    | create_datareader        | datareader created     | client_key: 0x00000001, datareader_id: 0x80E(6), subscriber_id: 0x80E(4)
[micro_ros_agent-1] [1789424385.617094] info     | ProxyClient.cpp    | create_topic             | topic created          | client_key: 0x00000001, topic_id: 0x80F(2), participant_id: 0x001(1)
[micro_ros_agent-1] [1789424385.617161] info     | ProxyClient.cpp    | create_subscriber        | subscriber created     | client_key: 0x00000001, subscriber_id: 0x80F(4), participant_id: 0x001(1)
[micro_ros_agent-1] [1789424385.618930] info     | ProxyClient.cpp    | create_datareader        | datareader created     | client_key: 0x00000001, datareader_id: 0x80F(6), subscriber_id: 0x80F(4)
[micro_ros_agent-1] [1789424385.622258] info     | ProxyClient.cpp    | create_topic             | topic created          | client_key: 0x00000001, topic_id: 0x810(2), participant_id: 0x001(1)
[micro_ros_agent-1] [1789424385.622346] info     | ProxyClient.cpp    | create_subscriber        | subscriber created     | client_key: 0x00000001, subscriber_id: 0x810(4), participant_id: 0x001(1)
[micro_ros_agent-1] [1789424385.623255] info     | ProxyClient.cpp    | create_datareader        | datareader created     | client_key: 0x00000001, datareader_id: 0x810(6), subscriber_id: 0x810(4)
[micro_ros_agent-1] [1789424385.626252] info     | ProxyClient.cpp    | create_topic             | topic created          | client_key: 0x00000001, topic_id: 0x811(2), participant_id: 0x001(1)
[micro_ros_agent-1] [1789424385.626349] info     | ProxyClient.cpp    | create_subscriber        | subscriber created     | client_key: 0x00000001, subscriber_id: 0x811(4), participant_id: 0x001(1)
[micro_ros_agent-1] [1789424385.627226] info     | ProxyClient.cpp    | create_datareader        | datareader created     | client_key: 0x00000001, datareader_id: 0x811(6), subscriber_id: 0x811(4)
[micro_ros_agent-1] [1789424385.630959] info     | ProxyClient.cpp    | create_topic             | topic created          | client_key: 0x00000001, topic_id: 0x812(2), participant_id: 0x001(1)
[micro_ros_agent-1] [1789424385.631032] info     | ProxyClient.cpp    | create_subscriber        | subscriber created     | client_key: 0x00000001, subscriber_id: 0x812(4), participant_id: 0x001(1)
[micro_ros_agent-1] [1789424385.632028] info     | ProxyClient.cpp    | create_datareader        | datareader created     | client_key: 0x00000001, datareader_id: 0x812(6), subscriber_id: 0x812(4)
[micro_ros_agent-1] [1789424385.634953] info     | ProxyClient.cpp    | create_topic             | topic created          | client_key: 0x00000001, topic_id: 0x813(2), participant_id: 0x001(1)
[micro_ros_agent-1] [1789424385.635031] info     | ProxyClient.cpp    | create_subscriber        | subscriber created     | client_key: 0x00000001, subscriber_id: 0x813(4), participant_id: 0x001(1)
[micro_ros_agent-1] [1789424385.635740] info     | ProxyClient.cpp    | create_datareader        | datareader created     | client_key: 0x00000001, datareader_id: 0x813(6), subscriber_id: 0x813(4)
[micro_ros_agent-1] [1789424385.639204] info     | ProxyClient.cpp    | create_topic             | topic created          | client_key: 0x00000001, topic_id: 0x814(2), participant_id: 0x001(1)
[micro_ros_agent-1] [1789424385.639277] info     | ProxyClient.cpp    | create_subscriber        | subscriber created     | client_key: 0x00000001, subscriber_id: 0x814(4), participant_id: 0x001(1)
[micro_ros_agent-1] [1789424385.640042] info     | ProxyClient.cpp    | create_datareader        | datareader created     | client_key: 0x00000001, datareader_id: 0x814(6), subscriber_id: 0x814(4)
[micro_ros_agent-1] [1789424385.643149] info     | ProxyClient.cpp    | create_topic             | topic created          | client_key: 0x00000001, topic_id: 0x815(2), participant_id: 0x001(1)
[micro_ros_agent-1] [1789424385.643225] info     | ProxyClient.cpp    | create_subscriber        | subscriber created     | client_key: 0x00000001, subscriber_id: 0x815(4), participant_id: 0x001(1)
[micro_ros_agent-1] [1789424385.644095] info     | ProxyClient.cpp    | create_datareader        | datareader created     | client_key: 0x00000001, datareader_id: 0x815(6), subscriber_id: 0x815(4)
[micro_ros_agent-1] [1789424385.647210] info     | ProxyClient.cpp    | create_topic             | topic created          | client_key: 0x00000001, topic_id: 0x816(2), participant_id: 0x001(1)
[micro_ros_agent-1] [1789424385.647280] info     | ProxyClient.cpp    | create_subscriber        | subscriber created     | client_key: 0x00000001, subscriber_id: 0x816(4), participant_id: 0x001(1)
[micro_ros_agent-1] [1789424385.648235] info     | ProxyClient.cpp    | create_datareader        | datareader created     | client_key: 0x00000001, datareader_id: 0x816(6), subscriber_id: 0x816(4)
[micro_ros_agent-1] [1789424385.651919] info     | ProxyClient.cpp    | create_topic             | topic created          | client_key: 0x00000001, topic_id: 0x817(2), participant_id: 0x001(1)
[micro_ros_agent-1] [1789424385.651990] info     | ProxyClient.cpp    | create_subscriber        | subscriber created     | client_key: 0x00000001, subscriber_id: 0x817(4), participant_id: 0x001(1)
[micro_ros_agent-1] [1789424385.653002] info     | ProxyClient.cpp    | create_datareader        | datareader created     | client_key: 0x00000001, datareader_id: 0x817(6), subscriber_id: 0x817(4)
[micro_ros_agent-1] [1789424385.656531] info     | ProxyClient.cpp    | create_topic             | topic created          | client_key: 0x00000001, topic_id: 0x818(2), participant_id: 0x001(1)
[micro_ros_agent-1] [1789424385.656663] info     | ProxyClient.cpp    | create_subscriber        | subscriber created     | client_key: 0x00000001, subscriber_id: 0x818(4), participant_id: 0x001(1)
[micro_ros_agent-1] [1789424385.658061] info     | ProxyClient.cpp    | create_datareader        | datareader created     | client_key: 0x00000001, datareader_id: 0x818(6), subscriber_id: 0x818(4)
[micro_ros_agent-1] [1789424385.660900] info     | ProxyClient.cpp    | create_topic             | topic created          | client_key: 0x00000001, topic_id: 0x819(2), participant_id: 0x001(1)
[micro_ros_agent-1] [1789424385.661004] info     | ProxyClient.cpp    | create_subscriber        | subscriber created     | client_key: 0x00000001, subscriber_id: 0x819(4), participant_id: 0x001(1)
[micro_ros_agent-1] [1789424385.661833] info     | ProxyClient.cpp    | create_datareader        | datareader created     | client_key: 0x00000001, datareader_id: 0x819(6), subscriber_id: 0x819(4)
[micro_ros_agent-1] [1789424385.665190] info     | ProxyClient.cpp    | create_topic             | topic created          | client_key: 0x00000001, topic_id: 0x81A(2), participant_id: 0x001(1)
[micro_ros_agent-1] [1789424385.665306] info     | ProxyClient.cpp    | create_subscriber        | subscriber created     | client_key: 0x00000001, subscriber_id: 0x81A(4), participant_id: 0x001(1)
[micro_ros_agent-1] [1789424385.666310] info     | ProxyClient.cpp    | create_datareader        | datareader created     | client_key: 0x00000001, datareader_id: 0x81A(6), subscriber_id: 0x81A(4)
[micro_ros_agent-1] [1789424385.669693] info     | ProxyClient.cpp    | create_topic             | topic created          | client_key: 0x00000001, topic_id: 0x81B(2), participant_id: 0x001(1)
[micro_ros_agent-1] [1789424385.669793] info     | ProxyClient.cpp    | create_subscriber        | subscriber created     | client_key: 0x00000001, subscriber_id: 0x81B(4), participant_id: 0x001(1)
[micro_ros_agent-1] [1789424385.671309] info     | ProxyClient.cpp    | create_datareader        | datareader created     | client_key: 0x00000001, datareader_id: 0x81B(6), subscriber_id: 0x81B(4)
[micro_ros_agent-1] [1789424385.674534] info     | ProxyClient.cpp    | create_topic             | topic created          | client_key: 0x00000001, topic_id: 0x81C(2), participant_id: 0x001(1)
[micro_ros_agent-1] [1789424385.674604] info     | ProxyClient.cpp    | create_subscriber        | subscriber created     | client_key: 0x00000001, subscriber_id: 0x81C(4), participant_id: 0x001(1)
[micro_ros_agent-1] [1789424385.675415] info     | ProxyClient.cpp    | create_datareader        | datareader created     | client_key: 0x00000001, datareader_id: 0x81C(6), subscriber_id: 0x81C(4)
[micro_ros_agent-1] [1789424385.678921] info     | ProxyClient.cpp    | create_topic             | topic created          | client_key: 0x00000001, topic_id: 0x81D(2), participant_id: 0x001(1)
[micro_ros_agent-1] [1789424385.679060] info     | ProxyClient.cpp    | create_subscriber        | subscriber created     | client_key: 0x00000001, subscriber_id: 0x81D(4), participant_id: 0x001(1)
[micro_ros_agent-1] [1789424385.679876] info     | ProxyClient.cpp    | create_datareader        | datareader created     | client_key: 0x00000001, datareader_id: 0x81D(6), subscriber_id: 0x81D(4)
[micro_ros_agent-1] [1789424385.683023] info     | ProxyClient.cpp    | create_topic             | topic created          | client_key: 0x00000001, topic_id: 0x81E(2), participant_id: 0x001(1)
[micro_ros_agent-1] [1789424385.683089] info     | ProxyClient.cpp    | create_subscriber        | subscriber created     | client_key: 0x00000001, subscriber_id: 0x81E(4), participant_id: 0x001(1)
[micro_ros_agent-1] [1789424385.683910] info     | ProxyClient.cpp    | create_datareader        | datareader created     | client_key: 0x00000001, datareader_id: 0x81E(6), subscriber_id: 0x81E(4)
[micro_ros_agent-1] [1789424385.687819] info     | ProxyClient.cpp    | create_topic             | topic created          | client_key: 0x00000001, topic_id: 0x81F(2), participant_id: 0x001(1)
[micro_ros_agent-1] [1789424385.687946] info     | ProxyClient.cpp    | create_subscriber        | subscriber created     | client_key: 0x00000001, subscriber_id: 0x81F(4), participant_id: 0x001(1)
[micro_ros_agent-1] [1789424385.688716] info     | ProxyClient.cpp    | create_datareader        | datareader created     | client_key: 0x00000001, datareader_id: 0x81F(6), subscriber_id: 0x81F(4)
[micro_ros_agent-1] [1789424385.691926] info     | ProxyClient.cpp    | create_topic             | topic created          | client_key: 0x00000001, topic_id: 0x820(2), participant_id: 0x001(1)
[micro_ros_agent-1] [1789424385.692022] info     | ProxyClient.cpp    | create_subscriber        | subscriber created     | client_key: 0x00000001, subscriber_id: 0x820(4), participant_id: 0x001(1)
[micro_ros_agent-1] [1789424385.692759] info     | ProxyClient.cpp    | create_datareader        | datareader created     | client_key: 0x00000001, datareader_id: 0x820(6), subscriber_id: 0x820(4)
[micro_ros_agent-1] [1789424385.696582] info     | ProxyClient.cpp    | create_topic             | topic created          | client_key: 0x00000001, topic_id: 0x821(2), participant_id: 0x001(1)
[micro_ros_agent-1] [1789424385.696648] info     | ProxyClient.cpp    | create_subscriber        | subscriber created     | client_key: 0x00000001, subscriber_id: 0x821(4), participant_id: 0x001(1)
[micro_ros_agent-1] [1789424385.697585] info     | ProxyClient.cpp    | create_datareader        | datareader created     | client_key: 0x00000001, datareader_id: 0x821(6), subscriber_id: 0x821(4)
[micro_ros_agent-1] [1789424385.700727] info     | ProxyClient.cpp    | create_topic             | topic created          | client_key: 0x00000001, topic_id: 0x822(2), participant_id: 0x001(1)
[micro_ros_agent-1] [1789424385.700817] info     | ProxyClient.cpp    | create_subscriber        | subscriber created     | client_key: 0x00000001, subscriber_id: 0x822(4), participant_id: 0x001(1)
[micro_ros_agent-1] [1789424385.701760] info     | ProxyClient.cpp    | create_datareader        | datareader created     | client_key: 0x00000001, datareader_id: 0x822(6), subscriber_id: 0x822(4)
[micro_ros_agent-1] [1789424385.704746] info     | ProxyClient.cpp    | create_topic             | topic created          | client_key: 0x00000001, topic_id: 0x823(2), participant_id: 0x001(1)
[micro_ros_agent-1] [1789424385.704857] info     | ProxyClient.cpp    | create_subscriber        | subscriber created     | client_key: 0x00000001, subscriber_id: 0x823(4), participant_id: 0x001(1)
[micro_ros_agent-1] [1789424385.705932] info     | ProxyClient.cpp    | create_datareader        | datareader created     | client_key: 0x00000001, datareader_id: 0x823(6), subscriber_id: 0x823(4)
[micro_ros_agent-1] [1789424385.708884] info     | ProxyClient.cpp    | create_topic             | topic created          | client_key: 0x00000001, topic_id: 0x824(2), participant_id: 0x001(1)
[micro_ros_agent-1] [1789424385.708980] info     | ProxyClient.cpp    | create_subscriber        | subscriber created     | client_key: 0x00000001, subscriber_id: 0x824(4), participant_id: 0x001(1)
[micro_ros_agent-1] [1789424385.709759] info     | ProxyClient.cpp    | create_datareader        | datareader created     | client_key: 0x00000001, datareader_id: 0x824(6), subscriber_id: 0x824(4)
[micro_ros_agent-1] [1789424385.712825] info     | ProxyClient.cpp    | create_topic             | topic created          | client_key: 0x00000001, topic_id: 0x825(2), participant_id: 0x001(1)
[micro_ros_agent-1] [1789424385.712927] info     | ProxyClient.cpp    | create_subscriber        | subscriber created     | client_key: 0x00000001, subscriber_id: 0x825(4), participant_id: 0x001(1)
[micro_ros_agent-1] [1789424385.713862] info     | ProxyClient.cpp    | create_datareader        | datareader created     | client_key: 0x00000001, datareader_id: 0x825(6), subscriber_id: 0x825(4)
[micro_ros_agent-1] [1789424385.717079] info     | ProxyClient.cpp    | create_topic             | topic created          | client_key: 0x00000001, topic_id: 0x0CD(2), participant_id: 0x001(1)
[micro_ros_agent-1] [1789424385.717200] info     | ProxyClient.cpp    | create_publisher         | publisher created      | client_key: 0x00000001, publisher_id: 0x0CD(3), participant_id: 0x001(1)
[micro_ros_agent-1] [1789424385.718492] info     | ProxyClient.cpp    | create_datawriter        | datawriter created     | client_key: 0x00000001, datawriter_id: 0x0CD(5), publisher_id: 0x0CD(3)
[micro_ros_agent-1] [1789424385.721431] info     | ProxyClient.cpp    | create_topic             | topic created          | client_key: 0x00000001, topic_id: 0x010(2), participant_id: 0x001(1)
[micro_ros_agent-1] [1789424385.721649] info     | ProxyClient.cpp    | create_publisher         | publisher created      | client_key: 0x00000001, publisher_id: 0x010(3), participant_id: 0x001(1)
[micro_ros_agent-1] [1789424385.722917] info     | ProxyClient.cpp    | create_datawriter        | datawriter created     | client_key: 0x00000001, datawriter_id: 0x010(5), publisher_id: 0x010(3)
[micro_ros_agent-1] [1789424385.725979] info     | ProxyClient.cpp    | create_topic             | topic created          | client_key: 0x00000001, topic_id: 0x09D(2), participant_id: 0x001(1)
[micro_ros_agent-1] [1789424385.726043] info     | ProxyClient.cpp    | create_publisher         | publisher created      | client_key: 0x00000001, publisher_id: 0x09D(3), participant_id: 0x001(1)
[micro_ros_agent-1] [1789424385.727161] info     | ProxyClient.cpp    | create_datawriter        | datawriter created     | client_key: 0x00000001, datawriter_id: 0x09D(5), publisher_id: 0x09D(3)
[micro_ros_agent-1] [1789424385.729738] info     | ProxyClient.cpp    | create_topic             | topic created          | client_key: 0x00000001, topic_id: 0x014(2), participant_id: 0x001(1)
[micro_ros_agent-1] [1789424385.729831] info     | ProxyClient.cpp    | create_publisher         | publisher created      | client_key: 0x00000001, publisher_id: 0x014(3), participant_id: 0x001(1)
[micro_ros_agent-1] [1789424385.730837] info     | ProxyClient.cpp    | create_datawriter        | datawriter created     | client_key: 0x00000001, datawriter_id: 0x014(5), publisher_id: 0x014(3)
[micro_ros_agent-1] [1789424385.733730] info     | ProxyClient.cpp    | create_topic             | topic created          | client_key: 0x00000001, topic_id: 0x01B(2), participant_id: 0x001(1)
[micro_ros_agent-1] [1789424385.733823] info     | ProxyClient.cpp    | create_publisher         | publisher created      | client_key: 0x00000001, publisher_id: 0x01B(3), participant_id: 0x001(1)
[micro_ros_agent-1] [1789424385.734698] info     | ProxyClient.cpp    | create_datawriter        | datawriter created     | client_key: 0x00000001, datawriter_id: 0x01B(5), publisher_id: 0x01B(3)
[micro_ros_agent-1] [1789424385.737690] info     | ProxyClient.cpp    | create_topic             | topic created          | client_key: 0x00000001, topic_id: 0x055(2), participant_id: 0x001(1)
[micro_ros_agent-1] [1789424385.737755] info     | ProxyClient.cpp    | create_publisher         | publisher created      | client_key: 0x00000001, publisher_id: 0x055(3), participant_id: 0x001(1)
[micro_ros_agent-1] [1789424385.738609] info     | ProxyClient.cpp    | create_datawriter        | datawriter created     | client_key: 0x00000001, datawriter_id: 0x055(5), publisher_id: 0x055(3)
[micro_ros_agent-1] [1789424385.741687] info     | ProxyClient.cpp    | create_topic             | topic created          | client_key: 0x00000001, topic_id: 0x05B(2), participant_id: 0x001(1)
[micro_ros_agent-1] [1789424385.741780] info     | ProxyClient.cpp    | create_publisher         | publisher created      | client_key: 0x00000001, publisher_id: 0x05B(3), participant_id: 0x001(1)
[micro_ros_agent-1] [1789424385.742634] info     | ProxyClient.cpp    | create_datawriter        | datawriter created     | client_key: 0x00000001, datawriter_id: 0x05B(5), publisher_id: 0x05B(3)
[micro_ros_agent-1] [1789424385.745658] info     | ProxyClient.cpp    | create_topic             | topic created          | client_key: 0x00000001, topic_id: 0x094(2), participant_id: 0x001(1)
[micro_ros_agent-1] [1789424385.745759] info     | ProxyClient.cpp    | create_publisher         | publisher created      | client_key: 0x00000001, publisher_id: 0x094(3), participant_id: 0x001(1)
[micro_ros_agent-1] [1789424385.746358] info     | ProxyClient.cpp    | create_datawriter        | datawriter created     | client_key: 0x00000001, datawriter_id: 0x094(5), publisher_id: 0x094(3)
[micro_ros_agent-1] [1789424385.749990] info     | ProxyClient.cpp    | create_topic             | topic created          | client_key: 0x00000001, topic_id: 0x09A(2), participant_id: 0x001(1)
[micro_ros_agent-1] [1789424385.750087] info     | ProxyClient.cpp    | create_publisher         | publisher created      | client_key: 0x00000001, publisher_id: 0x09A(3), participant_id: 0x001(1)
[micro_ros_agent-1] [1789424385.750885] info     | ProxyClient.cpp    | create_datawriter        | datawriter created     | client_key: 0x00000001, datawriter_id: 0x09A(5), publisher_id: 0x09A(3)
[micro_ros_agent-1] [1789424385.754179] info     | ProxyClient.cpp    | create_topic             | topic created          | client_key: 0x00000001, topic_id: 0x0C0(2), participant_id: 0x001(1)
[micro_ros_agent-1] [1789424385.754309] info     | ProxyClient.cpp    | create_publisher         | publisher created      | client_key: 0x00000001, publisher_id: 0x0C0(3), participant_id: 0x001(1)
[micro_ros_agent-1] [1789424385.756464] info     | ProxyClient.cpp    | create_datawriter        | datawriter created     | client_key: 0x00000001, datawriter_id: 0x0C0(5), publisher_id: 0x0C0(3)
[micro_ros_agent-1] [1789424385.759407] info     | ProxyClient.cpp    | create_topic             | topic created          | client_key: 0x00000001, topic_id: 0x0E1(2), participant_id: 0x001(1)
[micro_ros_agent-1] [1789424385.759513] info     | ProxyClient.cpp    | create_publisher         | publisher created      | client_key: 0x00000001, publisher_id: 0x0E1(3), participant_id: 0x001(1)
[micro_ros_agent-1] [1789424385.760679] info     | ProxyClient.cpp    | create_datawriter        | datawriter created     | client_key: 0x00000001, datawriter_id: 0x0E1(5), publisher_id: 0x0E1(3)
[micro_ros_agent-1] [1789424385.763570] info     | ProxyClient.cpp    | create_topic             | topic created          | client_key: 0x00000001, topic_id: 0x0F9(2), participant_id: 0x001(1)
[micro_ros_agent-1] [1789424385.763680] info     | ProxyClient.cpp    | create_publisher         | publisher created      | client_key: 0x00000001, publisher_id: 0x0F9(3), participant_id: 0x001(1)
[micro_ros_agent-1] [1789424385.764640] info     | ProxyClient.cpp    | create_datawriter        | datawriter created     | client_key: 0x00000001, datawriter_id: 0x0F9(5), publisher_id: 0x0F9(3)
[micro_ros_agent-1] [1789424385.768511] info     | ProxyClient.cpp    | create_topic             | topic created          | client_key: 0x00000001, topic_id: 0x0FC(2), participant_id: 0x001(1)
[micro_ros_agent-1] [1789424385.768614] info     | ProxyClient.cpp    | create_publisher         | publisher created      | client_key: 0x00000001, publisher_id: 0x0FC(3), participant_id: 0x001(1)
[micro_ros_agent-1] [1789424385.769439] info     | ProxyClient.cpp    | create_datawriter        | datawriter created     | client_key: 0x00000001, datawriter_id: 0x0FC(5), publisher_id: 0x0FC(3)
[micro_ros_agent-1] [1789424385.772553] info     | ProxyClient.cpp    | create_topic             | topic created          | client_key: 0x00000001, topic_id: 0x115(2), participant_id: 0x001(1)
[micro_ros_agent-1] [1789424385.772637] info     | ProxyClient.cpp    | create_publisher         | publisher created      | client_key: 0x00000001, publisher_id: 0x115(3), participant_id: 0x001(1)
[micro_ros_agent-1] [1789424385.778820] info     | ProxyClient.cpp    | create_datawriter        | datawriter created     | client_key: 0x00000001, datawriter_id: 0x115(5), publisher_id: 0x115(3)
[micro_ros_agent-1] [1789424385.781694] info     | ProxyClient.cpp    | create_topic             | topic created          | client_key: 0x00000001, topic_id: 0x108(2), participant_id: 0x001(1)
[micro_ros_agent-1] [1789424385.781769] info     | ProxyClient.cpp    | create_publisher         | publisher created      | client_key: 0x00000001, publisher_id: 0x108(3), participant_id: 0x001(1)
[micro_ros_agent-1] [1789424385.782533] info     | ProxyClient.cpp    | create_datawriter        | datawriter created     | client_key: 0x00000001, datawriter_id: 0x108(5), publisher_id: 0x108(3)
[micro_ros_agent-1] [1789424385.786053] info     | ProxyClient.cpp    | create_topic             | topic created          | client_key: 0x00000001, topic_id: 0x10F(2), participant_id: 0x001(1)
[micro_ros_agent-1] [1789424385.786121] info     | ProxyClient.cpp    | create_publisher         | publisher created      | client_key: 0x00000001, publisher_id: 0x10F(3), participant_id: 0x001(1)
[micro_ros_agent-1] [1789424385.786733] info     | ProxyClient.cpp    | create_datawriter        | datawriter created     | client_key: 0x00000001, datawriter_id: 0x10F(5), publisher_id: 0x10F(3)
[micro_ros_agent-1] [1789424385.810551] info     | ProxyClient.cpp    | create_topic             | topic created          | client_key: 0x00000001, topic_id: 0x10C(2), participant_id: 0x001(1)
[micro_ros_agent-1] [1789424385.810667] info     | ProxyClient.cpp    | create_publisher         | publisher created      | client_key: 0x00000001, publisher_id: 0x10C(3), participant_id: 0x001(1)
[micro_ros_agent-1] [1789424385.811637] info     | ProxyClient.cpp    | create_datawriter        | datawriter created     | client_key: 0x00000001, datawriter_id: 0x10C(5), publisher_id: 0x10C(3)
[micro_ros_agent-1] [1789424385.814749] info     | ProxyClient.cpp    | create_topic             | topic created          | client_key: 0x00000001, topic_id: 0x110(2), participant_id: 0x001(1)
[micro_ros_agent-1] [1789424385.814846] info     | ProxyClient.cpp    | create_publisher         | publisher created      | client_key: 0x00000001, publisher_id: 0x110(3), participant_id: 0x001(1)
[micro_ros_agent-1] [1789424385.815463] info     | ProxyClient.cpp    | create_datawriter        | datawriter created     | client_key: 0x00000001, datawriter_id: 0x110(5), publisher_id: 0x110(3)
[micro_ros_agent-1] [1789424385.818312] info     | ProxyClient.cpp    | create_topic             | topic created          | client_key: 0x00000001, topic_id: 0x112(2), participant_id: 0x001(1)
[micro_ros_agent-1] [1789424385.818379] info     | ProxyClient.cpp    | create_publisher         | publisher created      | client_key: 0x00000001, publisher_id: 0x112(3), participant_id: 0x001(1)
[micro_ros_agent-1] [1789424385.819074] info     | ProxyClient.cpp    | create_datawriter        | datawriter created     | client_key: 0x00000001, datawriter_id: 0x112(5), publisher_id: 0x112(3)
[micro_ros_agent-1] [1789424385.822716] info     | ProxyClient.cpp    | create_topic             | topic created          | client_key: 0x00000001, topic_id: 0x116(2), participant_id: 0x001(1)
[micro_ros_agent-1] [1789424385.822817] info     | ProxyClient.cpp    | create_publisher         | publisher created      | client_key: 0x00000001, publisher_id: 0x116(3), participant_id: 0x001(1)
[micro_ros_agent-1] [1789424385.823603] info     | ProxyClient.cpp    | create_datawriter        | datawriter created     | client_key: 0x00000001, datawriter_id: 0x116(5), publisher_id: 0x116(3)
[micro_ros_agent-1] [1789424386.000061] info     | ProxyClient.cpp    | create_topic             | topic created          | client_key: 0x00000001, topic_id: 0x11B(2), participant_id: 0x001(1)
[micro_ros_agent-1] [1789424386.000208] info     | ProxyClient.cpp    | create_publisher         | publisher created      | client_key: 0x00000001, publisher_id: 0x11B(3), participant_id: 0x001(1)
[micro_ros_agent-1] [1789424386.001760] info     | ProxyClient.cpp    | create_datawriter        | datawriter created     | client_key: 0x00000001, datawriter_id: 0x11B(5), publisher_id: 0x11B(3)
[micro_ros_agent-1] [1789424386.004923] info     | ProxyClient.cpp    | create_topic             | topic created          | client_key: 0x00000001, topic_id: 0x120(2), participant_id: 0x001(1)
[micro_ros_agent-1] [1789424386.005013] info     | ProxyClient.cpp    | create_publisher         | publisher created      | client_key: 0x00000001, publisher_id: 0x120(3), participant_id: 0x001(1)
[micro_ros_agent-1] [1789424386.006463] info     | ProxyClient.cpp    | create_datawriter        | datawriter created     | client_key: 0x00000001, datawriter_id: 0x120(5), publisher_id: 0x120(3)
[micro_ros_agent-1] [1789424386.009778] info     | ProxyClient.cpp    | create_topic             | topic created          | client_key: 0x00000001, topic_id: 0x00D(2), participant_id: 0x001(1)
[micro_ros_agent-1] [1789424386.009890] info     | ProxyClient.cpp    | create_publisher         | publisher created      | client_key: 0x00000001, publisher_id: 0x00D(3), participant_id: 0x001(1)
[micro_ros_agent-1] [1789424386.010959] info     | ProxyClient.cpp    | create_datawriter        | datawriter created     | client_key: 0x00000001, datawriter_id: 0x00D(5), publisher_id: 0x00D(3)
[micro_ros_agent-1] [1789424386.013863] info     | ProxyClient.cpp    | create_topic             | topic created          | client_key: 0x00000001, topic_id: 0x129(2), participant_id: 0x001(1)
[micro_ros_agent-1] [1789424386.013943] info     | ProxyClient.cpp    | create_publisher         | publisher created      | client_key: 0x00000001, publisher_id: 0x129(3), participant_id: 0x001(1)
[micro_ros_agent-1] [1789424386.014972] info     | ProxyClient.cpp    | create_datawriter        | datawriter created     | client_key: 0x00000001, datawriter_id: 0x129(5), publisher_id: 0x129(3)
[micro_ros_agent-1] [1789424386.018037] info     | ProxyClient.cpp    | create_topic             | topic created          | client_key: 0x00000001, topic_id: 0x080(2), participant_id: 0x001(1)
[micro_ros_agent-1] [1789424386.018112] info     | ProxyClient.cpp    | create_publisher         | publisher created      | client_key: 0x00000001, publisher_id: 0x080(3), participant_id: 0x001(1)
[micro_ros_agent-1] [1789424386.018982] info     | ProxyClient.cpp    | create_datawriter        | datawriter created     | client_key: 0x00000001, datawriter_id: 0x080(5), publisher_id: 0x080(3)
[micro_ros_agent-1] [1789424386.021558] info     | ProxyClient.cpp    | create_topic             | topic created          | client_key: 0x00000001, topic_id: 0x12B(2), participant_id: 0x001(1)
[micro_ros_agent-1] [1789424386.021653] info     | ProxyClient.cpp    | create_publisher         | publisher created      | client_key: 0x00000001, publisher_id: 0x12B(3), participant_id: 0x001(1)
[micro_ros_agent-1] [1789424386.022867] info     | ProxyClient.cpp    | create_datawriter        | datawriter created     | client_key: 0x00000001, datawriter_id: 0x12B(5), publisher_id: 0x12B(3)
[micro_ros_agent-1] [1789424386.025917] info     | ProxyClient.cpp    | create_topic             | topic created          | client_key: 0x00000001, topic_id: 0x06E(2), participant_id: 0x001(1)
[micro_ros_agent-1] [1789424386.025991] info     | ProxyClient.cpp    | create_publisher         | publisher created      | client_key: 0x00000001, publisher_id: 0x06E(3), participant_id: 0x001(1)
[micro_ros_agent-1] [1789424386.026652] info     | ProxyClient.cpp    | create_datawriter        | datawriter created     | client_key: 0x00000001, datawriter_id: 0x06E(5), publisher_id: 0x06E(3)
[micro_ros_agent-1] [1789424386.032728] info     | ProxyClient.cpp    | create_replier           | replier created        | client_key: 0x00000001, requester_id: 0x800(7), participant_id: 0x001(1)
[window_detect-4] [WARN] [1789424386.188336127] [window_detect]: No frames on /zed/zed_node/rgb/color/rect/image yet. Is zed_wrapper running? Check `ros2 topic list | grep zed`.
[window_detect-4] [INFO] [1789424386.512028796] [window_detect]: CameraInfo from /zed/zed_node/rgb/color/rect/camera_info: fx=703.6 fy=703.6 cx=591.7 cy=375.7 (1280x720). /window_geometry angles are now metric.
[window_detect-4] [INFO] [1789424386.567747270] [window_detect]: First frame from /zed/zed_node/rgb/color/rect/image: 1280x720.
[window_detect-4] [INFO] [1789424386.643609498] [window_detect]: window: no   (streak 0 misses, 1 frames processed, 0 skipped by max_fps=10)
[window_detect-4] [WARN] [1789424386.817074731] [window_detect]: WINDOW DETECTED  (centre=(624,211) offset=-0.03 area=460px dist=3.28m)
[window_detect-4] [INFO] [1789424387.740954281] [window_detect]: window: YES  centre=(624,211) offset=-0.03 area=460px dist=3.30m
[window_detect-4] [INFO] [1789424388.861576006] [window_detect]: window: YES  centre=(624,212) offset=-0.03 area=459px dist=3.19m
[window_detect-4] [INFO] [1789424389.914261298] [window_detect]: window: YES  centre=(624,211) offset=-0.03 area=464px dist=3.15m
[INFO] [course_fsm-5]: process started with pid [4026]
[window_detect-4] [INFO] [1789424390.927641150] [window_detect]: window: YES  centre=(624,211) offset=-0.03 area=614px dist=3.23m
[course_fsm-5] [INFO] [1789424392.012975419] [course_fsm]: Airframe: 0.260 m tall, 0.260 m wide, extending 0.160 m below and 0.100 m above the commanded point. A window must measure at least 0.32 x 0.32 m to be flown.
[course_fsm-5] [WARN] [1789424392.018121164] [course_fsm]: stdin is not a tty; q/k abort is unavailable.
[course_fsm-5] [WARN] [1789424392.024105426] [course_fsm]: Window traversal on ARK FLOW: climb 1.20 m, hold 5 s, sweep +/-10 deg for the window, lock, line up 1.60 m in front of it and fly through to 0.50 m beyond, then land. Approach 0.30 m/s, traverse 0.45 m/s. Hard limit 240 s from the start of the climb. Press q to abort into a descent, k to force-disarm.
[window_detect-4] [INFO] [1789424392.025443648] [window_detect]: window: YES  centre=(624,211) offset=-0.03 area=610px dist=3.17m
[course_fsm-5] [WARN] [1789424392.029988451] [course_fsm]: COURSE: window, then OVER the red bar (1.98 m, cross at 2.41 m), then UNDER the blue bar (0.80 m, cross at 0.48 m), then land 0.80 m past it. Gaps 1.00 / 1.00 m; every vertical move happens at a gap midpoint. Bars are flown on the known geometry along the window's traverse line. READY.
[course_fsm-5] [INFO] [1789424392.380569045] [course_fsm]: Waiting for VehicleStatus from PX4...
[course_fsm-5] [INFO] [1789424392.407447781] [course_fsm]: RNG still not fused (0.4 s): stage PREPARATION, alt n/a m. dist_bottom=0.15 m (valid=False), no estimator_status_flags
[course_fsm-5] [ERROR] [1789424392.410696292] [course_fsm]: Not arming: rangefinder unusable: dist_bottom_valid is false and /fmu/out/estimator_status_flags is not being published, so there is no second opinion.
[course_fsm-5] [INFO] [1789424392.411101780] [course_fsm]: nav_state -> MANUAL(0)
[course_fsm-5] [INFO] [1789424392.415059586] [course_fsm]: alt=n/a airborne=False xy_valid=True z_valid=True | dist_bottom=0.15 m rng_ok=False vz=-0.00 m/s landed=True | xy=VEL-HOLD flow_ok=False vxy=(-0.00,-0.00) | hdg=+0 deg yaw_sp=+0 deg
[course_fsm-5] [INFO] [1789424392.415744009] [course_fsm]: PX4 failsafe (expected on this airframe, harmless): gcs_connection_lost, home_position_invalid
[course_fsm-5] [INFO] [1789424392.423134408] [course_fsm]: window: no usable pose (0/6 fresh samples, 0 accepted ever, 0 truncated; rejections: corner depths disagree x1)
[course_fsm-5] [WARN] [1789424392.435279104] [course_fsm]: RNG FUSION BACK after 0.40 s (lost in PREPARATION): stage PREPARATION, alt n/a m. dist_bottom=0.15 m (valid=False) rng_hgt=True rng_terrain=False kin_consistent=True fault=False stuck=False
[window_detect-4] [INFO] [1789424393.121290712] [window_detect]: window: YES  centre=(624,211) offset=-0.03 area=608px dist=3.23m
[course_fsm-5] [INFO] [1789424393.446334627] [course_fsm]: alt=n/a airborne=False xy_valid=True z_valid=True | dist_bottom=0.15 m rng_ok=True vz=-0.00 m/s landed=True | xy=VEL-HOLD flow_ok=False vxy=(-0.00,-0.00) | hdg=+0 deg yaw_sp=+0 deg
[course_fsm-5] [INFO] [1789424393.693759704] [course_fsm]: Setpoint stream established, position estimate healthy.
[course_fsm-5] [INFO] [1789424393.739023779] [course_fsm]: Requesting Offboard mode...
[course_fsm-5] [INFO] [1789424393.768514234] [course_fsm]: nav_state -> OFFBOARD(14)
[course_fsm-5] [INFO] [1789424393.788039653] [course_fsm]: Offboard mode active.
[course_fsm-5] [INFO] [1789424393.999486044] [course_fsm]: Arming point captured: x=0.10 y=0.01 z=-0.15 yaw=+0 deg. 'forward' means this heading for the whole flight.
[course_fsm-5] [WARN] [1789424394.006542354] [course_fsm]: ARMED. Holding on the ground for 5 s.
[course_fsm-5] [INFO] [1789424394.034722153] [course_fsm]: Armed on the ground, 5.0 s to takeoff...
[window_detect-4] [INFO] [1789424394.152364972] [window_detect]: window: YES  centre=(624,211) offset=-0.03 area=612px dist=3.22m
[course_fsm-5] [INFO] [1789424394.445850085] [course_fsm]: window: no usable pose (0/6 fresh samples, 0 accepted ever, 0 truncated; rejections: corner depths disagree x20)
[course_fsm-5] [INFO] [1789424394.491763486] [course_fsm]: alt=-0.00 m airborne=False xy_valid=True z_valid=True | dist_bottom=0.15 m rng_ok=True vz=-0.00 m/s landed=True | xy=VEL-HOLD flow_ok=False vxy=(-0.01,+0.02) | hdg=+0 deg yaw_sp=+0 deg
[course_fsm-5] [INFO] [1789424395.042096201] [course_fsm]: Armed on the ground, 4.0 s to takeoff...
[window_detect-4] [INFO] [1789424395.275997513] [window_detect]: window: YES  centre=(624,211) offset=-0.03 area=465px dist=3.29m
[course_fsm-5] [INFO] [1789424395.535356432] [course_fsm]: alt=+0.00 m airborne=False xy_valid=True z_valid=True | dist_bottom=0.15 m rng_ok=True vz=-0.00 m/s landed=True | xy=VEL-HOLD flow_ok=False vxy=(-0.01,+0.02) | hdg=+0 deg yaw_sp=+0 deg
[course_fsm-5] [INFO] [1789424396.099624555] [course_fsm]: Armed on the ground, 2.9 s to takeoff...
[window_detect-4] [INFO] [1789424396.428412397] [window_detect]: window: YES  centre=(624,211) offset=-0.03 area=460px dist=3.20m
[course_fsm-5] [INFO] [1789424396.503964099] [course_fsm]: window: no usable pose (0/6 fresh samples, 0 accepted ever, 0 truncated; rejections: corner depths disagree x36)
[course_fsm-5] [INFO] [1789424396.540763951] [course_fsm]: alt=-0.00 m airborne=False xy_valid=True z_valid=True | dist_bottom=0.15 m rng_ok=True vz=+0.00 m/s landed=True | xy=VEL-HOLD flow_ok=False vxy=(+0.00,+0.01) | hdg=+0 deg yaw_sp=+0 deg
[course_fsm-5] [INFO] [1789424397.135659966] [course_fsm]: Armed on the ground, 1.9 s to takeoff...
[window_detect-4] [INFO] [1789424397.465039266] [window_detect]: window: YES  centre=(624,211) offset=-0.03 area=460px dist=2.94m
[course_fsm-5] [INFO] [1789424397.588606877] [course_fsm]: alt=-0.00 m airborne=False xy_valid=True z_valid=True | dist_bottom=0.15 m rng_ok=True vz=+0.00 m/s landed=True | xy=VEL-HOLD flow_ok=False vxy=(+0.00,+0.00) | hdg=-0 deg yaw_sp=+0 deg
[course_fsm-5] [INFO] [1789424398.136212645] [course_fsm]: Armed on the ground, 0.9 s to takeoff...
[window_detect-4] [INFO] [1789424398.489991787] [window_detect]: window: YES  centre=(624,211) offset=-0.03 area=610px dist=2.81m
[course_fsm-5] [INFO] [1789424398.538216872] [course_fsm]: window: no usable pose (0/6 fresh samples, 0 accepted ever, 0 truncated; rejections: corner depths disagree x52)
[course_fsm-5] [INFO] [1789424398.637222133] [course_fsm]: alt=-0.00 m airborne=False xy_valid=True z_valid=True | dist_bottom=0.15 m rng_ok=True vz=+0.00 m/s landed=True | xy=VEL-HOLD flow_ok=False vxy=(-0.00,-0.00) | hdg=-0 deg yaw_sp=+0 deg
[course_fsm-5] [WARN] [1789424399.042174521] [course_fsm]: Climbing to 1.20 m (datum z=-0.15).
[course_fsm-5] [WARN] [1789424399.094445983] [course_fsm]: Flight clock started: landing in 240 s.
[window_detect-4] [INFO] [1789424399.491916018] [window_detect]: window: YES  centre=(624,211) offset=-0.03 area=610px dist=3.15m
[course_fsm-5] [INFO] [1789424399.643303690] [course_fsm]: alt=+0.00 m airborne=False xy_valid=True z_valid=True | dist_bottom=0.15 m rng_ok=True vz=-0.01 m/s landed=True | xy=VEL-HOLD flow_ok=False vxy=(-0.00,+0.01) | hdg=-0 deg yaw_sp=+0 deg
[course_fsm-5] [INFO] [1789424400.546604343] [course_fsm]: window: no usable pose (0/6 fresh samples, 0 accepted ever, 0 truncated; rejections: corner depths disagree x67)
[window_detect-4] [INFO] [1789424400.587352095] [window_detect]: window: YES  centre=(625,211) offset=-0.02 area=616px dist=2.92m
[course_fsm-5] [INFO] [1789424400.684957927] [course_fsm]: alt=+0.13 m airborne=False xy_valid=True z_valid=True | dist_bottom=0.15 m rng_ok=True vz=-0.02 m/s landed=False | xy=VEL-HOLD flow_ok=False vxy=(+0.02,+0.04) | hdg=-0 deg yaw_sp=+0 deg
[window_detect-4] [INFO] [1789424401.654936024] [window_detect]: window: YES  centre=(624,210) offset=-0.02 area=466px dist=4.36m
[course_fsm-5] [INFO] [1789424401.686715520] [course_fsm]: alt=+0.18 m airborne=True xy_valid=True z_valid=True | dist_bottom=0.16 m rng_ok=True vz=-0.05 m/s landed=False | xy=VEL-HOLD flow_ok=False vxy=(+0.07,+0.12) | hdg=-0 deg yaw_sp=+0 deg
[course_fsm-5] [INFO] [1789424402.587712853] [course_fsm]: window: no usable pose (0/6 fresh samples, 0 accepted ever, 0 truncated; rejections: corner depths disagree x84)
[window_detect-4] [INFO] [1789424402.679405786] [window_detect]: window: YES  centre=(622,212) offset=-0.03 area=434px dist=3.94m
[course_fsm-5] [INFO] [1789424402.687170220] [course_fsm]: alt=+0.20 m airborne=True xy_valid=True z_valid=True | dist_bottom=0.18 m rng_ok=True vz=-0.12 m/s landed=False | xy=VEL-HOLD flow_ok=False vxy=(+0.00,+0.05) | hdg=+0 deg yaw_sp=+0 deg
[course_fsm-5] [INFO] [1789424403.690091710] [course_fsm]: alt=+0.26 m airborne=True xy_valid=True z_valid=True | dist_bottom=0.20 m rng_ok=True vz=-0.21 m/s landed=False | xy=VEL-HOLD flow_ok=False vxy=(+0.10,+0.08) | hdg=+4 deg yaw_sp=+0 deg
[window_detect-4] [INFO] [1789424403.717346226] [window_detect]: window: YES  centre=(580,226) offset=-0.09 area=584px dist=6.92m
[course_fsm-5] [INFO] [1789424404.638379783] [course_fsm]: window: window in sight but TRUNCATED (0 px to the frame edge, 4 such frames) -- not measurable until the whole aperture is in view
[course_fsm-5] [INFO] [1789424404.695711624] [course_fsm]: alt=+0.41 m airborne=True xy_valid=True z_valid=True | dist_bottom=0.34 m rng_ok=True vz=-0.33 m/s landed=False | xy=VEL-HOLD flow_ok=True vxy=(-0.24,+0.08) | hdg=+5 deg yaw_sp=+0 deg
[window_detect-4] [INFO] [1789424404.808200215] [window_detect]: window: YES  centre=(372,31) offset=-0.42 area=9164px dist=1.04m
[course_fsm-5] [INFO] [1789424405.489661011] [course_fsm]: Flow healthy: latching x/y hold at (0.03, 0.21).
[course_fsm-5] [WARN] [1789424405.494696199] [course_fsm]: Drifted 0.21 m during the climb; holding here rather than flying back to the arming point (takeoff_return_to_pad is false). If this number is large every flight, the drift is real: check SENS_FLOW_ROT, the flow mounting and the floor texture.
[course_fsm-5] [INFO] [1789424405.698217212] [course_fsm]: alt=+0.51 m airborne=True xy_valid=True z_valid=True | dist_bottom=0.46 m rng_ok=True vz=-0.26 m/s landed=False | xy=POS-HOLD flow_ok=True vxy=(+0.06,-0.03) | hdg=+3 deg yaw_sp=+0 deg
[window_detect-4] [INFO] [1789424405.941317532] [window_detect]: window: YES  centre=(371,74) offset=-0.42 area=56241px dist=6.13m
[course_fsm-5] [INFO] [1789424406.693022930] [course_fsm]: window: window in sight but TRUNCATED (0 px to the frame edge, 21 such frames) -- not measurable until the whole aperture is in view
[course_fsm-5] [INFO] [1789424406.736761952] [course_fsm]: alt=+0.68 m airborne=True xy_valid=True z_valid=True | dist_bottom=0.64 m rng_ok=True vz=-0.28 m/s landed=False | xy=POS-HOLD flow_ok=True vxy=(+0.03,-0.03) | hdg=+2 deg yaw_sp=+0 deg
[window_detect-4] [INFO] [1789424407.074065221] [window_detect]: window: YES  centre=(384,146) offset=-0.40 area=116984px dist=6.79m
[course_fsm-5] [INFO] [1789424407.785677626] [course_fsm]: alt=+0.85 m airborne=True xy_valid=True z_valid=True | dist_bottom=0.83 m rng_ok=True vz=-0.20 m/s landed=False | xy=POS-HOLD flow_ok=True vxy=(-0.01,-0.02) | hdg=+1 deg yaw_sp=+0 deg
[window_detect-4] [INFO] [1789424408.113961439] [window_detect]: window: YES  centre=(401,214) offset=-0.37 area=144805px dist=7.92m
[course_fsm-5] [INFO] [1789424408.697358266] [course_fsm]: window: window at (+1.30, -0.05, -1.25) NED, facing -178 deg, 0.66x0.55 m, 7 samples, 85 ms old
[course_fsm-5] [INFO] [1789424408.793074654] [course_fsm]: alt=+0.94 m airborne=True xy_valid=True z_valid=True | dist_bottom=0.92 m rng_ok=True vz=-0.16 m/s landed=False | xy=POS-HOLD flow_ok=True vxy=(-0.02,-0.04) | hdg=+1 deg yaw_sp=+0 deg
[window_detect-4] [INFO] [1789424409.241634107] [window_detect]: window: YES  centre=(438,275) offset=-0.32 area=134912px dist=0.00m
[course_fsm-5] [INFO] [1789424409.839077669] [course_fsm]: alt=+0.99 m airborne=True xy_valid=True z_valid=True | dist_bottom=0.97 m rng_ok=True vz=-0.15 m/s landed=False | xy=POS-HOLD flow_ok=True vxy=(-0.02,+0.02) | hdg=+0 deg yaw_sp=+0 deg
[window_detect-4] [INFO] [1789424410.270248189] [window_detect]: window: YES  centre=(453,294) offset=-0.29 area=127700px dist=7.81m
[course_fsm-5] [INFO] [1789424410.741535728] [course_fsm]: window: window at (+1.30, -0.05, -1.25) NED, facing -178 deg, 0.66x0.55 m, 20 samples, 101 ms old
[course_fsm-5] [INFO] [1789424410.839178270] [course_fsm]: alt=+1.01 m airborne=True xy_valid=True z_valid=True | dist_bottom=1.00 m rng_ok=True vz=-0.12 m/s landed=False | xy=POS-HOLD flow_ok=True vxy=(+0.01,-0.01) | hdg=-0 deg yaw_sp=+0 deg
[window_detect-4] [INFO] [1789424411.342265148] [window_detect]: window: YES  centre=(461,318) offset=-0.28 area=128818px dist=7.63m
[course_fsm-5] [INFO] [1789424411.850364385] [course_fsm]: alt=+1.05 m airborne=True xy_valid=True z_valid=True | dist_bottom=1.04 m rng_ok=True vz=-0.11 m/s landed=False | xy=POS-HOLD flow_ok=True vxy=(-0.00,-0.03) | hdg=+0 deg yaw_sp=+0 deg
[window_detect-4] [INFO] [1789424412.467171299] [window_detect]: window: YES  centre=(439,348) offset=-0.31 area=131863px dist=0.00m
[course_fsm-5] [INFO] [1789424412.749641128] [course_fsm]: window: window at (+1.31, -0.04, -1.24) NED, facing -178 deg, 0.66x0.56 m, 20 samples, 9 ms old
[course_fsm-5] [INFO] [1789424412.890987683] [course_fsm]: alt=+1.08 m airborne=True xy_valid=True z_valid=True | dist_bottom=1.07 m rng_ok=True vz=-0.11 m/s landed=False | xy=POS-HOLD flow_ok=True vxy=(-0.02,+0.02) | hdg=+0 deg yaw_sp=+0 deg
[window_detect-4] [INFO] [1789424413.601561731] [window_detect]: window: YES  centre=(411,382) offset=-0.36 area=127030px dist=0.00m
[course_fsm-5] [INFO] [1789424413.891515211] [course_fsm]: alt=+1.12 m airborne=True xy_valid=True z_valid=True | dist_bottom=1.12 m rng_ok=True vz=-0.08 m/s landed=False | xy=POS-HOLD flow_ok=True vxy=(-0.04,-0.01) | hdg=+0 deg yaw_sp=+0 deg
[course_fsm-5] [WARN] [1789424414.548796631] [course_fsm]: Reached 1.13 m. Holding for 5 s.
[course_fsm-5] [INFO] [1789424414.593445792] [course_fsm]: Holding, 5.0 s to the sweep... (window IN SIGHT)
[window_detect-4] [INFO] [1789424414.698628251] [window_detect]: window: YES  centre=(413,388) offset=-0.35 area=117804px dist=7.72m
[course_fsm-5] [INFO] [1789424414.800212523] [course_fsm]: window: window at (+1.31, -0.03, -1.21) NED, facing -178 deg, 0.66x0.56 m, 20 samples, 94 ms old
[course_fsm-5] [INFO] [1789424414.892867845] [course_fsm]: alt=+1.13 m airborne=True xy_valid=True z_valid=True | dist_bottom=1.13 m rng_ok=True vz=-0.05 m/s landed=False | xy=POS-HOLD flow_ok=True vxy=(-0.01,-0.05) | hdg=+0 deg yaw_sp=+0 deg
[course_fsm-5] [INFO] [1789424415.643657448] [course_fsm]: Holding, 3.9 s to the sweep... (window IN SIGHT)
[window_detect-4] [INFO] [1789424415.830955870] [window_detect]: window: YES  centre=(415,372) offset=-0.35 area=115904px dist=0.00m
[course_fsm-5] [INFO] [1789424415.949628517] [course_fsm]: alt=+1.11 m airborne=True xy_valid=True z_valid=True | dist_bottom=1.11 m rng_ok=True vz=-0.07 m/s landed=False | xy=POS-HOLD flow_ok=True vxy=(+0.02,-0.03) | hdg=+0 deg yaw_sp=+0 deg
[course_fsm-5] [INFO] [1789424416.692434597] [course_fsm]: Holding, 2.9 s to the sweep... (window IN SIGHT)
[course_fsm-5] [INFO] [1789424416.842317728] [course_fsm]: window: window at (+1.32, -0.03, -1.22) NED, facing -178 deg, 0.66x0.55 m, 19 samples, 42 ms old
[window_detect-4] [INFO] [1789424416.928679035] [window_detect]: window: YES  centre=(418,362) offset=-0.35 area=121924px dist=0.00m
[course_fsm-5] [INFO] [1789424416.992351598] [course_fsm]: alt=+1.09 m airborne=True xy_valid=True z_valid=True | dist_bottom=1.08 m rng_ok=True vz=-0.08 m/s landed=False | xy=POS-HOLD flow_ok=True vxy=(+0.04,-0.06) | hdg=+0 deg yaw_sp=+0 deg
[course_fsm-5] [INFO] [1789424417.736198008] [course_fsm]: Holding, 1.8 s to the sweep... (window IN SIGHT)
[course_fsm-5] [INFO] [1789424417.994445798] [course_fsm]: alt=+1.12 m airborne=True xy_valid=True z_valid=True | dist_bottom=1.12 m rng_ok=True vz=-0.09 m/s landed=False | xy=POS-HOLD flow_ok=True vxy=(-0.00,-0.02) | hdg=+1 deg yaw_sp=+0 deg
[window_detect-4] [INFO] [1789424418.002874203] [window_detect]: window: YES  centre=(432,389) offset=-0.33 area=128278px dist=7.93m
[course_fsm-5] [INFO] [1789424418.740746874] [course_fsm]: Holding, 0.8 s to the sweep... (window IN SIGHT)
[course_fsm-5] [INFO] [1789424418.842649513] [course_fsm]: window: window at (+1.32, -0.02, -1.22) NED, facing -178 deg, 0.66x0.56 m, 20 samples, 57 ms old
[window_detect-4] [INFO] [1789424419.021766808] [window_detect]: window: YES  centre=(462,395) offset=-0.28 area=128470px dist=7.27m
[course_fsm-5] [INFO] [1789424419.044616258] [course_fsm]: alt=+1.14 m airborne=True xy_valid=True z_valid=True | dist_bottom=1.15 m rng_ok=True vz=-0.06 m/s landed=False | xy=POS-HOLD flow_ok=True vxy=(+0.00,-0.07) | hdg=+0 deg yaw_sp=+0 deg
[course_fsm-5] [WARN] [1789424419.585881498] [course_fsm]: WINDOW LOCKED (already in sight at the end of the hold). Yaw stopped at +0 deg, holding position. 467.7|388.6|-0.269|129198|1.20|1.18|1.17|1.19|7.21|full. Landing in 219 s.
[course_fsm-5] [INFO] [1789424419.654494989] [course_fsm]: Locked, holding. window IN SIGHT. 219 s to landing.
[course_fsm-5] [WARN] [1789424419.657183952] [course_fsm]: AIM: turning to +2 deg to face the window square-on, holding position. window at (+1.31, -0.01, -1.22) NED, facing -178 deg, 0.66x0.56 m, 20 samples, 25 ms old.
[course_fsm-5] [WARN] [1789424419.713894856] [course_fsm]: Window is 0.56 m tall: too tight for 0.15 m clearance around a 0.26 m airframe. Favouring the sill and flying at 1.09 m.
[course_fsm-5] [WARN] [1789424419.717043643] [course_fsm]: ALIGN: flying to (-0.29, -0.08) NED, 1.60 m in front of the window on its axis, at 0.30 m/s. window at (+1.31, -0.01, -1.22) NED, facing -178 deg, 0.66x0.56 m, 20 samples, 83 ms old.
[course_fsm-5] [INFO] [1789424419.760063906] [course_fsm]: ALIGN: -0.32 m along / +0.26 m across to the approach point (tolerances 0.25/0.06), 2 deg off the normal, alt +1.13/1.09 m. window at (+1.31, -0.01, -1.22) NED, facing -178 deg, 0.66x0.56 m, 21 samples, 18 ms old
[window_detect-4] [INFO] [1789424420.072638261] [window_detect]: window: YES  centre=(455,375) offset=-0.29 area=130564px dist=7.38m
[course_fsm-5] [INFO] [1789424420.090443475] [course_fsm]: alt=+1.12 m airborne=True xy_valid=True z_valid=True | dist_bottom=1.11 m rng_ok=True vz=-0.06 m/s landed=False | xy=POS-HOLD flow_ok=True vxy=(-0.02,-0.00) | hdg=+1 deg yaw_sp=+2 deg
[course_fsm-5] [INFO] [1789424420.792182591] [course_fsm]: ALIGN: -0.31 m along / +0.28 m across to the approach point (tolerances 0.25/0.06), 1 deg off the normal, alt +1.06/1.10 m. window at (+1.31, -0.01, -1.22) NED, facing -178 deg, 0.66x0.56 m, 20 samples, 16 ms old
[course_fsm-5] [INFO] [1789424420.842777891] [course_fsm]: window: window at (+1.31, -0.01, -1.22) NED, facing -178 deg, 0.66x0.56 m, 20 samples, 67 ms old
[course_fsm-5] [INFO] [1789424421.137976433] [course_fsm]: alt=+1.03 m airborne=True xy_valid=True z_valid=True | dist_bottom=1.03 m rng_ok=True vz=-0.04 m/s landed=False | xy=POS-HOLD flow_ok=True vxy=(-0.07,-0.08) | hdg=+3 deg yaw_sp=+2 deg
[window_detect-4] [INFO] [1789424421.143400689] [window_detect]: window: YES  centre=(425,336) offset=-0.34 area=130217px dist=7.53m
[course_fsm-5] [INFO] [1789424421.805607120] [course_fsm]: ALIGN: -0.27 m along / +0.23 m across to the approach point (tolerances 0.25/0.06), 1 deg off the normal, alt +1.01/1.10 m. window at (+1.31, -0.01, -1.22) NED, facing -177 deg, 0.66x0.56 m, 19 samples, 136 ms old
[course_fsm-5] [INFO] [1789424422.144983290] [course_fsm]: alt=+1.01 m airborne=True xy_valid=True z_valid=True | dist_bottom=1.00 m rng_ok=True vz=-0.07 m/s landed=False | xy=POS-HOLD flow_ok=True vxy=(-0.11,-0.13) | hdg=+2 deg yaw_sp=+3 deg
[window_detect-4] [INFO] [1789424422.186589879] [window_detect]: window: YES  centre=(492,324) offset=-0.23 area=109095px dist=7.38m
[course_fsm-5] [INFO] [1789424422.843766697] [course_fsm]: ALIGN: -0.14 m along / +0.10 m across to the approach point (tolerances 0.25/0.06), 0 deg off the normal, alt +1.00/1.10 m. window at (+1.30, -0.01, -1.22) NED, facing -178 deg, 0.65x0.55 m, 17 samples, 101 ms old
[course_fsm-5] [INFO] [1789424422.889889411] [course_fsm]: window: window at (+1.30, -0.01, -1.22) NED, facing -178 deg, 0.65x0.55 m, 18 samples, 24 ms old
[course_fsm-5] [INFO] [1789424423.147382667] [course_fsm]: alt=+1.01 m airborne=True xy_valid=True z_valid=True | dist_bottom=1.01 m rng_ok=True vz=-0.09 m/s landed=False | xy=POS-HOLD flow_ok=True vxy=(-0.09,-0.10) | hdg=+1 deg yaw_sp=+2 deg
[window_detect-4] [INFO] [1789424423.269473453] [window_detect]: window: YES  centre=(576,332) offset=-0.10 area=84266px dist=7.50m
[course_fsm-5] [INFO] [1789424424.186019623] [course_fsm]: alt=+1.05 m airborne=True xy_valid=True z_valid=True | dist_bottom=1.05 m rng_ok=True vz=-0.05 m/s landed=False | xy=POS-HOLD flow_ok=True vxy=(-0.02,-0.06) | hdg=+2 deg yaw_sp=+2 deg
[window_detect-4] [INFO] [1789424424.345353775] [window_detect]: window: YES  centre=(613,356) offset=-0.04 area=75507px dist=7.61m
[course_fsm-5] [WARN] [1789424424.752861909] [course_fsm]: Window is 0.54 m tall: too tight for 0.15 m clearance around a 0.26 m airframe. Favouring the sill and flying at 1.09 m.
[course_fsm-5] [INFO] [1789424424.893989583] [course_fsm]: window: window at (+1.32, +0.02, -1.20) NED, facing -178 deg, 0.64x0.54 m, 18 samples, 138 ms old
[course_fsm-5] [WARN] [1789424425.051841871] [course_fsm]: Tight fit: 0.13 m vertical and 0.14 m lateral margin, below the 0.15/0.15 m wanted. Off the centreline by +0.06 m at 0 deg. Flying it anyway.
[course_fsm-5] [WARN] [1789424425.061575345] [course_fsm]: TRAVERSE: committed. Flying through to (+1.83, +0.04) NED at 0.45 m/s on a heading of +2 deg, altitude 1.09 m. Window 0.64x0.54 m, leaving 0.13 m above and below the airframe and 0.14 m either side. The camera is no longer steering: this target is frozen.
[course_fsm-5] [INFO] [1789424425.090362013] [course_fsm]: TRAVERSE: -0.03/2.10 m, 0 deg off the committed heading.
[course_fsm-5] [INFO] [1789424425.189868146] [course_fsm]: alt=+1.03 m airborne=True xy_valid=True z_valid=True | dist_bottom=1.04 m rng_ok=True vz=-0.03 m/s landed=False | xy=POS-HOLD flow_ok=True vxy=(-0.04,-0.04) | hdg=+2 deg yaw_sp=+2 deg
[window_detect-4] [INFO] [1789424425.456974260] [window_detect]: window: YES  centre=(633,354) offset=-0.01 area=71494px dist=7.64m
[course_fsm-5] [INFO] [1789424425.596049693] [course_fsm]: TRAVERSE: -0.05/2.10 m, 1 deg off the committed heading.
[course_fsm-5] [INFO] [1789424426.139914914] [course_fsm]: TRAVERSE: -0.05/2.10 m, 1 deg off the committed heading.
[course_fsm-5] [INFO] [1789424426.194270580] [course_fsm]: alt=+1.04 m airborne=True xy_valid=True z_valid=True | dist_bottom=1.05 m rng_ok=True vz=-0.04 m/s landed=False | xy=POS-HOLD flow_ok=True vxy=(+0.10,-0.02) | hdg=+0 deg yaw_sp=+2 deg
[window_detect-4] [INFO] [1789424426.488111611] [window_detect]: window: YES  centre=(644,345) offset=+0.01 area=71473px dist=7.70m
[course_fsm-5] [INFO] [1789424426.641629319] [course_fsm]: TRAVERSE: 0.01/2.10 m, 0 deg off the committed heading.
[course_fsm-5] [INFO] [1789424426.903930089] [course_fsm]: window: window at (+1.36, +0.04, -1.19) NED, facing -177 deg, 0.65x0.55 m, 20 samples, 105 ms old
[course_fsm-5] [INFO] [1789424427.146864848] [course_fsm]: TRAVERSE: 0.09/2.10 m, 2 deg off the committed heading.
[course_fsm-5] [INFO] [1789424427.244508747] [course_fsm]: alt=+1.05 m airborne=True xy_valid=True z_valid=True | dist_bottom=1.05 m rng_ok=True vz=-0.05 m/s landed=False | xy=POS-HOLD flow_ok=True vxy=(+0.18,-0.04) | hdg=+4 deg yaw_sp=+2 deg
[window_detect-4] [INFO] [1789424427.601907165] [window_detect]: window: YES  centre=(615,358) offset=-0.04 area=90674px dist=7.59m
[course_fsm-5] [INFO] [1789424427.692498381] [course_fsm]: TRAVERSE: 0.18/2.10 m, 2 deg off the committed heading.
[course_fsm-5] [INFO] [1789424428.240924556] [course_fsm]: TRAVERSE: 0.29/2.10 m, 0 deg off the committed heading.
[course_fsm-5] [INFO] [1789424428.290941821] [course_fsm]: alt=+1.07 m airborne=True xy_valid=True z_valid=True | dist_bottom=1.07 m rng_ok=True vz=-0.01 m/s landed=False | xy=POS-HOLD flow_ok=True vxy=(+0.20,+0.04) | hdg=+2 deg yaw_sp=+2 deg
[course_fsm-5] [INFO] [1789424428.744786628] [course_fsm]: TRAVERSE: 0.40/2.10 m, 1 deg off the committed heading.
[window_detect-4] [INFO] [1789424428.773974544] [window_detect]: window: YES  centre=(647,333) offset=+0.01 area=135054px dist=7.23m
[course_fsm-5] [INFO] [1789424428.956051868] [course_fsm]: window: window at (+1.43, +0.05, -1.20) NED, facing -175 deg, 0.67x0.57 m, 18 samples, 15 ms old
[course_fsm-5] [INFO] [1789424429.291533321] [course_fsm]: TRAVERSE: 0.54/2.10 m, 1 deg off the committed heading.
[course_fsm-5] [INFO] [1789424429.337182609] [course_fsm]: alt=+1.02 m airborne=True xy_valid=True z_valid=True | dist_bottom=1.01 m rng_ok=True vz=-0.06 m/s landed=False | xy=POS-HOLD flow_ok=True vxy=(+0.27,+0.00) | hdg=+1 deg yaw_sp=+2 deg
[course_fsm-5] [INFO] [1789424429.799471981] [course_fsm]: TRAVERSE: 0.68/2.10 m, 1 deg off the committed heading.
[window_detect-4] [INFO] [1789424430.015175116] [window_detect]: window: YES  centre=(664,302) offset=+0.04 area=267168px dist=5.73m
[course_fsm-5] [INFO] [1789424430.339126767] [course_fsm]: alt=+1.03 m airborne=True xy_valid=True z_valid=True | dist_bottom=1.03 m rng_ok=True vz=-0.06 m/s landed=False | xy=POS-HOLD flow_ok=True vxy=(+0.23,+0.09) | hdg=+1 deg yaw_sp=+2 deg
[course_fsm-5] [INFO] [1789424430.341900152] [course_fsm]: TRAVERSE: 0.82/2.10 m, 1 deg off the committed heading.
[course_fsm-5] [INFO] [1789424430.843637186] [course_fsm]: TRAVERSE: 0.95/2.10 m, 1 deg off the committed heading.
[course_fsm-5] [INFO] [1789424430.994323531] [course_fsm]: window: window at (+1.45, +0.05, -1.23) NED, facing -177 deg, 0.71x0.60 m, 9 samples, 973 ms old
[window_detect-4] [INFO] [1789424431.084138661] [window_detect]: window: YES  centre=(570,334) offset=-0.11 area=635279px dist=6.64m
[course_fsm-5] [INFO] [1789424431.343285775] [course_fsm]: alt=+1.03 m airborne=True xy_valid=True z_valid=True | dist_bottom=1.03 m rng_ok=True vz=-0.07 m/s landed=False | xy=POS-HOLD flow_ok=True vxy=(+0.21,+0.10) | hdg=+2 deg yaw_sp=+2 deg
[course_fsm-5] [INFO] [1789424431.345465083] [course_fsm]: TRAVERSE: 1.08/2.10 m, 0 deg off the committed heading.
[course_fsm-5] [INFO] [1789424431.888441092] [course_fsm]: TRAVERSE: 1.22/2.10 m, 1 deg off the committed heading.
[window_detect-4] [INFO] [1789424432.086602470] [window_detect]: window: YES  centre=(744,435) offset=+0.16 area=91794px dist=2.18m
[course_fsm-5] [INFO] [1789424432.346685711] [course_fsm]: alt=+1.03 m airborne=True xy_valid=True z_valid=True | dist_bottom=1.02 m rng_ok=True vz=-0.04 m/s landed=False | xy=POS-HOLD flow_ok=True vxy=(+0.19,+0.06) | hdg=+1 deg yaw_sp=+2 deg
[course_fsm-5] [INFO] [1789424432.390631439] [course_fsm]: TRAVERSE: 1.33/2.10 m, 1 deg off the committed heading.
[course_fsm-5] [INFO] [1789424432.938602227] [course_fsm]: TRAVERSE: 1.29/2.10 m, 5 deg off the committed heading.
[course_fsm-5] [INFO] [1789424433.039509049] [course_fsm]: window: no usable pose (0/6 fresh samples, 169 accepted ever, 40 truncated; rejections: corner depths disagree x98, implausible window size x3, opposite sides disagree x1)
[window_detect-4] [INFO] [1789424433.187465773] [window_detect]: window: YES  centre=(789,500) offset=+0.23 area=3225px dist=3.31m
[course_fsm-5] [INFO] [1789424433.387593803] [course_fsm]: alt=+1.09 m airborne=True xy_valid=True z_valid=True | dist_bottom=1.04 m rng_ok=True vz=-0.23 m/s landed=False | xy=POS-HOLD flow_ok=True vxy=(-0.28,+0.06) | hdg=-16 deg yaw_sp=+2 deg
[course_fsm-5] [INFO] [1789424433.489938771] [course_fsm]: TRAVERSE: 1.11/2.10 m, 15 deg off the committed heading.
[course_fsm-5] [INFO] [1789424433.990890325] [course_fsm]: TRAVERSE: 1.00/2.10 m, 5 deg off the committed heading.
[window_detect-4] [INFO] [1789424434.283422914] [window_detect]: window: YES  centre=(712,345) offset=+0.11 area=173948px dist=7.07m
[course_fsm-5] [INFO] [1789424434.390860419] [course_fsm]: alt=+1.00 m airborne=True xy_valid=True z_valid=True | dist_bottom=1.08 m rng_ok=True vz=+0.18 m/s landed=False | xy=POS-HOLD flow_ok=True vxy=(-0.60,+0.17) | hdg=-6 deg yaw_sp=+2 deg
[course_fsm-5] [INFO] [1789424434.536703588] [course_fsm]: TRAVERSE: 0.77/2.10 m, 10 deg off the committed heading.
[course_fsm-5] [INFO] [1789424435.037040196] [course_fsm]: TRAVERSE: 0.69/2.10 m, 0 deg off the committed heading.
[course_fsm-5] [INFO] [1789424435.086299729] [course_fsm]: window: window in sight but TRUNCATED (0 px to the frame edge, 49 such frames) -- not measurable until the whole aperture is in view
[window_detect-4] [INFO] [1789424435.359070675] [window_detect]: window: YES  centre=(232,412) offset=-0.64 area=193647px dist=5.70m
[course_fsm-5] [INFO] [1789424435.435052319] [course_fsm]: alt=+1.12 m airborne=True xy_valid=True z_valid=True | dist_bottom=1.15 m rng_ok=True vz=+0.04 m/s landed=False | xy=POS-HOLD flow_ok=True vxy=(-0.13,-0.11) | hdg=+11 deg yaw_sp=+2 deg
[course_fsm-5] [INFO] [1789424435.538047750] [course_fsm]: TRAVERSE: 0.57/2.10 m, 10 deg off the committed heading.
[course_fsm-5] [INFO] [1789424436.097510989] [course_fsm]: TRAVERSE: 0.67/2.10 m, 4 deg off the committed heading.
[window_detect-4] [INFO] [1789424436.427808457] [window_detect]: window: YES  centre=(314,191) offset=-0.51 area=138384px dist=5.46m
[course_fsm-5] [INFO] [1789424436.436901245] [course_fsm]: alt=+0.67 m airborne=True xy_valid=True z_valid=True | dist_bottom=0.82 m rng_ok=True vz=+0.64 m/s landed=False | xy=POS-HOLD flow_ok=True vxy=(+0.03,-0.19) | hdg=-3 deg yaw_sp=+2 deg
[course_fsm-5] [INFO] [1789424436.636706320] [course_fsm]: TRAVERSE: 0.65/2.10 m, 4 deg off the committed heading.
[course_fsm-5] [INFO] [1789424437.090616986] [course_fsm]: window: window in sight but TRUNCATED (0 px to the frame edge, 63 such frames) -- not measurable until the whole aperture is in view
[course_fsm-5] [INFO] [1789424437.139640433] [course_fsm]: TRAVERSE: 0.61/2.10 m, 1 deg off the committed heading.
[course_fsm-5] [WARN] [1789424437.234754720] [course_fsm]: Flow unhealthy: reverting to zero-velocity hold.
[course_fsm-5] [ERROR] [1789424437.240718509] [course_fsm]: COURSE: blind push capped to 3.0 s (1.49 m to the midpoint before the red bar) so it cannot carry the aircraft into the red bar.
[course_fsm-5] [ERROR] [1789424437.241572228] [course_fsm]: TRAVERSE: vision lost mid-run. Pushing on open-loop along the committed heading for up to 3.0 s rather than stopping in the window.
[course_fsm-5] [WARN] [1789424437.242718631] [course_fsm]: TRAVERSE: blind, 3.0 s left.
[course_fsm-5] [INFO] [1789424437.488720263] [course_fsm]: alt=+0.17 m airborne=True xy_valid=True z_valid=True | dist_bottom=0.21 m rng_ok=True vz=+0.09 m/s landed=False | xy=VEL-HOLD flow_ok=False vxy=(+0.09,-0.08) | hdg=-0 deg yaw_sp=+2 deg
[window_detect-4] [INFO] [1789424437.532071931] [window_detect]: window: YES  centre=(550,173) offset=-0.14 area=4321px dist=2.82m
[course_fsm-5] [WARN] [1789424437.689187314] [course_fsm]: Vehicle disarmed by PX4. Stopping.
[course_fsm-5] [INFO] [1789424437.739235570] [course_fsm]: Idle. Ctrl-C to exit.
[window_detect-4] [INFO] [1789424438.544864621] [window_detect]: window: YES  centre=(571,221) offset=-0.11 area=738px dist=7.09m
[course_fsm-5] [ERROR] [1789424439.483803158] [course_fsm]: PX4 failsafe SET: offboard_control_signal_lost
[window_detect-4] [INFO] [1789424439.567376979] [window_detect]: window: YES  centre=(614,215) offset=-0.04 area=265px dist=2.41m
[window_detect-4] [INFO] [1789424440.632787211] [window_detect]: window: YES  centre=(615,215) offset=-0.04 area=1032px dist=2.48m
[window_detect-4] [INFO] [1789424441.676284393] [window_detect]: window: YES  centre=(615,214) offset=-0.04 area=1336px dist=2.73m
[window_detect-4] [INFO] [1789424442.711474591] [window_detect]: window: YES  centre=(613,214) offset=-0.04 area=855px dist=2.82m
[course_fsm-5] [INFO] [1789424442.740458879] [course_fsm]: Idle. Ctrl-C to exit.
[window_detect-4] [INFO] [1789424443.847972884] [window_detect]: window: YES  centre=(615,214) offset=-0.04 area=582px dist=2.83m
[window_detect-4] [INFO] [1789424444.916374651] [window_detect]: window: YES  centre=(615,212) offset=-0.04 area=170px dist=2.70m
[window_detect-4] [INFO] [1789424446.018121457] [window_detect]: window: YES  centre=(612,212) offset=-0.04 area=315px dist=3.06m
[window_detect-4] [INFO] [1789424447.151753513] [window_detect]: window: YES  centre=(612,214) offset=-0.04 area=136px dist=3.10m
[course_fsm-5] [INFO] [1789424447.743413099] [course_fsm]: Idle. Ctrl-C to exit.
[window_detect-4] [INFO] [1789424448.244788129] [window_detect]: window: YES  centre=(612,214) offset=-0.04 area=436px dist=3.11m
[window_detect-4] [INFO] [1789424449.283497935] [window_detect]: window: YES  centre=(612,214) offset=-0.04 area=436px dist=3.07m
^C[WARNING] [launch]: user interrupted with ctrl-c (SIGINT)
[component_container_isolated-3] [INFO] [1789424449.713615445] [rclcpp]: signal_handler(SIGINT/SIGTERM)
[ERROR] [micro_ros_agent-1]: process has died [pid 3686, exit code -2, cmd '/home/ark-jetson-orin/imav26_ws/install/micro_ros_agent/lib/micro_ros_agent/micro_ros_agent serial --dev /dev/ttyTHS1 -b 921600 --ros-args -r __node:=micro_xrce_dds_agent'].
[INFO] [robot_state_publisher-2]: process has finished cleanly [pid 3687]
[INFO] [course_fsm-5]: process has finished cleanly [pid 4026]
[ERROR] [window_detect-4]: process has died [pid 3846, exit code 1, cmd '/home/ark-jetson-orin/imav26_ws/install/drone_testing/lib/drone_testing/window_detect --ros-args -r __node:=window_detect --params-file /tmp/launch_params_v5p_x1_h'].
[robot_state_publisher-2] [INFO] [1789424449.714059926] [rclcpp]: signal_handler(SIGINT/SIGTERM)
[course_fsm-5] [WARN] [1789424449.715831572] [course_fsm]: Course outcome: not attempted.
[course_fsm-5] Failed to publish log message to rosout: publisher's context is invalid, at ./src/rcl/publisher.c:423
[course_fsm-5] [WARN] [1789424449.716593626] [course_fsm]: Traverse outcome: not attempted. 169 geometry samples accepted of 437 received; rejections: corner depths disagree x200, implausible window size x3, opposite sides disagree x2.
[course_fsm-5] Failed to publish log message to rosout: publisher's context is invalid, at ./src/rcl/publisher.c:423
[window_detect-4] Traceback (most recent call last):
[window_detect-4]   File "/home/ark-jetson-orin/imav26_ws/install/drone_testing/lib/drone_testing/window_detect", line 33, in <module>
[window_detect-4]     sys.exit(load_entry_point('drone_testing==0.0.0', 'console_scripts', 'window_detect')())
[window_detect-4]              ^^^^^^^^^^^^^^^^^^^^^^^^^^^^^^^^^^^^^^^^^^^^^^^^^^^^^^^^^^^^^^^^^^^^^^^^^^^^^^
[window_detect-4]   File "/home/ark-jetson-orin/imav26_ws/install/drone_testing/lib/python3.12/site-packages/drone_testing/window_detect.py", line 1055, in main
[window_detect-4]     rclpy.shutdown()
[window_detect-4]   File "/opt/ros/jazzy/lib/python3.12/site-packages/rclpy/__init__.py", line 134, in shutdown
[window_detect-4]     _shutdown(context=context)
[window_detect-4]   File "/opt/ros/jazzy/lib/python3.12/site-packages/rclpy/utilities.py", line 82, in shutdown
[window_detect-4]     context.shutdown()
[window_detect-4]   File "/opt/ros/jazzy/lib/python3.12/site-packages/rclpy/context.py", line 129, in shutdown
[window_detect-4]     self.__context.shutdown()
[window_detect-4] rclpy._rclpy_pybind11.RCLError: failed to shutdown: rcl_shutdown already called on the given context, at ./src/rcl/init.c:333
[component_container_isolated-3] [INFO] [1789424450.100975099] [zed.zed_node]: === CLOSING CAMERA ===
[component_container_isolated-3] [INFO] [1789424450.506868720] [zed.zed_node]: === CAMERA CLOSED ===
[component_container_isolated-3] Warning: class_loader.ClassLoader: SEVERE WARNING!!! Attempting to unload library while objects created by this loader exist in the heap! You should delete your objects before attempting to unload the library or destroying the ClassLoader. The library will NOT be unloaded.
[component_container_isolated-3]          at line 127 in ./src/class_loader.cpp
[component_container_isolated-3] Warning: class_loader.ClassLoader: SEVERE WARNING!!! Attempting to unload library while objects created by this loader exist in the heap! You should delete your objects before attempting to unload the library or destroying the ClassLoader. The library will NOT be unloaded.
[component_container_isolated-3]          at line 127 in ./src/class_loader.cpp
[component_container_isolated-3] Warning: class_loader.ClassLoader: SEVERE WARNING!!! Attempting to unload library while objects created by this loader exist in the heap! You should delete your objects before attempting to unload the library or destroying the ClassLoader. The library will NOT be unloaded.
[component_container_isolated-3]          at line 127 in ./src/class_loader.cpp
[component_container_isolated-3] Warning: class_loader.ClassLoader: SEVERE WARNING!!! Attempting to unload library while objects created by this loader exist in the heap! You should delete your objects before attempting to unload the library or destroying the ClassLoader. The library will NOT be unloaded.
[component_container_isolated-3]          at line 127 in ./src/class_loader.cpp
[component_container_isolated-3] Warning: class_loader.ClassLoader: SEVERE WARNING!!! Attempting to unload library while objects created by this loader exist in the heap! You should delete your objects before attempting to unload the library or destroying the ClassLoader. The library will NOT be unloaded.
[component_container_isolated-3]          at line 127 in ./src/class_loader.cpp
[INFO] [component_container_isolated-3]: process has finished cleanly [pid 3688]
ark-jetson-orin@localhost:~/imav26_ws$ ros2 launch drone_testing course_mission.launch.py agent_only:=false
[INFO] [launch]: All log files can be found below /home/ark-jetson-orin/.ros/log/2026-09-15-03-50-55-165620-localhost.localdomain-4751
[INFO] [launch]: Default logging verbosity is set to INFO
[INFO] [launch.user]: Using common configuration file: /home/ark-jetson-orin/imav26_ws/install/zed_wrapper/share/zed_wrapper/config/common_stereo.yaml
[INFO] [launch.user]: Using camera configuration file: /home/ark-jetson-orin/imav26_ws/install/zed_wrapper/share/zed_wrapper/config/zed.yaml
[INFO] [launch.user]: Using Object Detection configuration file: /home/ark-jetson-orin/imav26_ws/install/zed_wrapper/share/zed_wrapper/config/object_detection.yaml
[INFO] [launch.user]: Using Custom Object Detection configuration file: /home/ark-jetson-orin/imav26_ws/install/zed_wrapper/share/zed_wrapper/config/custom_object_detection.yaml
[INFO] [launch.user]: NITROS not installed, skipping IPC/NITROS conflict check.
[INFO] [launch.user]: Loading ZED node `zed_node` in container `/zed/zed_container`
[INFO] [micro_ros_agent-1]: process started with pid [4807]
[INFO] [robot_state_publisher-2]: process started with pid [4808]
[INFO] [component_container_isolated-3]: process started with pid [4809]
[micro_ros_agent-1] [1789424456.495470] info     | TermiosAgentLinux.cpp | init                     | running...             | fd: 12
[micro_ros_agent-1] [1789424456.495922] info     | Root.cpp           | set_verbose_level        | logger setup           | verbose_level: 4
[robot_state_publisher-2] [INFO] [1789424456.533480322] [zed.zed_state_publisher]: Robot initialized
[component_container_isolated-3] [INFO] [1789424456.781519142] [zed.zed_container]: Load Library: /home/ark-jetson-orin/imav26_ws/install/zed_components/lib/libzed_camera_component.so
[component_container_isolated-3] [INFO] [1789424456.858331638] [zed.zed_container]: Found class: rclcpp_components::NodeFactoryTemplate<stereolabs::ZedCamera>
[component_container_isolated-3] [INFO] [1789424456.858451989] [zed.zed_container]: Instantiate class: rclcpp_components::NodeFactoryTemplate<stereolabs::ZedCamera>
[component_container_isolated-3] [INFO] [1789424456.983236362] [zed.zed_node]: ================================
[component_container_isolated-3] [INFO] [1789424456.983314686] [zed.zed_node]:       ZED Camera Component 
[INFO] [launch_ros.actions.load_composable_nodes]: Loaded node '/zed/zed_node' in container '/zed/zed_container'
[component_container_isolated-3] [INFO] [1789424456.983335204] [zed.zed_node]: ================================
[component_container_isolated-3] [INFO] [1789424456.983348647] [zed.zed_node]:  * IPC: enabled
[component_container_isolated-3] [INFO] [1789424457.033627111] [zed.zed_node]:  * namespace: /zed
[component_container_isolated-3] [INFO] [1789424457.033713951] [zed.zed_node]:  * node name: zed_node
[component_container_isolated-3] [INFO] [1789424457.033736389] [zed.zed_node]: ================================
[component_container_isolated-3] [INFO] [1789424457.033798037] [zed.zed_node]: Starting node initialization...
[component_container_isolated-3] [INFO] [1789424457.033883500] [zed.zed_node]: === DEBUG parameters ===
[component_container_isolated-3] [INFO] [1789424457.034236491] [zed.zed_node]:  * SDK Verbose: 1
[component_container_isolated-3] [INFO] [1789424457.034439457] [zed.zed_node]:  * Use Pub Timestamps: FALSE
[component_container_isolated-3] [INFO] [1789424457.034580199] [zed.zed_node]:  * SDK Verbose File: 
[component_container_isolated-3] [INFO] [1789424457.034683395] [zed.zed_node]:  * Debug Common: FALSE
[component_container_isolated-3] [INFO] [1789424457.034818151] [zed.zed_node]:  * Debug Dynamic Parameters: FALSE
[component_container_isolated-3] [INFO] [1789424457.034935238] [zed.zed_node]:  * Debug Grab (low level): FALSE
[component_container_isolated-3] [INFO] [1789424457.035066986] [zed.zed_node]:  * Debug Simulation: FALSE
[component_container_isolated-3] [INFO] [1789424457.035197101] [zed.zed_node]:  * Debug Video/Depth: FALSE
[component_container_isolated-3] [INFO] [1789424457.035288133] [zed.zed_node]:  * Debug Control settings: FALSE
[component_container_isolated-3] [INFO] [1789424457.035380702] [zed.zed_node]:  * Debug Point Cloud: FALSE
[component_container_isolated-3] [INFO] [1789424457.035470326] [zed.zed_node]:  * Debug TF: FALSE
[component_container_isolated-3] [INFO] [1789424457.035572914] [zed.zed_node]:  * Debug Positional Tracking: FALSE
[component_container_isolated-3] [INFO] [1789424457.035683823] [zed.zed_node]:  * Debug GNSS: FALSE
[component_container_isolated-3] [INFO] [1789424457.035791692] [zed.zed_node]:  * Debug sensors: FALSE
[component_container_isolated-3] [INFO] [1789424457.035902506] [zed.zed_node]:  * Debug Mapping: FALSE
[component_container_isolated-3] [INFO] [1789424457.036005286] [zed.zed_node]:  * Debug Object Detection: FALSE
[component_container_isolated-3] [INFO] [1789424457.036133608] [zed.zed_node]:  * Debug Body Tracking: FALSE
[component_container_isolated-3] [INFO] [1789424457.036236132] [zed.zed_node]:  * Debug Streaming: FALSE
[component_container_isolated-3] [INFO] [1789424457.036400272] [zed.zed_node]:  * Debug ROI: FALSE
[component_container_isolated-3] [INFO] [1789424457.036505324] [zed.zed_node]:  * Debug Nitros: FALSE
[component_container_isolated-3] [INFO] [1789424457.036612649] [zed.zed_node]:  * Debug Advanced: FALSE
[component_container_isolated-3] [INFO] [1789424457.036659029] [zed.zed_node]: === TOPIC selection parameters ===
[component_container_isolated-3] [INFO] [1789424457.036757520] [zed.zed_node]:  * Publish Status: TRUE
[component_container_isolated-3] [INFO] [1789424457.037116464] [zed.zed_node]:  * Image format: BGRA 32-bit
[component_container_isolated-3] [INFO] [1789424457.037322343] [zed.zed_node]:  * Publish Left/Right images: FALSE
[component_container_isolated-3] [INFO] [1789424457.037433893] [zed.zed_node]:  * Publish Raw images: FALSE
[component_container_isolated-3] [INFO] [1789424457.037526398] [zed.zed_node]:  * Publish Gray images: FALSE
[component_container_isolated-3] [INFO] [1789424457.037616822] [zed.zed_node]:  * Publish RGB image: TRUE
[component_container_isolated-3] [INFO] [1789424457.037733078] [zed.zed_node]:  * Publish Stereo image: FALSE
[component_container_isolated-3] [INFO] [1789424457.037849749] [zed.zed_node]:  * Publish ROI Mask image: FALSE
[component_container_isolated-3] [INFO] [1789424457.037943246] [zed.zed_node]:  * Publish Depth Map: TRUE
[component_container_isolated-3] [INFO] [1789424457.038044745] [zed.zed_node]:  * Publish Depth Info: FALSE
[component_container_isolated-3] [INFO] [1789424457.038157800] [zed.zed_node]:  * Publish Point Cloud: TRUE
[component_container_isolated-3] [INFO] [1789424457.038251585] [zed.zed_node]:  * Publish Depth Confidence: FALSE
[component_container_isolated-3] [INFO] [1789424457.038361758] [zed.zed_node]:  * Publish Disparity: FALSE
[component_container_isolated-3] [INFO] [1789424457.038450646] [zed.zed_node]:  * Publish IMU: TRUE
[component_container_isolated-3] [INFO] [1789424457.038545456] [zed.zed_node]:  * Publish IMU Raw: FALSE
[component_container_isolated-3] [INFO] [1789424457.038650668] [zed.zed_node]:  * Publish LeftCam/IMU Transf.: FALSE
[component_container_isolated-3] [INFO] [1789424457.038744069] [zed.zed_node]:  * Publish Magnetometer: FALSE
[component_container_isolated-3] [INFO] [1789424457.038901615] [zed.zed_node]:  * Publish Barometer: FALSE
[component_container_isolated-3] [INFO] [1789424457.039016878] [zed.zed_node]:  * Publish Temperature: FALSE
[component_container_isolated-3] [INFO] [1789424457.039189533] [zed.zed_node]:  * Publish Odometry/Pose: TRUE
[component_container_isolated-3] [INFO] [1789424457.039266193] [zed.zed_node]:  * Publish Pose with Covariance: FALSE
[component_container_isolated-3] [INFO] [1789424457.039346855] [zed.zed_node]:  * Publish Camera Path: FALSE
[component_container_isolated-3] [INFO] [1789424457.039450819] [zed.zed_node]:  * Publish Detection Plane: FALSE
[component_container_isolated-3] [INFO] [1789424457.039561312] [zed.zed_node]: === SVO RECORDING parameters ===
[component_container_isolated-3] [INFO] [1789424457.039654361] [zed.zed_node]:  * SVO Encoding preset: DEFAULT
[component_container_isolated-3] [INFO] [1789424457.039694564] [zed.zed_node]: === SVO INPUT parameters ===
[component_container_isolated-3] [INFO] [1789424457.039769816] [zed.zed_node]:  * SVO input: DISABLED
[component_container_isolated-3] [INFO] [1789424457.039795295] [zed.zed_node]: === LOCAL STREAMING parameters ===
[component_container_isolated-3] [INFO] [1789424457.039873076] [zed.zed_node]:  * Local stream input: DISABLED
[component_container_isolated-3] [INFO] [1789424457.039890137] [zed.zed_node]: === GENERAL parameters ===
[component_container_isolated-3] [INFO] [1789424457.039990740] [zed.zed_node]:  * Camera model: zed - ZED
[component_container_isolated-3] [INFO] [1789424457.040080876] [zed.zed_node]:  * Camera name: zed
[component_container_isolated-3] [INFO] [1789424457.040168195] [zed.zed_node]:  * Camera SN: 0
[component_container_isolated-3] [INFO] [1789424457.040251578] [zed.zed_node]:  * Camera ID: -1
[component_container_isolated-3] [INFO] [1789424457.040350164] [zed.zed_node]:  * Camera timeout [sec]: 5
[component_container_isolated-3] [INFO] [1789424457.040438444] [zed.zed_node]:  * Camera reconnection temptatives: 5
[component_container_isolated-3] [INFO] [1789424457.040521922] [zed.zed_node]:  * Camera framerate: 30
[component_container_isolated-3] [INFO] [1789424457.040608250] [zed.zed_node]:  * GPU ID: -1
[component_container_isolated-3] [INFO] [1789424457.040693392] [zed.zed_node]:  * Asynchronous image retrieval: FALSE
[component_container_isolated-3] [INFO] [1789424457.040775590] [zed.zed_node]:  * Image Validity Check: 1
[component_container_isolated-3] [INFO] [1789424457.040874977] [zed.zed_node]:  * Camera resolution: HD720
[component_container_isolated-3] [INFO] [1789424457.040972475] [zed.zed_node]:  * Publishing resolution: NATIVE
[component_container_isolated-3] [INFO] [1789424457.041063988] [zed.zed_node]:  * OpenCV custom calibration: 
[component_container_isolated-3] [INFO] [1789424457.041137096] [zed.zed_node]:  * Camera self calibration: TRUE
[component_container_isolated-3] [INFO] [1789424457.041211772] [zed.zed_node]:  * Camera flip: FALSE
[component_container_isolated-3] [INFO] [1789424457.041383978] [zed.zed_node]:  * Publish framerate [Hz]:  0 [DYNAMIC]
[component_container_isolated-3] [INFO] [1789424457.041515693] [zed.zed_node]:  * Grab Compute Capping FPS: 0
[component_container_isolated-3] [INFO] [1789424457.041623882] [zed.zed_node]:  * SDK Monotonic Clock: FALSE
[component_container_isolated-3] [INFO] [1789424457.041672695] [zed.zed_node]: === VIDEO parameters ===
[component_container_isolated-3] [INFO] [1789424457.041810940] [zed.zed_node]:  * Brightness: 4 [DYNAMIC]
[component_container_isolated-3] [INFO] [1789424457.041952675] [zed.zed_node]:  * Contrast: 4 [DYNAMIC]
[component_container_isolated-3] [INFO] [1789424457.042077700] [zed.zed_node]:  * Hue: 0 [DYNAMIC]
[component_container_isolated-3] [INFO] [1789424457.042177503] [zed.zed_node]:  * Saturation: 4 [DYNAMIC]
[component_container_isolated-3] [INFO] [1789424457.042287452] [zed.zed_node]:  * Sharpness: 4 [DYNAMIC]
[component_container_isolated-3] [INFO] [1789424457.042397754] [zed.zed_node]:  * Gamma: 8 [DYNAMIC]
[component_container_isolated-3] [INFO] [1789424457.042514041] [zed.zed_node]:  * Auto Exposure/Gain: TRUE [DYNAMIC]
[component_container_isolated-3] [INFO] [1789424457.042636218] [zed.zed_node]:  * Exposure: 80 [DYNAMIC]
[component_container_isolated-3] [INFO] [1789424457.042744887] [zed.zed_node]:  * Gain: 80 [DYNAMIC]
[component_container_isolated-3] [INFO] [1789424457.042868792] [zed.zed_node]:  * Auto White Balance: TRUE [DYNAMIC]
[component_container_isolated-3] [INFO] [1789424457.042993338] [zed.zed_node]:  * White Balance Temperature: 42 [DYNAMIC]
[component_container_isolated-3] [INFO] [1789424457.043025955] [zed.zed_node]: === DEPTH parameters ===
[component_container_isolated-3] [INFO] [1789424457.043223736] [zed.zed_node]:  * Depth mode: NEURAL LIGHT [4]
[component_container_isolated-3] [INFO] [1789424457.043388580] [zed.zed_node]:  * Min depth [m]: 0.7
[component_container_isolated-3] [INFO] [1789424457.043505571] [zed.zed_node]:  * Max depth [m]: 8
[component_container_isolated-3] [INFO] [1789424457.043660269] [zed.zed_node]:  * Depth Stabilization: -1
[component_container_isolated-3] [INFO] [1789424457.043782286] [zed.zed_node]:  * OpenNI mode (16bit depth): FALSE
[component_container_isolated-3] [INFO] [1789424457.043873574] [zed.zed_node]:  * Point cloud rate [Hz]: 10
[component_container_isolated-3] [INFO] [1789424457.043988037] [zed.zed_node]:  * Point cloud resolution: COMPACT
[component_container_isolated-3] [INFO] [1789424457.044079261] [zed.zed_node]:  * Voxel Point Cloud: FALSE [DYNAMIC]
[component_container_isolated-3] [INFO] [1789424457.044186586] [zed.zed_node]:  * Voxel Size [mm]: -1 [DYNAMIC]
[component_container_isolated-3] [INFO] [1789424457.044276851] [zed.zed_node]:  * Voxel Resolution Mode: STEREO_UNCERTAINTY
[component_container_isolated-3] [INFO] [1789424457.044395410] [zed.zed_node]:  * Voxel Resolution Scale: 0.2 [DYNAMIC]
[component_container_isolated-3] [INFO] [1789424457.044490124] [zed.zed_node]:  * Depth Confidence: 95 [DYNAMIC]
[component_container_isolated-3] [INFO] [1789424457.044613613] [zed.zed_node]:  * Depth Texture Confidence: 100 [DYNAMIC]
[component_container_isolated-3] [INFO] [1789424457.044766774] [zed.zed_node]:  * Remove saturated areas: TRUE [DYNAMIC]
[component_container_isolated-3] [INFO] [1789424457.044796574] [zed.zed_node]: === POSITIONAL TRACKING parameters ===
[component_container_isolated-3] [INFO] [1789424457.044913277] [zed.zed_node]:  * Map frame id: map
[component_container_isolated-3] [INFO] [1789424457.045018394] [zed.zed_node]:  * Odometry frame id: odom
[component_container_isolated-3] [INFO] [1789424457.045119829] [zed.zed_node]:  * Positional tracking enabled: TRUE
[component_container_isolated-3] [INFO] [1789424457.045250936] [zed.zed_node]:  * Positional tracking mode [AUTO]: GEN 3
[component_container_isolated-3] [INFO] [1789424457.045364471] [zed.zed_node]:  * Broadcast Odometry TF: FALSE
[component_container_isolated-3] [INFO] [1789424457.045475860] [zed.zed_node]:  * Depth minimum range: 0
[component_container_isolated-3] [INFO] [1789424457.045591507] [zed.zed_node]:  * TF timestamp offset: 0 [DYNAMIC]
[component_container_isolated-3] [INFO] [1789424457.045718037] [zed.zed_node]:  * Path publishing rate: 2 [DYNAMIC]
[component_container_isolated-3] [INFO] [1789424457.045964728] [zed.zed_node]:  * Path history lenght: -1
[component_container_isolated-3] [INFO] [1789424457.046154859] [zed.zed_node]:  * Initial pose: [0,0,0,0,0,0,]
[component_container_isolated-3] [INFO] [1789424457.046326553] [zed.zed_node]:  * Area Memory: TRUE
[component_container_isolated-3] [INFO] [1789424457.046469407] [zed.zed_node]:  * Area Memory File: 
[component_container_isolated-3] [INFO] [1789424457.046573147] [zed.zed_node]:  * Enable Localization Only: FALSE
[component_container_isolated-3] [INFO] [1789424457.046679480] [zed.zed_node]:  * Save Area Memory on closing: FALSE
[component_container_isolated-3] [INFO] [1789424457.046808378] [zed.zed_node]:  * Camera is static: FALSE
[component_container_isolated-3] [INFO] [1789424457.046950208] [zed.zed_node]:  * Gravity as origin: TRUE
[component_container_isolated-3] [INFO] [1789424457.047127376] [zed.zed_node]:  * IMU Fusion: TRUE
[component_container_isolated-3] [INFO] [1789424457.047298718] [zed.zed_node]:  * Floor Alignment: FALSE
[component_container_isolated-3] [INFO] [1789424457.047463370] [zed.zed_node]:  * Reset Odometry with Loop Closure: FALSE
[component_container_isolated-3] [INFO] [1789424457.047599951] [zed.zed_node]:  * Publish 3D Landmarks: FALSE
[component_container_isolated-3] [INFO] [1789424457.047783200] [zed.zed_node]:  * Publish Landmark Skip Frame: 
[component_container_isolated-3] [INFO] [1789424457.047917988] [zed.zed_node]:  * 2D mode: FALSE
[component_container_isolated-3] [INFO] [1789424457.048061707] [zed.zed_node]:  * Reset pose with SVO loop: TRUE
[component_container_isolated-3] [INFO] [1789424457.048095476] [zed.zed_node]: === GNSS FUSION parameters ===
[component_container_isolated-3] [WARN] [1789424457.048118682] [zed.zed_node]: !!! GNSS FUSION module cannot be enabled with ZED!!!
[component_container_isolated-3] [INFO] [1789424457.048137087] [zed.zed_node]: === REGION OF INTEREST parameters ===
[component_container_isolated-3] [INFO] [1789424457.048250173] [zed.zed_node]:  * Automatic ROI generation: FALSE
[component_container_isolated-3] [INFO] [1789424457.048379904] [zed.zed_node]:  * Manual ROI polygon: []
[component_container_isolated-3] [INFO] [1789424457.048407271] [zed.zed_node]: === Spatial Mapping parameters ===
[component_container_isolated-3] [INFO] [1789424457.048500641] [zed.zed_node]:  * Spatial Mapping Enabled: FALSE
[component_container_isolated-3] [INFO] [1789424457.048602684] [zed.zed_node]:  * Spatial Mapping resolution [m]: 0.05
[component_container_isolated-3] [INFO] [1789424457.048697141] [zed.zed_node]:  * 3D Max Mapping range [m]: 5
[component_container_isolated-3] [INFO] [1789424457.048800369] [zed.zed_node]:  * Map publishing rate [Hz]: 1 [DYNAMIC]
[component_container_isolated-3] [INFO] [1789424457.048908366] [zed.zed_node]:  * Clicked point topic: /clicked_point
[component_container_isolated-3] [INFO] [1789424457.049033424] [zed.zed_node]:  * Plane Det. Max Dist. Thresh.: 0.15
[component_container_isolated-3] [INFO] [1789424457.049189786] [zed.zed_node]:  * Plane Det. Normals Sim. Thresh.: 15
[component_container_isolated-3] [INFO] [1789424457.049223523] [zed.zed_node]: === STREAMING SERVER parameters ===
[component_container_isolated-3] [INFO] [1789424457.049320381] [zed.zed_node]:  * Streaming Server enabled: FALSE
[component_container_isolated-3] [INFO] [1789424457.049417079] [zed.zed_node]:  * Stream codec: H265
[component_container_isolated-3] [INFO] [1789424457.049526452] [zed.zed_node]:  * Stream port: 30000
[component_container_isolated-3] [INFO] [1789424457.049646580] [zed.zed_node]:  * Stream bitrate: 12500
[component_container_isolated-3] [INFO] [1789424457.049762323] [zed.zed_node]:  * Stream GOP size: -1
[component_container_isolated-3] [INFO] [1789424457.049891702] [zed.zed_node]:  * Stream Chunk size: 16084
[component_container_isolated-3] [INFO] [1789424457.050008789] [zed.zed_node]:  * Adaptive bitrate: FALSE
[component_container_isolated-3] [INFO] [1789424457.050162367] [zed.zed_node]:  * Target frame rate:0
[component_container_isolated-3] [INFO] [1789424457.050204746] [zed.zed_node]: === ADVANCED parameters ===
[component_container_isolated-3] [INFO] [1789424457.050338638] [zed.zed_node]:  * Change thread priority: FALSE
[component_container_isolated-3] [INFO] [1789424457.050485429] [zed.zed_node]: === SERVICES ===
[component_container_isolated-3] [INFO] [1789424457.053147328] [zed.zed_node]:  * Advertised on service: '/zed/zed_node/reset_odometry'
[component_container_isolated-3] [INFO] [1789424457.054083483] [zed.zed_node]:  * Advertised on service: '/zed/zed_node/reset_pos_tracking'
[component_container_isolated-3] [INFO] [1789424457.056653677] [zed.zed_node]:  * Advertised on service: '/zed/zed_node/set_pose'
[component_container_isolated-3] [INFO] [1789424457.057642807] [zed.zed_node]:  * Advertised on service: '/zed/zed_node/save_area_memory'
[component_container_isolated-3] [INFO] [1789424457.059410193] [zed.zed_node]:  * Advertised on service: '/zed/zed_node/enable_obj_det'
[component_container_isolated-3] [INFO] [1789424457.060246098] [zed.zed_node]:  * Advertised on service: '/zed/zed_node/enable_body_trk'
[component_container_isolated-3] [INFO] [1789424457.061080850] [zed.zed_node]:  * Advertised on service: '/zed/zed_node/enable_mapping'
[component_container_isolated-3] [INFO] [1789424457.061909488] [zed.zed_node]:  * Advertised on service: '/zed/zed_node/enable_streaming'
[component_container_isolated-3] [INFO] [1789424457.063009240] [zed.zed_node]:  * Advertised on service: '/zed/zed_node/start_svo_rec'
[component_container_isolated-3] [INFO] [1789424457.063840183] [zed.zed_node]:  * Advertised on service: '/zed/zed_node/stop_svo_rec'
[component_container_isolated-3] [INFO] [1789424457.064803706] [zed.zed_node]:  * Advertised on service: '/zed/zed_node/set_roi'
[component_container_isolated-3] [INFO] [1789424457.065625718] [zed.zed_node]:  * Advertised on service: '/zed/zed_node/reset_roi'
[component_container_isolated-3] [INFO] [1789424457.065671074] [zed.zed_node]: === STARTING CAMERA ===
[component_container_isolated-3] [INFO] [1789424457.065717231] [zed.zed_node]: ZED SDK Version: 5.4.1 - Build 117278_137d3e18_3228745
[component_container_isolated-3] [INFO] [1789424457.074566935] [zed.zed_node]: === CAMERA OPENING ===
[micro_ros_agent-1] [1789424457.357972] info     | Root.cpp           | create_client            | create                 | client_key: 0x00000001, session_id: 0x81
[micro_ros_agent-1] [1789424457.358098] info     | SessionManager.hpp | establish_session        | session established    | client_key: 0x00000001, address: 1
[micro_ros_agent-1] [1789424457.376755] info     | ProxyClient.cpp    | create_participant       | participant created    | client_key: 0x00000001, participant_id: 0x001(1)
[component_container_isolated-3] [2026-09-15 03:50:57 UTC][ZED][INFO] Logging level INFO
[component_container_isolated-3] [2026-09-15 03:50:59 UTC][ZED][INFO] [Init]  Camera successfully opened.
[component_container_isolated-3] [2026-09-15 03:50:59 UTC][ZED][INFO] [Init]  Camera FW version: 1523
[component_container_isolated-3] [2026-09-15 03:50:59 UTC][ZED][INFO] [Init]  Video mode: HD720@30
[component_container_isolated-3] [2026-09-15 03:50:59 UTC][ZED][INFO] [Init]  Serial Number: S/N 1943145
[component_container_isolated-3] [2026-09-15 03:50:59 UTC][ZED][INFO] [Init]  Depth mode selected: NEURAL LIGHT. Ensure this mode matches your application's performance and accuracy requirements. See https://www.stereolabs.com/docs/depth-sensing/depth-modes for help.
[component_container_isolated-3] [INFO] [1789424460.131377960] [zed.zed_node]:  * ZED SDK running on GPU #0
[component_container_isolated-3] [INFO] [1789424460.131558847] [zed.zed_node]:  * Camera Model  -> ZED
[component_container_isolated-3] [INFO] [1789424460.131588744] [zed.zed_node]:  * Serial Number -> 1943145
[component_container_isolated-3] [INFO] [1789424460.131790373] [zed.zed_node]:  * Focal Length	-> 2.87387 mm
[component_container_isolated-3] [INFO] [1789424460.131866044] [zed.zed_node]:  * Input	-> USB
[component_container_isolated-3] [INFO] [1789424460.131897189] [zed.zed_node]:  * Camera FW Version  -> 1523
[component_container_isolated-3] [INFO] [1789424460.131916683] [zed.zed_node]:  * Camera grab size -> 1280x720
[component_container_isolated-3] [INFO] [1789424460.131931087] [zed.zed_node]:  * Color/Depth publishing size -> 1280x720
[component_container_isolated-3] [INFO] [1789424460.131945460] [zed.zed_node]:  * Point Cloud publishing size -> 448x256
[component_container_isolated-3] [INFO] [1789424460.131976317] [zed.zed_node]: === TF FRAMES ===
[component_container_isolated-3] [INFO] [1789424460.131993026] [zed.zed_node]:  * Map			-> map
[component_container_isolated-3] [INFO] [1789424460.132004550] [zed.zed_node]:  * Odometry		-> odom
[component_container_isolated-3] [INFO] [1789424460.132013448] [zed.zed_node]:  * Base			-> zed_camera_link
[component_container_isolated-3] [INFO] [1789424460.132022219] [zed.zed_node]:  * Camera		-> zed_camera_center
[component_container_isolated-3] [INFO] [1789424460.132046674] [zed.zed_node]:  * Left			-> zed_left_camera_frame
[component_container_isolated-3] [INFO] [1789424460.132057718] [zed.zed_node]:  * Left Optical		-> zed_left_camera_frame_optical
[component_container_isolated-3] [INFO] [1789424460.132067641] [zed.zed_node]:  * Right			-> zed_right_camera_frame
[component_container_isolated-3] [INFO] [1789424460.132076187] [zed.zed_node]:  * Right Optical		-> zed_right_camera_frame_optical
[component_container_isolated-3] [INFO] [1789424460.132085150] [zed.zed_node]:  * Depth			-> zed_left_camera_frame
[component_container_isolated-3] [INFO] [1789424460.132094081] [zed.zed_node]:  * Depth Optical		-> zed_left_camera_frame_optical
[component_container_isolated-3] [INFO] [1789424460.132103043] [zed.zed_node]:  * Point Cloud		-> zed_left_camera_frame
[component_container_isolated-3] [INFO] [1789424460.132214693] [zed.zed_node]: === PUBLISHED TOPICS ===
[component_container_isolated-3] [INFO] [1789424460.135929513] [zed.zed_node]:  * Advertised on topic: /zed/zed_node/status/health
[component_container_isolated-3] [INFO] [1789424460.137535887] [zed.zed_node]:  * Advertised on topic: /zed/zed_node/status/heartbeat
[component_container_isolated-3] [INFO] [1789424460.140599694] [zed.zed_node]:  * Advertised on topic: /zed/zed_node/rgb/color/rect/image [IPC type-adapted zero-copy]
[component_container_isolated-3] [INFO] [1789424460.302323497] [zed.zed_node]:  * Advertised on topic: /zed/zed_node/rgb/color/rect/image
[component_container_isolated-3] [INFO] [1789424460.302442669] [zed.zed_node]:  * Advertised on topic: /zed/zed_node/rgb/color/rect/image/compressed [image_transport]
[component_container_isolated-3] [INFO] [1789424460.302473366] [zed.zed_node]:  * Advertised on topic: /zed/zed_node/rgb/color/rect/image/theora [image_transport]
[component_container_isolated-3] [INFO] [1789424460.302519845] [zed.zed_node]:  * Advertised on topic: /zed/zed_node/rgb/color/rect/image/zstd [image_transport]
[component_container_isolated-3] [INFO] [1789424460.303833842] [zed.zed_node]:  * Advertised on topic: /zed/zed_node/depth/depth_registered [IPC type-adapted zero-copy]
[component_container_isolated-3] [INFO] [1789424460.317532770] [zed.zed_node]:  * Advertised on topic: /zed/zed_node/depth/depth_registered
[component_container_isolated-3] [INFO] [1789424460.317710488] [zed.zed_node]:  * Advertised on topic: /zed/zed_node/depth/depth_registered/compressedDepth [image_transport]
[component_container_isolated-3] [INFO] [1789424460.317742626] [zed.zed_node]:  * Advertised on topic: /zed/zed_node/depth/depth_registered/zstd [image_transport]
[component_container_isolated-3] [INFO] [1789424460.319929943] [zed.zed_node]:  * Advertised on topic: /zed/zed_node/rgb/color/rect/camera_info
[component_container_isolated-3] [INFO] [1789424460.321278127] [zed.zed_node]:  * Advertised on topic: /zed/zed_node/rgb/color/rect/image/camera_info
[component_container_isolated-3] [INFO] [1789424460.322402851] [zed.zed_node]:  * Advertised on topic: /zed/zed_node/depth/camera_info
[component_container_isolated-3] [INFO] [1789424460.323579015] [zed.zed_node]:  * Advertised on topic: /zed/zed_node/depth/depth_registered/camera_info
[component_container_isolated-3] [INFO] [1789424460.326776526] [zed.zed_node]:  * Advertised on topic: /zed/zed_node/point_cloud/cloud_registered
[component_container_isolated-3] [INFO] [1789424460.328687889] [zed.zed_node]:  * Advertised on topic: /zed/zed_node/pose
[component_container_isolated-3] [INFO] [1789424460.330092217] [zed.zed_node]:  * Advertised on topic: /zed/zed_node/pose/status
[component_container_isolated-3] [INFO] [1789424460.333710688] [zed.zed_node]:  * Advertised on topic: /zed/zed_node/odom
[component_container_isolated-3] [INFO] [1789424460.333790936] [zed.zed_node]: === Subscribers ===
[component_container_isolated-3] [INFO] [1789424460.335699066] [zed.zed_node]:  * Plane detection: '/clicked_point'
[component_container_isolated-3] [INFO] [1789424460.494589468] [zed.zed_node]: === zed started ===
[component_container_isolated-3] [INFO] [1789424460.505563668] [zed.zed_node]: === Starting Positional Tracking ===
[component_container_isolated-3] [INFO] [1789424460.505671860] [zed.zed_node]:  * Waiting for valid static transformations...
[component_container_isolated-3] [INFO] [1789424460.505891639] [zed.zed_node]:  Static transform ref. CMOS Sensor to Base [zed_left_camera_frame -> zed_camera_link]
[component_container_isolated-3] [INFO] [1789424460.505922240] [zed.zed_node]:   * Translation: {0.011,-0.060,-0.015}
[component_container_isolated-3] [INFO] [1789424460.505941062] [zed.zed_node]:   * Rotation: {0.000,-2.865,0.000}
[component_container_isolated-3] [INFO] [1789424460.505999832] [zed.zed_node]:  Static transform ref. CMOS Sensor to Camera Center [zed_left_camera_frame -> zed_camera_center]
[component_container_isolated-3] [INFO] [1789424460.506043333] [zed.zed_node]:   * Translation: {0.010,-0.060,0.000}
[component_container_isolated-3] [INFO] [1789424460.506061674] [zed.zed_node]:   * Rotation: {0.000,-0.000,0.000}
[component_container_isolated-3] [INFO] [1789424460.506094740] [zed.zed_node]:  Static transform Camera Center to Base [zed_camera_center -> zed_camera_link]
[component_container_isolated-3] [INFO] [1789424460.506113402] [zed.zed_node]:   * Translation: {0.001,0.000,-0.015}
[component_container_isolated-3] [INFO] [1789424460.506128927] [zed.zed_node]:   * Rotation: {0.000,-2.865,0.000}
[component_container_isolated-3] [INFO] [1789424460.507236814] [zed.zed_node]: Initial ZED left camera pose (ZED pos. tracking): 
[component_container_isolated-3] [INFO] [1789424460.507274041] [zed.zed_node]:  * T: [-0.0099875,0.06,0.0154998]
[component_container_isolated-3] [INFO] [1789424460.507304898] [zed.zed_node]:  * Q: [0,0.0249974,0,0.999688]
[INFO] [window_detect-4]: process started with pid [4975]
[window_detect-4] [INFO] [1789424462.501021689] [window_detect]: camera_info_topic derived from image_topic: /zed/zed_node/rgb/color/rect/camera_info
[window_detect-4] [INFO] [1789424462.828614597] [window_detect]: Browser stream on http://<jetson-ip>:8080/ (single frame at /snapshot.jpg).
[window_detect-4] [INFO] [1789424462.830327308] [window_detect]: Window detection up. image=/zed/zed_node/rgb/color/rect/image depth=/zed/zed_node/depth/depth_registered color=blue. Publishing /window_detected, /window_info, /window_geometry, /window_detection/image.
[window_detect-4] [INFO] [1789424462.832779073] [window_detect]: CameraInfo from /zed/zed_node/rgb/color/rect/camera_info: fx=703.8 fy=703.8 cx=591.7 cy=375.7 (1280x720). /window_geometry angles are now metric.
[window_detect-4] [INFO] [1789424462.992591173] [window_detect]: First frame from /zed/zed_node/rgb/color/rect/image: 1280x720.
[window_detect-4] [INFO] [1789424463.043425100] [window_detect]: window: no   (streak 0 misses, 1 frames processed, 0 skipped by max_fps=10)
[window_detect-4] [WARN] [1789424463.218431077] [window_detect]: WINDOW DETECTED  (centre=(612,214) offset=-0.04 area=724px dist=2.86m)
[micro_ros_agent-1] [1789424463.222995] info     | ProxyClient.cpp    | create_topic             | topic created          | client_key: 0x00000001, topic_id: 0x800(2), participant_id: 0x001(1)
[micro_ros_agent-1] [1789424463.223235] info     | ProxyClient.cpp    | create_subscriber        | subscriber created     | client_key: 0x00000001, subscriber_id: 0x800(4), participant_id: 0x001(1)
[micro_ros_agent-1] [1789424463.225397] info     | ProxyClient.cpp    | create_datareader        | datareader created     | client_key: 0x00000001, datareader_id: 0x800(6), subscriber_id: 0x800(4)
[micro_ros_agent-1] [1789424463.229160] info     | ProxyClient.cpp    | create_topic             | topic created          | client_key: 0x00000001, topic_id: 0x801(2), participant_id: 0x001(1)
[micro_ros_agent-1] [1789424463.229294] info     | ProxyClient.cpp    | create_subscriber        | subscriber created     | client_key: 0x00000001, subscriber_id: 0x801(4), participant_id: 0x001(1)
[micro_ros_agent-1] [1789424463.230825] info     | ProxyClient.cpp    | create_datareader        | datareader created     | client_key: 0x00000001, datareader_id: 0x801(6), subscriber_id: 0x801(4)
[micro_ros_agent-1] [1789424463.234436] info     | ProxyClient.cpp    | create_topic             | topic created          | client_key: 0x00000001, topic_id: 0x802(2), participant_id: 0x001(1)
[micro_ros_agent-1] [1789424463.234884] info     | ProxyClient.cpp    | create_subscriber        | subscriber created     | client_key: 0x00000001, subscriber_id: 0x802(4), participant_id: 0x001(1)
[micro_ros_agent-1] [1789424463.236281] info     | ProxyClient.cpp    | create_datareader        | datareader created     | client_key: 0x00000001, datareader_id: 0x802(6), subscriber_id: 0x802(4)
[micro_ros_agent-1] [1789424463.239620] info     | ProxyClient.cpp    | create_topic             | topic created          | client_key: 0x00000001, topic_id: 0x803(2), participant_id: 0x001(1)
[micro_ros_agent-1] [1789424463.239726] info     | ProxyClient.cpp    | create_subscriber        | subscriber created     | client_key: 0x00000001, subscriber_id: 0x803(4), participant_id: 0x001(1)
[micro_ros_agent-1] [1789424463.240854] info     | ProxyClient.cpp    | create_datareader        | datareader created     | client_key: 0x00000001, datareader_id: 0x803(6), subscriber_id: 0x803(4)
[micro_ros_agent-1] [1789424463.244402] info     | ProxyClient.cpp    | create_topic             | topic created          | client_key: 0x00000001, topic_id: 0x804(2), participant_id: 0x001(1)
[micro_ros_agent-1] [1789424463.244501] info     | ProxyClient.cpp    | create_subscriber        | subscriber created     | client_key: 0x00000001, subscriber_id: 0x804(4), participant_id: 0x001(1)
[micro_ros_agent-1] [1789424463.247379] info     | ProxyClient.cpp    | create_datareader        | datareader created     | client_key: 0x00000001, datareader_id: 0x804(6), subscriber_id: 0x804(4)
[micro_ros_agent-1] [1789424463.251846] info     | ProxyClient.cpp    | create_topic             | topic created          | client_key: 0x00000001, topic_id: 0x805(2), participant_id: 0x001(1)
[micro_ros_agent-1] [1789424463.252004] info     | ProxyClient.cpp    | create_subscriber        | subscriber created     | client_key: 0x00000001, subscriber_id: 0x805(4), participant_id: 0x001(1)
[micro_ros_agent-1] [1789424463.253311] info     | ProxyClient.cpp    | create_datareader        | datareader created     | client_key: 0x00000001, datareader_id: 0x805(6), subscriber_id: 0x805(4)
[micro_ros_agent-1] [1789424463.256518] info     | ProxyClient.cpp    | create_topic             | topic created          | client_key: 0x00000001, topic_id: 0x806(2), participant_id: 0x001(1)
[micro_ros_agent-1] [1789424463.256639] info     | ProxyClient.cpp    | create_subscriber        | subscriber created     | client_key: 0x00000001, subscriber_id: 0x806(4), participant_id: 0x001(1)
[micro_ros_agent-1] [1789424463.257552] info     | ProxyClient.cpp    | create_datareader        | datareader created     | client_key: 0x00000001, datareader_id: 0x806(6), subscriber_id: 0x806(4)
[micro_ros_agent-1] [1789424463.260691] info     | ProxyClient.cpp    | create_topic             | topic created          | client_key: 0x00000001, topic_id: 0x807(2), participant_id: 0x001(1)
[micro_ros_agent-1] [1789424463.260774] info     | ProxyClient.cpp    | create_subscriber        | subscriber created     | client_key: 0x00000001, subscriber_id: 0x807(4), participant_id: 0x001(1)
[micro_ros_agent-1] [1789424463.261766] info     | ProxyClient.cpp    | create_datareader        | datareader created     | client_key: 0x00000001, datareader_id: 0x807(6), subscriber_id: 0x807(4)
[micro_ros_agent-1] [1789424463.266570] info     | ProxyClient.cpp    | create_topic             | topic created          | client_key: 0x00000001, topic_id: 0x808(2), participant_id: 0x001(1)
[micro_ros_agent-1] [1789424463.266741] info     | ProxyClient.cpp    | create_subscriber        | subscriber created     | client_key: 0x00000001, subscriber_id: 0x808(4), participant_id: 0x001(1)
[micro_ros_agent-1] [1789424463.268126] info     | ProxyClient.cpp    | create_datareader        | datareader created     | client_key: 0x00000001, datareader_id: 0x808(6), subscriber_id: 0x808(4)
[micro_ros_agent-1] [1789424463.271199] info     | ProxyClient.cpp    | create_topic             | topic created          | client_key: 0x00000001, topic_id: 0x809(2), participant_id: 0x001(1)
[micro_ros_agent-1] [1789424463.271287] info     | ProxyClient.cpp    | create_subscriber        | subscriber created     | client_key: 0x00000001, subscriber_id: 0x809(4), participant_id: 0x001(1)
[micro_ros_agent-1] [1789424463.272103] info     | ProxyClient.cpp    | create_datareader        | datareader created     | client_key: 0x00000001, datareader_id: 0x809(6), subscriber_id: 0x809(4)
[micro_ros_agent-1] [1789424463.275418] info     | ProxyClient.cpp    | create_topic             | topic created          | client_key: 0x00000001, topic_id: 0x80A(2), participant_id: 0x001(1)
[micro_ros_agent-1] [1789424463.275496] info     | ProxyClient.cpp    | create_subscriber        | subscriber created     | client_key: 0x00000001, subscriber_id: 0x80A(4), participant_id: 0x001(1)
[micro_ros_agent-1] [1789424463.276409] info     | ProxyClient.cpp    | create_datareader        | datareader created     | client_key: 0x00000001, datareader_id: 0x80A(6), subscriber_id: 0x80A(4)
[micro_ros_agent-1] [1789424463.279559] info     | ProxyClient.cpp    | create_topic             | topic created          | client_key: 0x00000001, topic_id: 0x80B(2), participant_id: 0x001(1)
[micro_ros_agent-1] [1789424463.279634] info     | ProxyClient.cpp    | create_subscriber        | subscriber created     | client_key: 0x00000001, subscriber_id: 0x80B(4), participant_id: 0x001(1)
[micro_ros_agent-1] [1789424463.280436] info     | ProxyClient.cpp    | create_datareader        | datareader created     | client_key: 0x00000001, datareader_id: 0x80B(6), subscriber_id: 0x80B(4)
[micro_ros_agent-1] [1789424463.283457] info     | ProxyClient.cpp    | create_topic             | topic created          | client_key: 0x00000001, topic_id: 0x80C(2), participant_id: 0x001(1)
[micro_ros_agent-1] [1789424463.283533] info     | ProxyClient.cpp    | create_subscriber        | subscriber created     | client_key: 0x00000001, subscriber_id: 0x80C(4), participant_id: 0x001(1)
[micro_ros_agent-1] [1789424463.284516] info     | ProxyClient.cpp    | create_datareader        | datareader created     | client_key: 0x00000001, datareader_id: 0x80C(6), subscriber_id: 0x80C(4)
[micro_ros_agent-1] [1789424463.287644] info     | ProxyClient.cpp    | create_topic             | topic created          | client_key: 0x00000001, topic_id: 0x80D(2), participant_id: 0x001(1)
[micro_ros_agent-1] [1789424463.287714] info     | ProxyClient.cpp    | create_subscriber        | subscriber created     | client_key: 0x00000001, subscriber_id: 0x80D(4), participant_id: 0x001(1)
[micro_ros_agent-1] [1789424463.288372] info     | ProxyClient.cpp    | create_datareader        | datareader created     | client_key: 0x00000001, datareader_id: 0x80D(6), subscriber_id: 0x80D(4)
[micro_ros_agent-1] [1789424463.291244] info     | ProxyClient.cpp    | create_topic             | topic created          | client_key: 0x00000001, topic_id: 0x80E(2), participant_id: 0x001(1)
[micro_ros_agent-1] [1789424463.291311] info     | ProxyClient.cpp    | create_subscriber        | subscriber created     | client_key: 0x00000001, subscriber_id: 0x80E(4), participant_id: 0x001(1)
[micro_ros_agent-1] [1789424463.292272] info     | ProxyClient.cpp    | create_datareader        | datareader created     | client_key: 0x00000001, datareader_id: 0x80E(6), subscriber_id: 0x80E(4)
[micro_ros_agent-1] [1789424463.295353] info     | ProxyClient.cpp    | create_topic             | topic created          | client_key: 0x00000001, topic_id: 0x80F(2), participant_id: 0x001(1)
[micro_ros_agent-1] [1789424463.295420] info     | ProxyClient.cpp    | create_subscriber        | subscriber created     | client_key: 0x00000001, subscriber_id: 0x80F(4), participant_id: 0x001(1)
[micro_ros_agent-1] [1789424463.296149] info     | ProxyClient.cpp    | create_datareader        | datareader created     | client_key: 0x00000001, datareader_id: 0x80F(6), subscriber_id: 0x80F(4)
[micro_ros_agent-1] [1789424463.299373] info     | ProxyClient.cpp    | create_topic             | topic created          | client_key: 0x00000001, topic_id: 0x810(2), participant_id: 0x001(1)
[micro_ros_agent-1] [1789424463.299438] info     | ProxyClient.cpp    | create_subscriber        | subscriber created     | client_key: 0x00000001, subscriber_id: 0x810(4), participant_id: 0x001(1)
[micro_ros_agent-1] [1789424463.300476] info     | ProxyClient.cpp    | create_datareader        | datareader created     | client_key: 0x00000001, datareader_id: 0x810(6), subscriber_id: 0x810(4)
[micro_ros_agent-1] [1789424463.303997] info     | ProxyClient.cpp    | create_topic             | topic created          | client_key: 0x00000001, topic_id: 0x811(2), participant_id: 0x001(1)
[micro_ros_agent-1] [1789424463.304064] info     | ProxyClient.cpp    | create_subscriber        | subscriber created     | client_key: 0x00000001, subscriber_id: 0x811(4), participant_id: 0x001(1)
[micro_ros_agent-1] [1789424463.305005] info     | ProxyClient.cpp    | create_datareader        | datareader created     | client_key: 0x00000001, datareader_id: 0x811(6), subscriber_id: 0x811(4)
[micro_ros_agent-1] [1789424463.308068] info     | ProxyClient.cpp    | create_topic             | topic created          | client_key: 0x00000001, topic_id: 0x812(2), participant_id: 0x001(1)
[micro_ros_agent-1] [1789424463.308157] info     | ProxyClient.cpp    | create_subscriber        | subscriber created     | client_key: 0x00000001, subscriber_id: 0x812(4), participant_id: 0x001(1)
[micro_ros_agent-1] [1789424463.309398] info     | ProxyClient.cpp    | create_datareader        | datareader created     | client_key: 0x00000001, datareader_id: 0x812(6), subscriber_id: 0x812(4)
[micro_ros_agent-1] [1789424463.313196] info     | ProxyClient.cpp    | create_topic             | topic created          | client_key: 0x00000001, topic_id: 0x813(2), participant_id: 0x001(1)
[micro_ros_agent-1] [1789424463.313306] info     | ProxyClient.cpp    | create_subscriber        | subscriber created     | client_key: 0x00000001, subscriber_id: 0x813(4), participant_id: 0x001(1)
[micro_ros_agent-1] [1789424463.314340] info     | ProxyClient.cpp    | create_datareader        | datareader created     | client_key: 0x00000001, datareader_id: 0x813(6), subscriber_id: 0x813(4)
[micro_ros_agent-1] [1789424463.317464] info     | ProxyClient.cpp    | create_topic             | topic created          | client_key: 0x00000001, topic_id: 0x814(2), participant_id: 0x001(1)
[micro_ros_agent-1] [1789424463.317544] info     | ProxyClient.cpp    | create_subscriber        | subscriber created     | client_key: 0x00000001, subscriber_id: 0x814(4), participant_id: 0x001(1)
[micro_ros_agent-1] [1789424463.318441] info     | ProxyClient.cpp    | create_datareader        | datareader created     | client_key: 0x00000001, datareader_id: 0x814(6), subscriber_id: 0x814(4)
[micro_ros_agent-1] [1789424463.321575] info     | ProxyClient.cpp    | create_topic             | topic created          | client_key: 0x00000001, topic_id: 0x815(2), participant_id: 0x001(1)
[micro_ros_agent-1] [1789424463.321646] info     | ProxyClient.cpp    | create_subscriber        | subscriber created     | client_key: 0x00000001, subscriber_id: 0x815(4), participant_id: 0x001(1)
[micro_ros_agent-1] [1789424463.322606] info     | ProxyClient.cpp    | create_datareader        | datareader created     | client_key: 0x00000001, datareader_id: 0x815(6), subscriber_id: 0x815(4)
[micro_ros_agent-1] [1789424463.325708] info     | ProxyClient.cpp    | create_topic             | topic created          | client_key: 0x00000001, topic_id: 0x816(2), participant_id: 0x001(1)
[micro_ros_agent-1] [1789424463.325787] info     | ProxyClient.cpp    | create_subscriber        | subscriber created     | client_key: 0x00000001, subscriber_id: 0x816(4), participant_id: 0x001(1)
[micro_ros_agent-1] [1789424463.328349] info     | ProxyClient.cpp    | create_datareader        | datareader created     | client_key: 0x00000001, datareader_id: 0x816(6), subscriber_id: 0x816(4)
[micro_ros_agent-1] [1789424463.331614] info     | ProxyClient.cpp    | create_topic             | topic created          | client_key: 0x00000001, topic_id: 0x817(2), participant_id: 0x001(1)
[micro_ros_agent-1] [1789424463.331752] info     | ProxyClient.cpp    | create_subscriber        | subscriber created     | client_key: 0x00000001, subscriber_id: 0x817(4), participant_id: 0x001(1)
[micro_ros_agent-1] [1789424463.338964] info     | ProxyClient.cpp    | create_datareader        | datareader created     | client_key: 0x00000001, datareader_id: 0x817(6), subscriber_id: 0x817(4)
[micro_ros_agent-1] [1789424463.343325] info     | ProxyClient.cpp    | create_topic             | topic created          | client_key: 0x00000001, topic_id: 0x818(2), participant_id: 0x001(1)
[micro_ros_agent-1] [1789424463.343445] info     | ProxyClient.cpp    | create_subscriber        | subscriber created     | client_key: 0x00000001, subscriber_id: 0x818(4), participant_id: 0x001(1)
[micro_ros_agent-1] [1789424463.344624] info     | ProxyClient.cpp    | create_datareader        | datareader created     | client_key: 0x00000001, datareader_id: 0x818(6), subscriber_id: 0x818(4)
[micro_ros_agent-1] [1789424463.347686] info     | ProxyClient.cpp    | create_topic             | topic created          | client_key: 0x00000001, topic_id: 0x819(2), participant_id: 0x001(1)
[micro_ros_agent-1] [1789424463.347804] info     | ProxyClient.cpp    | create_subscriber        | subscriber created     | client_key: 0x00000001, subscriber_id: 0x819(4), participant_id: 0x001(1)
[micro_ros_agent-1] [1789424463.349100] info     | ProxyClient.cpp    | create_datareader        | datareader created     | client_key: 0x00000001, datareader_id: 0x819(6), subscriber_id: 0x819(4)
[micro_ros_agent-1] [1789424463.352271] info     | ProxyClient.cpp    | create_topic             | topic created          | client_key: 0x00000001, topic_id: 0x81A(2), participant_id: 0x001(1)
[micro_ros_agent-1] [1789424463.352488] info     | ProxyClient.cpp    | create_subscriber        | subscriber created     | client_key: 0x00000001, subscriber_id: 0x81A(4), participant_id: 0x001(1)
[micro_ros_agent-1] [1789424463.353480] info     | ProxyClient.cpp    | create_datareader        | datareader created     | client_key: 0x00000001, datareader_id: 0x81A(6), subscriber_id: 0x81A(4)
[micro_ros_agent-1] [1789424463.357205] info     | ProxyClient.cpp    | create_topic             | topic created          | client_key: 0x00000001, topic_id: 0x81B(2), participant_id: 0x001(1)
[micro_ros_agent-1] [1789424463.357342] info     | ProxyClient.cpp    | create_subscriber        | subscriber created     | client_key: 0x00000001, subscriber_id: 0x81B(4), participant_id: 0x001(1)
[micro_ros_agent-1] [1789424463.358447] info     | ProxyClient.cpp    | create_datareader        | datareader created     | client_key: 0x00000001, datareader_id: 0x81B(6), subscriber_id: 0x81B(4)
[micro_ros_agent-1] [1789424463.362764] info     | ProxyClient.cpp    | create_topic             | topic created          | client_key: 0x00000001, topic_id: 0x81C(2), participant_id: 0x001(1)
[micro_ros_agent-1] [1789424463.362888] info     | ProxyClient.cpp    | create_subscriber        | subscriber created     | client_key: 0x00000001, subscriber_id: 0x81C(4), participant_id: 0x001(1)
[micro_ros_agent-1] [1789424463.363968] info     | ProxyClient.cpp    | create_datareader        | datareader created     | client_key: 0x00000001, datareader_id: 0x81C(6), subscriber_id: 0x81C(4)
[micro_ros_agent-1] [1789424463.367647] info     | ProxyClient.cpp    | create_topic             | topic created          | client_key: 0x00000001, topic_id: 0x81D(2), participant_id: 0x001(1)
[micro_ros_agent-1] [1789424463.367827] info     | ProxyClient.cpp    | create_subscriber        | subscriber created     | client_key: 0x00000001, subscriber_id: 0x81D(4), participant_id: 0x001(1)
[micro_ros_agent-1] [1789424463.369146] info     | ProxyClient.cpp    | create_datareader        | datareader created     | client_key: 0x00000001, datareader_id: 0x81D(6), subscriber_id: 0x81D(4)
[micro_ros_agent-1] [1789424463.373932] info     | ProxyClient.cpp    | create_topic             | topic created          | client_key: 0x00000001, topic_id: 0x81E(2), participant_id: 0x001(1)
[micro_ros_agent-1] [1789424463.374073] info     | ProxyClient.cpp    | create_subscriber        | subscriber created     | client_key: 0x00000001, subscriber_id: 0x81E(4), participant_id: 0x001(1)
[micro_ros_agent-1] [1789424463.375633] info     | ProxyClient.cpp    | create_datareader        | datareader created     | client_key: 0x00000001, datareader_id: 0x81E(6), subscriber_id: 0x81E(4)
[micro_ros_agent-1] [1789424463.379919] info     | ProxyClient.cpp    | create_topic             | topic created          | client_key: 0x00000001, topic_id: 0x81F(2), participant_id: 0x001(1)
[micro_ros_agent-1] [1789424463.380047] info     | ProxyClient.cpp    | create_subscriber        | subscriber created     | client_key: 0x00000001, subscriber_id: 0x81F(4), participant_id: 0x001(1)
[micro_ros_agent-1] [1789424463.382146] info     | ProxyClient.cpp    | create_datareader        | datareader created     | client_key: 0x00000001, datareader_id: 0x81F(6), subscriber_id: 0x81F(4)
[micro_ros_agent-1] [1789424463.385777] info     | ProxyClient.cpp    | create_topic             | topic created          | client_key: 0x00000001, topic_id: 0x820(2), participant_id: 0x001(1)
[micro_ros_agent-1] [1789424463.385894] info     | ProxyClient.cpp    | create_subscriber        | subscriber created     | client_key: 0x00000001, subscriber_id: 0x820(4), participant_id: 0x001(1)
[micro_ros_agent-1] [1789424463.386842] info     | ProxyClient.cpp    | create_datareader        | datareader created     | client_key: 0x00000001, datareader_id: 0x820(6), subscriber_id: 0x820(4)
[micro_ros_agent-1] [1789424463.390040] info     | ProxyClient.cpp    | create_topic             | topic created          | client_key: 0x00000001, topic_id: 0x821(2), participant_id: 0x001(1)
[micro_ros_agent-1] [1789424463.390128] info     | ProxyClient.cpp    | create_subscriber        | subscriber created     | client_key: 0x00000001, subscriber_id: 0x821(4), participant_id: 0x001(1)
[micro_ros_agent-1] [1789424463.391274] info     | ProxyClient.cpp    | create_datareader        | datareader created     | client_key: 0x00000001, datareader_id: 0x821(6), subscriber_id: 0x821(4)
[micro_ros_agent-1] [1789424463.394467] info     | ProxyClient.cpp    | create_topic             | topic created          | client_key: 0x00000001, topic_id: 0x822(2), participant_id: 0x001(1)
[micro_ros_agent-1] [1789424463.394552] info     | ProxyClient.cpp    | create_subscriber        | subscriber created     | client_key: 0x00000001, subscriber_id: 0x822(4), participant_id: 0x001(1)
[micro_ros_agent-1] [1789424463.395603] info     | ProxyClient.cpp    | create_datareader        | datareader created     | client_key: 0x00000001, datareader_id: 0x822(6), subscriber_id: 0x822(4)
[micro_ros_agent-1] [1789424463.399439] info     | ProxyClient.cpp    | create_topic             | topic created          | client_key: 0x00000001, topic_id: 0x823(2), participant_id: 0x001(1)
[micro_ros_agent-1] [1789424463.399589] info     | ProxyClient.cpp    | create_subscriber        | subscriber created     | client_key: 0x00000001, subscriber_id: 0x823(4), participant_id: 0x001(1)
[micro_ros_agent-1] [1789424463.402447] info     | ProxyClient.cpp    | create_datareader        | datareader created     | client_key: 0x00000001, datareader_id: 0x823(6), subscriber_id: 0x823(4)
[micro_ros_agent-1] [1789424463.406203] info     | ProxyClient.cpp    | create_topic             | topic created          | client_key: 0x00000001, topic_id: 0x824(2), participant_id: 0x001(1)
[micro_ros_agent-1] [1789424463.406319] info     | ProxyClient.cpp    | create_subscriber        | subscriber created     | client_key: 0x00000001, subscriber_id: 0x824(4), participant_id: 0x001(1)
[micro_ros_agent-1] [1789424463.407519] info     | ProxyClient.cpp    | create_datareader        | datareader created     | client_key: 0x00000001, datareader_id: 0x824(6), subscriber_id: 0x824(4)
[micro_ros_agent-1] [1789424463.410950] info     | ProxyClient.cpp    | create_topic             | topic created          | client_key: 0x00000001, topic_id: 0x825(2), participant_id: 0x001(1)
[micro_ros_agent-1] [1789424463.411071] info     | ProxyClient.cpp    | create_subscriber        | subscriber created     | client_key: 0x00000001, subscriber_id: 0x825(4), participant_id: 0x001(1)
[micro_ros_agent-1] [1789424463.414970] info     | ProxyClient.cpp    | create_datareader        | datareader created     | client_key: 0x00000001, datareader_id: 0x825(6), subscriber_id: 0x825(4)
[micro_ros_agent-1] [1789424463.418557] info     | ProxyClient.cpp    | create_topic             | topic created          | client_key: 0x00000001, topic_id: 0x0CD(2), participant_id: 0x001(1)
[micro_ros_agent-1] [1789424463.418693] info     | ProxyClient.cpp    | create_publisher         | publisher created      | client_key: 0x00000001, publisher_id: 0x0CD(3), participant_id: 0x001(1)
[micro_ros_agent-1] [1789424463.422617] info     | ProxyClient.cpp    | create_datawriter        | datawriter created     | client_key: 0x00000001, datawriter_id: 0x0CD(5), publisher_id: 0x0CD(3)
[micro_ros_agent-1] [1789424463.425478] info     | ProxyClient.cpp    | create_topic             | topic created          | client_key: 0x00000001, topic_id: 0x010(2), participant_id: 0x001(1)
[micro_ros_agent-1] [1789424463.425572] info     | ProxyClient.cpp    | create_publisher         | publisher created      | client_key: 0x00000001, publisher_id: 0x010(3), participant_id: 0x001(1)
[micro_ros_agent-1] [1789424463.426506] info     | ProxyClient.cpp    | create_datawriter        | datawriter created     | client_key: 0x00000001, datawriter_id: 0x010(5), publisher_id: 0x010(3)
[micro_ros_agent-1] [1789424463.429309] info     | ProxyClient.cpp    | create_topic             | topic created          | client_key: 0x00000001, topic_id: 0x09D(2), participant_id: 0x001(1)
[micro_ros_agent-1] [1789424463.429412] info     | ProxyClient.cpp    | create_publisher         | publisher created      | client_key: 0x00000001, publisher_id: 0x09D(3), participant_id: 0x001(1)
[micro_ros_agent-1] [1789424463.430534] info     | ProxyClient.cpp    | create_datawriter        | datawriter created     | client_key: 0x00000001, datawriter_id: 0x09D(5), publisher_id: 0x09D(3)
[micro_ros_agent-1] [1789424463.433762] info     | ProxyClient.cpp    | create_topic             | topic created          | client_key: 0x00000001, topic_id: 0x014(2), participant_id: 0x001(1)
[micro_ros_agent-1] [1789424463.433898] info     | ProxyClient.cpp    | create_publisher         | publisher created      | client_key: 0x00000001, publisher_id: 0x014(3), participant_id: 0x001(1)
[micro_ros_agent-1] [1789424463.434973] info     | ProxyClient.cpp    | create_datawriter        | datawriter created     | client_key: 0x00000001, datawriter_id: 0x014(5), publisher_id: 0x014(3)
[micro_ros_agent-1] [1789424463.437874] info     | ProxyClient.cpp    | create_topic             | topic created          | client_key: 0x00000001, topic_id: 0x01B(2), participant_id: 0x001(1)
[micro_ros_agent-1] [1789424463.437972] info     | ProxyClient.cpp    | create_publisher         | publisher created      | client_key: 0x00000001, publisher_id: 0x01B(3), participant_id: 0x001(1)
[micro_ros_agent-1] [1789424463.439279] info     | ProxyClient.cpp    | create_datawriter        | datawriter created     | client_key: 0x00000001, datawriter_id: 0x01B(5), publisher_id: 0x01B(3)
[micro_ros_agent-1] [1789424463.442850] info     | ProxyClient.cpp    | create_topic             | topic created          | client_key: 0x00000001, topic_id: 0x055(2), participant_id: 0x001(1)
[micro_ros_agent-1] [1789424463.442976] info     | ProxyClient.cpp    | create_publisher         | publisher created      | client_key: 0x00000001, publisher_id: 0x055(3), participant_id: 0x001(1)
[micro_ros_agent-1] [1789424463.443992] info     | ProxyClient.cpp    | create_datawriter        | datawriter created     | client_key: 0x00000001, datawriter_id: 0x055(5), publisher_id: 0x055(3)
[micro_ros_agent-1] [1789424463.447507] info     | ProxyClient.cpp    | create_topic             | topic created          | client_key: 0x00000001, topic_id: 0x05B(2), participant_id: 0x001(1)
[micro_ros_agent-1] [1789424463.447608] info     | ProxyClient.cpp    | create_publisher         | publisher created      | client_key: 0x00000001, publisher_id: 0x05B(3), participant_id: 0x001(1)
[micro_ros_agent-1] [1789424463.448922] info     | ProxyClient.cpp    | create_datawriter        | datawriter created     | client_key: 0x00000001, datawriter_id: 0x05B(5), publisher_id: 0x05B(3)
[micro_ros_agent-1] [1789424463.451809] info     | ProxyClient.cpp    | create_topic             | topic created          | client_key: 0x00000001, topic_id: 0x094(2), participant_id: 0x001(1)
[micro_ros_agent-1] [1789424463.451906] info     | ProxyClient.cpp    | create_publisher         | publisher created      | client_key: 0x00000001, publisher_id: 0x094(3), participant_id: 0x001(1)
[micro_ros_agent-1] [1789424463.452704] info     | ProxyClient.cpp    | create_datawriter        | datawriter created     | client_key: 0x00000001, datawriter_id: 0x094(5), publisher_id: 0x094(3)
[micro_ros_agent-1] [1789424463.455701] info     | ProxyClient.cpp    | create_topic             | topic created          | client_key: 0x00000001, topic_id: 0x09A(2), participant_id: 0x001(1)
[micro_ros_agent-1] [1789424463.455785] info     | ProxyClient.cpp    | create_publisher         | publisher created      | client_key: 0x00000001, publisher_id: 0x09A(3), participant_id: 0x001(1)
[micro_ros_agent-1] [1789424463.456668] info     | ProxyClient.cpp    | create_datawriter        | datawriter created     | client_key: 0x00000001, datawriter_id: 0x09A(5), publisher_id: 0x09A(3)
[micro_ros_agent-1] [1789424463.459689] info     | ProxyClient.cpp    | create_topic             | topic created          | client_key: 0x00000001, topic_id: 0x0C0(2), participant_id: 0x001(1)
[micro_ros_agent-1] [1789424463.459767] info     | ProxyClient.cpp    | create_publisher         | publisher created      | client_key: 0x00000001, publisher_id: 0x0C0(3), participant_id: 0x001(1)
[micro_ros_agent-1] [1789424463.460659] info     | ProxyClient.cpp    | create_datawriter        | datawriter created     | client_key: 0x00000001, datawriter_id: 0x0C0(5), publisher_id: 0x0C0(3)
[micro_ros_agent-1] [1789424463.463896] info     | ProxyClient.cpp    | create_topic             | topic created          | client_key: 0x00000001, topic_id: 0x0E1(2), participant_id: 0x001(1)
[micro_ros_agent-1] [1789424463.464035] info     | ProxyClient.cpp    | create_publisher         | publisher created      | client_key: 0x00000001, publisher_id: 0x0E1(3), participant_id: 0x001(1)
[micro_ros_agent-1] [1789424463.465446] info     | ProxyClient.cpp    | create_datawriter        | datawriter created     | client_key: 0x00000001, datawriter_id: 0x0E1(5), publisher_id: 0x0E1(3)
[micro_ros_agent-1] [1789424463.468138] info     | ProxyClient.cpp    | create_topic             | topic created          | client_key: 0x00000001, topic_id: 0x0F9(2), participant_id: 0x001(1)
[micro_ros_agent-1] [1789424463.468276] info     | ProxyClient.cpp    | create_publisher         | publisher created      | client_key: 0x00000001, publisher_id: 0x0F9(3), participant_id: 0x001(1)
[micro_ros_agent-1] [1789424463.470916] info     | ProxyClient.cpp    | create_datawriter        | datawriter created     | client_key: 0x00000001, datawriter_id: 0x0F9(5), publisher_id: 0x0F9(3)
[micro_ros_agent-1] [1789424463.473767] info     | ProxyClient.cpp    | create_topic             | topic created          | client_key: 0x00000001, topic_id: 0x0FC(2), participant_id: 0x001(1)
[micro_ros_agent-1] [1789424463.473847] info     | ProxyClient.cpp    | create_publisher         | publisher created      | client_key: 0x00000001, publisher_id: 0x0FC(3), participant_id: 0x001(1)
[micro_ros_agent-1] [1789424463.474897] info     | ProxyClient.cpp    | create_datawriter        | datawriter created     | client_key: 0x00000001, datawriter_id: 0x0FC(5), publisher_id: 0x0FC(3)
[micro_ros_agent-1] [1789424463.477839] info     | ProxyClient.cpp    | create_topic             | topic created          | client_key: 0x00000001, topic_id: 0x115(2), participant_id: 0x001(1)
[micro_ros_agent-1] [1789424463.477933] info     | ProxyClient.cpp    | create_publisher         | publisher created      | client_key: 0x00000001, publisher_id: 0x115(3), participant_id: 0x001(1)
[micro_ros_agent-1] [1789424463.478743] info     | ProxyClient.cpp    | create_datawriter        | datawriter created     | client_key: 0x00000001, datawriter_id: 0x115(5), publisher_id: 0x115(3)
[micro_ros_agent-1] [1789424463.482753] info     | ProxyClient.cpp    | create_topic             | topic created          | client_key: 0x00000001, topic_id: 0x108(2), participant_id: 0x001(1)
[micro_ros_agent-1] [1789424463.482891] info     | ProxyClient.cpp    | create_publisher         | publisher created      | client_key: 0x00000001, publisher_id: 0x108(3), participant_id: 0x001(1)
[micro_ros_agent-1] [1789424463.483911] info     | ProxyClient.cpp    | create_datawriter        | datawriter created     | client_key: 0x00000001, datawriter_id: 0x108(5), publisher_id: 0x108(3)
[micro_ros_agent-1] [1789424463.486816] info     | ProxyClient.cpp    | create_topic             | topic created          | client_key: 0x00000001, topic_id: 0x10F(2), participant_id: 0x001(1)
[micro_ros_agent-1] [1789424463.486910] info     | ProxyClient.cpp    | create_publisher         | publisher created      | client_key: 0x00000001, publisher_id: 0x10F(3), participant_id: 0x001(1)
[micro_ros_agent-1] [1789424463.487749] info     | ProxyClient.cpp    | create_datawriter        | datawriter created     | client_key: 0x00000001, datawriter_id: 0x10F(5), publisher_id: 0x10F(3)
[micro_ros_agent-1] [1789424463.514879] info     | ProxyClient.cpp    | create_topic             | topic created          | client_key: 0x00000001, topic_id: 0x10C(2), participant_id: 0x001(1)
[micro_ros_agent-1] [1789424463.515052] info     | ProxyClient.cpp    | create_publisher         | publisher created      | client_key: 0x00000001, publisher_id: 0x10C(3), participant_id: 0x001(1)
[micro_ros_agent-1] [1789424463.517672] info     | ProxyClient.cpp    | create_datawriter        | datawriter created     | client_key: 0x00000001, datawriter_id: 0x10C(5), publisher_id: 0x10C(3)
[micro_ros_agent-1] [1789424463.520982] info     | ProxyClient.cpp    | create_topic             | topic created          | client_key: 0x00000001, topic_id: 0x110(2), participant_id: 0x001(1)
[micro_ros_agent-1] [1789424463.521085] info     | ProxyClient.cpp    | create_publisher         | publisher created      | client_key: 0x00000001, publisher_id: 0x110(3), participant_id: 0x001(1)
[micro_ros_agent-1] [1789424463.521933] info     | ProxyClient.cpp    | create_datawriter        | datawriter created     | client_key: 0x00000001, datawriter_id: 0x110(5), publisher_id: 0x110(3)
[micro_ros_agent-1] [1789424463.524847] info     | ProxyClient.cpp    | create_topic             | topic created          | client_key: 0x00000001, topic_id: 0x112(2), participant_id: 0x001(1)
[micro_ros_agent-1] [1789424463.524938] info     | ProxyClient.cpp    | create_publisher         | publisher created      | client_key: 0x00000001, publisher_id: 0x112(3), participant_id: 0x001(1)
[micro_ros_agent-1] [1789424463.525836] info     | ProxyClient.cpp    | create_datawriter        | datawriter created     | client_key: 0x00000001, datawriter_id: 0x112(5), publisher_id: 0x112(3)
[micro_ros_agent-1] [1789424463.528864] info     | ProxyClient.cpp    | create_topic             | topic created          | client_key: 0x00000001, topic_id: 0x116(2), participant_id: 0x001(1)
[micro_ros_agent-1] [1789424463.528955] info     | ProxyClient.cpp    | create_publisher         | publisher created      | client_key: 0x00000001, publisher_id: 0x116(3), participant_id: 0x001(1)
[micro_ros_agent-1] [1789424463.530177] info     | ProxyClient.cpp    | create_datawriter        | datawriter created     | client_key: 0x00000001, datawriter_id: 0x116(5), publisher_id: 0x116(3)
[micro_ros_agent-1] [1789424463.703699] info     | ProxyClient.cpp    | create_topic             | topic created          | client_key: 0x00000001, topic_id: 0x11B(2), participant_id: 0x001(1)
[micro_ros_agent-1] [1789424463.703847] info     | ProxyClient.cpp    | create_publisher         | publisher created      | client_key: 0x00000001, publisher_id: 0x11B(3), participant_id: 0x001(1)
[micro_ros_agent-1] [1789424463.705309] info     | ProxyClient.cpp    | create_datawriter        | datawriter created     | client_key: 0x00000001, datawriter_id: 0x11B(5), publisher_id: 0x11B(3)
[micro_ros_agent-1] [1789424463.708815] info     | ProxyClient.cpp    | create_topic             | topic created          | client_key: 0x00000001, topic_id: 0x120(2), participant_id: 0x001(1)
[micro_ros_agent-1] [1789424463.708941] info     | ProxyClient.cpp    | create_publisher         | publisher created      | client_key: 0x00000001, publisher_id: 0x120(3), participant_id: 0x001(1)
[micro_ros_agent-1] [1789424463.710521] info     | ProxyClient.cpp    | create_datawriter        | datawriter created     | client_key: 0x00000001, datawriter_id: 0x120(5), publisher_id: 0x120(3)
[micro_ros_agent-1] [1789424463.713704] info     | ProxyClient.cpp    | create_topic             | topic created          | client_key: 0x00000001, topic_id: 0x00D(2), participant_id: 0x001(1)
[micro_ros_agent-1] [1789424463.713816] info     | ProxyClient.cpp    | create_publisher         | publisher created      | client_key: 0x00000001, publisher_id: 0x00D(3), participant_id: 0x001(1)
[micro_ros_agent-1] [1789424463.714777] info     | ProxyClient.cpp    | create_datawriter        | datawriter created     | client_key: 0x00000001, datawriter_id: 0x00D(5), publisher_id: 0x00D(3)
[micro_ros_agent-1] [1789424463.717980] info     | ProxyClient.cpp    | create_topic             | topic created          | client_key: 0x00000001, topic_id: 0x129(2), participant_id: 0x001(1)
[micro_ros_agent-1] [1789424463.718079] info     | ProxyClient.cpp    | create_publisher         | publisher created      | client_key: 0x00000001, publisher_id: 0x129(3), participant_id: 0x001(1)
[micro_ros_agent-1] [1789424463.719017] info     | ProxyClient.cpp    | create_datawriter        | datawriter created     | client_key: 0x00000001, datawriter_id: 0x129(5), publisher_id: 0x129(3)
[micro_ros_agent-1] [1789424463.721833] info     | ProxyClient.cpp    | create_topic             | topic created          | client_key: 0x00000001, topic_id: 0x080(2), participant_id: 0x001(1)
[micro_ros_agent-1] [1789424463.721907] info     | ProxyClient.cpp    | create_publisher         | publisher created      | client_key: 0x00000001, publisher_id: 0x080(3), participant_id: 0x001(1)
[micro_ros_agent-1] [1789424463.722762] info     | ProxyClient.cpp    | create_datawriter        | datawriter created     | client_key: 0x00000001, datawriter_id: 0x080(5), publisher_id: 0x080(3)
[micro_ros_agent-1] [1789424463.725235] info     | ProxyClient.cpp    | create_topic             | topic created          | client_key: 0x00000001, topic_id: 0x12B(2), participant_id: 0x001(1)
[micro_ros_agent-1] [1789424463.725316] info     | ProxyClient.cpp    | create_publisher         | publisher created      | client_key: 0x00000001, publisher_id: 0x12B(3), participant_id: 0x001(1)
[micro_ros_agent-1] [1789424463.726142] info     | ProxyClient.cpp    | create_datawriter        | datawriter created     | client_key: 0x00000001, datawriter_id: 0x12B(5), publisher_id: 0x12B(3)
[micro_ros_agent-1] [1789424463.730196] info     | ProxyClient.cpp    | create_topic             | topic created          | client_key: 0x00000001, topic_id: 0x06E(2), participant_id: 0x001(1)
[micro_ros_agent-1] [1789424463.730351] info     | ProxyClient.cpp    | create_publisher         | publisher created      | client_key: 0x00000001, publisher_id: 0x06E(3), participant_id: 0x001(1)
[micro_ros_agent-1] [1789424463.732224] info     | ProxyClient.cpp    | create_datawriter        | datawriter created     | client_key: 0x00000001, datawriter_id: 0x06E(5), publisher_id: 0x06E(3)
[micro_ros_agent-1] [1789424463.739468] info     | ProxyClient.cpp    | create_replier           | replier created        | client_key: 0x00000001, requester_id: 0x800(7), participant_id: 0x001(1)
[window_detect-4] [INFO] [1789424464.087702762] [window_detect]: window: YES  centre=(612,214) offset=-0.04 area=1028px dist=2.86m
[window_detect-4] [INFO] [1789424465.122354401] [window_detect]: window: YES  centre=(612,214) offset=-0.04 area=1328px dist=2.84m
[window_detect-4] [INFO] [1789424466.156666966] [window_detect]: window: YES  centre=(612,214) offset=-0.04 area=565px dist=2.86m
[window_detect-4] [INFO] [1789424467.256579338] [window_detect]: window: YES  centre=(614,212) offset=-0.04 area=32px dist=2.70m
[window_detect-4] [INFO] [1789424468.256811976] [window_detect]: window: YES  centre=(614,212) offset=-0.04 area=178px dist=2.65m
[INFO] [course_fsm-5]: process started with pid [5159]
[window_detect-4] [INFO] [1789424469.324892780] [window_detect]: window: YES  centre=(613,211) offset=-0.04 area=166px dist=2.61m
[course_fsm-5] [INFO] [1789424470.008580451] [course_fsm]: Airframe: 0.260 m tall, 0.260 m wide, extending 0.160 m below and 0.100 m above the commanded point. A window must measure at least 0.32 x 0.32 m to be flown.
[course_fsm-5] [WARN] [1789424470.015896850] [course_fsm]: stdin is not a tty; q/k abort is unavailable.
[course_fsm-5] [WARN] [1789424470.023448347] [course_fsm]: Window traversal on ARK FLOW: climb 1.20 m, hold 5 s, sweep +/-10 deg for the window, lock, line up 1.60 m in front of it and fly through to 0.50 m beyond, then land. Approach 0.30 m/s, traverse 0.45 m/s. Hard limit 240 s from the start of the climb. Press q to abort into a descent, k to force-disarm.
[course_fsm-5] [WARN] [1789424470.029534649] [course_fsm]: COURSE: window, then OVER the red bar (1.98 m, cross at 2.41 m), then UNDER the blue bar (0.80 m, cross at 0.48 m), then land 0.80 m past it. Gaps 1.00 / 1.00 m; every vertical move happens at a gap midpoint. Bars are flown on the known geometry along the window's traverse line. READY.
[course_fsm-5] [INFO] [1789424470.038451590] [course_fsm]: Waiting for VehicleStatus from PX4...
[course_fsm-5] [INFO] [1789424470.059326622] [course_fsm]: nav_state -> OFFBOARD(14)
[course_fsm-5] [INFO] [1789424470.064764103] [course_fsm]: PX4 failsafe (expected on this airframe, harmless): gcs_connection_lost, home_position_invalid
[course_fsm-5] [INFO] [1789424470.084757233] [course_fsm]: RNG still not fused (0.0 s): stage PREPARATION, alt n/a m. dist_bottom=0.15 m (valid=False), no estimator_status_flags
[course_fsm-5] [ERROR] [1789424470.086606733] [course_fsm]: Not arming: rangefinder unusable: dist_bottom_valid is false and /fmu/out/estimator_status_flags is not being published, so there is no second opinion.
[course_fsm-5] [INFO] [1789424470.087668927] [course_fsm]: alt=n/a airborne=False xy_valid=True z_valid=True | dist_bottom=0.15 m rng_ok=False vz=+0.01 m/s landed=True | xy=VEL-HOLD flow_ok=False vxy=(+0.00,+0.00) | hdg=+0 deg yaw_sp=+0 deg
[course_fsm-5] [INFO] [1789424470.088669593] [course_fsm]: window: /window_geometry has a publisher but has never carried a message: window_detect is not detecting the window. Check the colour, min_area and the lighting.
[course_fsm-5] [WARN] [1789424470.229583728] [course_fsm]: RNG FUSION BACK after 0.20 s (lost in PREPARATION): stage PREPARATION, alt n/a m. dist_bottom=0.15 m (valid=False) rng_hgt=True rng_terrain=False kin_consistent=True fault=False stuck=False
[window_detect-4] [INFO] [1789424470.356972202] [window_detect]: window: YES  centre=(614,211) offset=-0.04 area=174px dist=2.68m
[course_fsm-5] [INFO] [1789424471.138481807] [course_fsm]: alt=n/a airborne=False xy_valid=True z_valid=True | dist_bottom=0.15 m rng_ok=True vz=+0.01 m/s landed=True | xy=VEL-HOLD flow_ok=False vxy=(+0.00,+0.00) | hdg=+0 deg yaw_sp=+0 deg
[course_fsm-5] [INFO] [1789424471.188481558] [course_fsm]: Setpoint stream established, position estimate healthy.
[course_fsm-5] [INFO] [1789424471.230776049] [course_fsm]: Offboard mode active.
[course_fsm-5] [INFO] [1789424471.337407468] [course_fsm]: Arming point captured: x=0.33 y=0.04 z=-0.29 yaw=+0 deg. 'forward' means this heading for the whole flight.
[course_fsm-5] [WARN] [1789424471.338408940] [course_fsm]: ARMED. Holding on the ground for 5 s.
[window_detect-4] [INFO] [1789424471.390213863] [window_detect]: window: YES  centre=(613,211) offset=-0.04 area=166px dist=2.63m
[course_fsm-5] [INFO] [1789424471.395077712] [course_fsm]: Armed on the ground, 5.0 s to takeoff...
[course_fsm-5] [INFO] [1789424472.136250158] [course_fsm]: window: no usable pose (0/6 fresh samples, 0 accepted ever, 0 truncated; rejections: corner depths disagree x17)
[course_fsm-5] [INFO] [1789424472.184844967] [course_fsm]: alt=+0.00 m airborne=False xy_valid=True z_valid=True | dist_bottom=0.15 m rng_ok=True vz=+0.01 m/s landed=True | xy=VEL-HOLD flow_ok=False vxy=(-0.01,+0.03) | hdg=+0 deg yaw_sp=+0 deg
[course_fsm-5] [INFO] [1789424472.437653328] [course_fsm]: Armed on the ground, 3.9 s to takeoff...
[window_detect-4] [INFO] [1789424472.460046506] [window_detect]: window: YES  centre=(614,211) offset=-0.04 area=166px dist=2.70m
[course_fsm-5] [INFO] [1789424473.235613570] [course_fsm]: alt=+0.00 m airborne=False xy_valid=True z_valid=True | dist_bottom=0.15 m rng_ok=True vz=+0.01 m/s landed=True | xy=VEL-HOLD flow_ok=False vxy=(-0.00,+0.02) | hdg=+0 deg yaw_sp=+0 deg
[course_fsm-5] [INFO] [1789424473.443186051] [course_fsm]: Armed on the ground, 2.9 s to takeoff...
[window_detect-4] [INFO] [1789424473.492078096] [window_detect]: window: YES  centre=(614,211) offset=-0.04 area=170px dist=2.71m
[course_fsm-5] [INFO] [1789424474.186081701] [course_fsm]: window: no usable pose (0/6 fresh samples, 0 accepted ever, 0 truncated; rejections: corner depths disagree x34)
[course_fsm-5] [INFO] [1789424474.241744646] [course_fsm]: alt=-0.00 m airborne=False xy_valid=True z_valid=True | dist_bottom=0.15 m rng_ok=True vz=+0.01 m/s landed=True | xy=VEL-HOLD flow_ok=False vxy=(-0.00,+0.01) | hdg=+0 deg yaw_sp=+0 deg
[course_fsm-5] [INFO] [1789424474.481756507] [course_fsm]: Armed on the ground, 1.9 s to takeoff...
[window_detect-4] [INFO] [1789424474.620286933] [window_detect]: window: YES  centre=(613,212) offset=-0.04 area=593px dist=2.67m
[course_fsm-5] [INFO] [1789424475.298760768] [course_fsm]: alt=-0.00 m airborne=False xy_valid=True z_valid=True | dist_bottom=0.15 m rng_ok=True vz=+0.01 m/s landed=True | xy=VEL-HOLD flow_ok=False vxy=(-0.00,-0.00) | hdg=+0 deg yaw_sp=+0 deg
[course_fsm-5] [INFO] [1789424475.484035215] [course_fsm]: Armed on the ground, 0.9 s to takeoff...
[window_detect-4] [INFO] [1789424475.655390381] [window_detect]: window: YES  centre=(614,211) offset=-0.04 area=166px dist=2.70m
[course_fsm-5] [INFO] [1789424476.186533985] [course_fsm]: window: no usable pose (0/6 fresh samples, 0 accepted ever, 0 truncated; rejections: corner depths disagree x49)
[course_fsm-5] [INFO] [1789424476.334534513] [course_fsm]: alt=+0.00 m airborne=False xy_valid=True z_valid=True | dist_bottom=0.15 m rng_ok=True vz=+0.01 m/s landed=True | xy=VEL-HOLD flow_ok=False vxy=(-0.00,+0.00) | hdg=+0 deg yaw_sp=+0 deg
[course_fsm-5] [WARN] [1789424476.384191685] [course_fsm]: Climbing to 1.20 m (datum z=-0.29).
[course_fsm-5] [WARN] [1789424476.433867231] [course_fsm]: Flight clock started: landing in 240 s.
[window_detect-4] [INFO] [1789424476.660233873] [window_detect]: window: YES  centre=(614,212) offset=-0.04 area=172px dist=2.65m
[course_fsm-5] [INFO] [1789424477.337184768] [course_fsm]: alt=-0.00 m airborne=True xy_valid=True z_valid=True | dist_bottom=0.15 m rng_ok=True vz=+0.02 m/s landed=False | xy=VEL-HOLD flow_ok=False vxy=(+0.01,+0.02) | hdg=+0 deg yaw_sp=+0 deg
[window_detect-4] [INFO] [1789424477.721381826] [window_detect]: window: YES  centre=(614,212) offset=-0.04 area=178px dist=2.70m
[course_fsm-5] [INFO] [1789424478.186939558] [course_fsm]: window: no usable pose (0/6 fresh samples, 0 accepted ever, 0 truncated; rejections: corner depths disagree x66)
[course_fsm-5] [INFO] [1789424478.338771129] [course_fsm]: alt=+0.14 m airborne=True xy_valid=True z_valid=True | dist_bottom=0.15 m rng_ok=True vz=-0.06 m/s landed=False | xy=VEL-HOLD flow_ok=False vxy=(+0.06,+0.03) | hdg=+0 deg yaw_sp=+0 deg
[window_detect-4] [INFO] [1789424478.824933228] [window_detect]: window: YES  centre=(612,214) offset=-0.04 area=426px dist=2.51m
[course_fsm-5] [INFO] [1789424479.380423912] [course_fsm]: alt=+0.20 m airborne=True xy_valid=True z_valid=True | dist_bottom=0.17 m rng_ok=True vz=-0.06 m/s landed=False | xy=VEL-HOLD flow_ok=False vxy=(+0.12,+0.10) | hdg=+0 deg yaw_sp=+0 deg
[window_detect-4] [INFO] [1789424479.826703548] [window_detect]: window: YES  centre=(613,216) offset=-0.04 area=172px dist=2.96m
[course_fsm-5] [INFO] [1789424480.190537864] [course_fsm]: window: no usable pose (0/6 fresh samples, 0 accepted ever, 0 truncated; rejections: corner depths disagree x82)
[course_fsm-5] [INFO] [1789424480.385348284] [course_fsm]: alt=+0.18 m airborne=True xy_valid=True z_valid=True | dist_bottom=0.17 m rng_ok=True vz=-0.07 m/s landed=False | xy=VEL-HOLD flow_ok=False vxy=(+0.01,+0.05) | hdg=+1 deg yaw_sp=+0 deg
[window_detect-4] [INFO] [1789424480.890275433] [window_detect]: window: YES  centre=(609,234) offset=-0.05 area=113px dist=2.76m
[course_fsm-5] [INFO] [1789424481.433376870] [course_fsm]: alt=+0.24 m airborne=True xy_valid=True z_valid=True | dist_bottom=0.19 m rng_ok=True vz=-0.20 m/s landed=False | xy=VEL-HOLD flow_ok=False vxy=(-0.15,+0.03) | hdg=+2 deg yaw_sp=+0 deg
[window_detect-4] [INFO] [1789424481.896050953] [window_detect]: window: YES  centre=(450,81) offset=-0.30 area=32048px dist=4.27m
[course_fsm-5] [INFO] [1789424482.236888862] [course_fsm]: window: window in sight but TRUNCATED (0 px to the frame edge, 6 such frames) -- not measurable until the whole aperture is in view
[course_fsm-5] [INFO] [1789424482.434655712] [course_fsm]: alt=+0.42 m airborne=True xy_valid=True z_valid=True | dist_bottom=0.36 m rng_ok=True vz=-0.35 m/s landed=False | xy=VEL-HOLD flow_ok=True vxy=(-0.51,+0.08) | hdg=+5 deg yaw_sp=+0 deg
[window_detect-4] [INFO] [1789424482.962239354] [window_detect]: window: YES  centre=(430,102) offset=-0.33 area=52674px dist=7.04m
[course_fsm-5] [INFO] [1789424483.289970441] [course_fsm]: Flow healthy: latching x/y hold at (-0.26, 0.11).
[course_fsm-5] [WARN] [1789424483.291889818] [course_fsm]: Drifted 0.59 m during the climb; holding here rather than flying back to the arming point (takeoff_return_to_pad is false). If this number is large every flight, the drift is real: check SENS_FLOW_ROT, the flow mounting and the floor texture.
[course_fsm-5] [INFO] [1789424483.440098222] [course_fsm]: alt=+0.56 m airborne=True xy_valid=True z_valid=True | dist_bottom=0.52 m rng_ok=True vz=-0.20 m/s landed=False | xy=POS-HOLD flow_ok=True vxy=(-0.06,-0.00) | hdg=+2 deg yaw_sp=+0 deg
[window_detect-4] [INFO] [1789424484.090564370] [window_detect]: window: YES  centre=(499,191) offset=-0.22 area=42689px dist=7.95m
[course_fsm-5] [INFO] [1789424484.289321781] [course_fsm]: window: window at (+1.69, -0.09, -1.34) NED, facing -175 deg, 0.63x0.52 m, 10 samples, 96 ms old
[course_fsm-5] [INFO] [1789424484.443172230] [course_fsm]: alt=+0.69 m airborne=True xy_valid=True z_valid=True | dist_bottom=0.66 m rng_ok=True vz=-0.24 m/s landed=False | xy=POS-HOLD flow_ok=True vxy=(+0.05,-0.03) | hdg=+1 deg yaw_sp=+0 deg
[window_detect-4] [INFO] [1789424485.195027805] [window_detect]: window: YES  centre=(472,278) offset=-0.26 area=40558px dist=0.00m
[course_fsm-5] [INFO] [1789424485.487101449] [course_fsm]: alt=+0.89 m airborne=True xy_valid=True z_valid=True | dist_bottom=0.87 m rng_ok=True vz=-0.18 m/s landed=False | xy=POS-HOLD flow_ok=True vxy=(+0.10,-0.03) | hdg=+1 deg yaw_sp=+0 deg
[window_detect-4] [INFO] [1789424486.300664857] [window_detect]: window: YES  centre=(434,332) offset=-0.32 area=45206px dist=0.00m
[course_fsm-5] [INFO] [1789424486.309044413] [course_fsm]: window: window at (+1.71, -0.11, -1.31) NED, facing -175 deg, 0.64x0.53 m, 16 samples, 123 ms old
[course_fsm-5] [INFO] [1789424486.488622673] [course_fsm]: alt=+1.00 m airborne=True xy_valid=True z_valid=True | dist_bottom=0.99 m rng_ok=True vz=-0.10 m/s landed=False | xy=POS-HOLD flow_ok=True vxy=(+0.12,-0.03) | hdg=+2 deg yaw_sp=+0 deg
[window_detect-4] [INFO] [1789424487.367596202] [window_detect]: window: YES  centre=(404,361) offset=-0.37 area=54333px dist=0.00m
[course_fsm-5] [INFO] [1789424487.495611173] [course_fsm]: alt=+1.04 m airborne=True xy_valid=True z_valid=True | dist_bottom=1.03 m rng_ok=True vz=-0.07 m/s landed=False | xy=POS-HOLD flow_ok=True vxy=(+0.10,-0.02) | hdg=+1 deg yaw_sp=+0 deg
[course_fsm-5] [INFO] [1789424488.350625019] [course_fsm]: window: window at (+1.68, -0.21, -1.31) NED, facing -175 deg, 0.66x0.55 m, 17 samples, 14 ms old
[window_detect-4] [INFO] [1789424488.460525762] [window_detect]: window: YES  centre=(370,381) offset=-0.42 area=63675px dist=7.04m
[course_fsm-5] [INFO] [1789424488.533455742] [course_fsm]: alt=+1.08 m airborne=True xy_valid=True z_valid=True | dist_bottom=1.08 m rng_ok=True vz=-0.05 m/s landed=False | xy=POS-HOLD flow_ok=True vxy=(+0.04,-0.03) | hdg=+1 deg yaw_sp=+0 deg
[window_detect-4] [INFO] [1789424489.461933148] [window_detect]: window: YES  centre=(353,391) offset=-0.45 area=67765px dist=6.51m
[course_fsm-5] [INFO] [1789424489.534251044] [course_fsm]: alt=+1.11 m airborne=True xy_valid=True z_valid=True | dist_bottom=1.10 m rng_ok=True vz=-0.05 m/s landed=False | xy=POS-HOLD flow_ok=True vxy=(+0.00,-0.02) | hdg=+1 deg yaw_sp=+0 deg
[course_fsm-5] [INFO] [1789424490.393002619] [course_fsm]: window: window at (+1.61, -0.24, -1.30) NED, facing -176 deg, 0.65x0.55 m, 19 samples, 97 ms old
[window_detect-4] [INFO] [1789424490.568856651] [window_detect]: window: YES  centre=(342,390) offset=-0.47 area=68403px dist=6.27m
[course_fsm-5] [INFO] [1789424490.580901297] [course_fsm]: alt=+1.12 m airborne=True xy_valid=True z_valid=True | dist_bottom=1.11 m rng_ok=True vz=-0.06 m/s landed=False | xy=POS-HOLD flow_ok=True vxy=(-0.06,-0.04) | hdg=+1 deg yaw_sp=+0 deg
[course_fsm-5] [INFO] [1789424491.586004179] [course_fsm]: alt=+1.11 m airborne=True xy_valid=True z_valid=True | dist_bottom=1.10 m rng_ok=True vz=-0.08 m/s landed=False | xy=POS-HOLD flow_ok=True vxy=(-0.05,-0.04) | hdg=+0 deg yaw_sp=+0 deg
[window_detect-4] [INFO] [1789424491.691171536] [window_detect]: window: YES  centre=(356,380) offset=-0.44 area=65310px dist=6.62m
[course_fsm-5] [INFO] [1789424492.441836430] [course_fsm]: window: window at (+1.59, -0.24, -1.31) NED, facing -176 deg, 0.64x0.54 m, 19 samples, 103 ms old
[course_fsm-5] [INFO] [1789424492.633908962] [course_fsm]: alt=+1.11 m airborne=True xy_valid=True z_valid=True | dist_bottom=1.10 m rng_ok=True vz=-0.09 m/s landed=False | xy=POS-HOLD flow_ok=True vxy=(-0.04,-0.07) | hdg=+1 deg yaw_sp=+0 deg
[window_detect-4] [INFO] [1789424492.727760871] [window_detect]: window: YES  centre=(382,378) offset=-0.40 area=62772px dist=6.71m
[course_fsm-5] [INFO] [1789424493.688860331] [course_fsm]: alt=+1.10 m airborne=True xy_valid=True z_valid=True | dist_bottom=1.09 m rng_ok=True vz=-0.09 m/s landed=False | xy=POS-HOLD flow_ok=True vxy=(-0.03,-0.10) | hdg=+1 deg yaw_sp=+0 deg
[window_detect-4] [INFO] [1789424493.760835758] [window_detect]: window: YES  centre=(435,382) offset=-0.32 area=61119px dist=0.00m
[course_fsm-5] [INFO] [1789424494.494988094] [course_fsm]: window: window at (+1.60, -0.22, -1.32) NED, facing -175 deg, 0.65x0.54 m, 17 samples, 91 ms old
[course_fsm-5] [INFO] [1789424494.690526058] [course_fsm]: alt=+1.12 m airborne=True xy_valid=True z_valid=True | dist_bottom=1.12 m rng_ok=True vz=-0.09 m/s landed=False | xy=POS-HOLD flow_ok=True vxy=(-0.02,-0.02) | hdg=+1 deg yaw_sp=+0 deg
[window_detect-4] [INFO] [1789424494.763557208] [window_detect]: window: YES  centre=(481,393) offset=-0.25 area=60060px dist=7.86m
[course_fsm-5] [WARN] [1789424495.255750221] [course_fsm]: Reached 1.13 m. Holding for 5 s.
[course_fsm-5] [INFO] [1789424495.284868239] [course_fsm]: Holding, 5.0 s to the sweep... (window IN SIGHT)
[course_fsm-5] [INFO] [1789424495.692720005] [course_fsm]: alt=+1.13 m airborne=True xy_valid=True z_valid=True | dist_bottom=1.13 m rng_ok=True vz=-0.07 m/s landed=False | xy=POS-HOLD flow_ok=True vxy=(-0.02,+0.00) | hdg=+1 deg yaw_sp=+0 deg
[window_detect-4] [INFO] [1789424495.839314030] [window_detect]: window: YES  centre=(494,390) offset=-0.23 area=59416px dist=7.70m
[course_fsm-5] [INFO] [1789424496.288070222] [course_fsm]: Holding, 4.0 s to the sweep... (window IN SIGHT)
[course_fsm-5] [INFO] [1789424496.495047790] [course_fsm]: window: window at (+1.60, -0.18, -1.32) NED, facing -176 deg, 0.64x0.54 m, 18 samples, 96 ms old
[course_fsm-5] [INFO] [1789424496.745696845] [course_fsm]: alt=+1.12 m airborne=True xy_valid=True z_valid=True | dist_bottom=1.11 m rng_ok=True vz=-0.06 m/s landed=False | xy=POS-HOLD flow_ok=True vxy=(+0.00,-0.01) | hdg=-0 deg yaw_sp=+0 deg
[window_detect-4] [INFO] [1789424496.973042862] [window_detect]: window: YES  centre=(507,375) offset=-0.21 area=60155px dist=7.68m
[course_fsm-5] [INFO] [1789424497.288570712] [course_fsm]: Holding, 3.0 s to the sweep... (window IN SIGHT)
[course_fsm-5] [INFO] [1789424497.787283258] [course_fsm]: alt=+1.09 m airborne=True xy_valid=True z_valid=True | dist_bottom=1.07 m rng_ok=True vz=-0.12 m/s landed=False | xy=POS-HOLD flow_ok=True vxy=(-0.02,-0.01) | hdg=-1 deg yaw_sp=+0 deg
[window_detect-4] [INFO] [1789424498.011649036] [window_detect]: window: YES  centre=(521,368) offset=-0.18 area=60812px dist=7.74m
[course_fsm-5] [INFO] [1789424498.292984794] [course_fsm]: Holding, 2.0 s to the sweep... (window IN SIGHT)
[course_fsm-5] [INFO] [1789424498.541815075] [course_fsm]: window: window at (+1.61, -0.18, -1.34) NED, facing -177 deg, 0.64x0.54 m, 19 samples, 55 ms old
[course_fsm-5] [INFO] [1789424498.837196487] [course_fsm]: alt=+1.11 m airborne=True xy_valid=True z_valid=True | dist_bottom=1.10 m rng_ok=True vz=-0.15 m/s landed=False | xy=POS-HOLD flow_ok=True vxy=(-0.10,+0.03) | hdg=-0 deg yaw_sp=+0 deg
[window_detect-4] [INFO] [1789424499.111336218] [window_detect]: window: YES  centre=(497,382) offset=-0.22 area=59453px dist=7.78m
[course_fsm-5] [INFO] [1789424499.334519742] [course_fsm]: Holding, 0.9 s to the sweep... (window IN SIGHT)
[course_fsm-5] [INFO] [1789424499.852019046] [course_fsm]: alt=+1.12 m airborne=True xy_valid=True z_valid=True | dist_bottom=1.11 m rng_ok=True vz=-0.08 m/s landed=False | xy=POS-HOLD flow_ok=True vxy=(-0.02,+0.05) | hdg=-1 deg yaw_sp=+0 deg
[window_detect-4] [INFO] [1789424500.132879605] [window_detect]: window: YES  centre=(465,384) offset=-0.27 area=58474px dist=0.00m
[course_fsm-5] [WARN] [1789424500.284783507] [course_fsm]: WINDOW LOCKED (already in sight at the end of the hold). Yaw stopped at -0 deg, holding position. 460.7|386.1|-0.280|58735|1.73|1.69|1.67|1.72|0.00|full. Landing in 216 s.
[course_fsm-5] [INFO] [1789424500.338376186] [course_fsm]: Locked, holding. window IN SIGHT. 216 s to landing.
[course_fsm-5] [WARN] [1789424500.346730695] [course_fsm]: AIM: turning to +3 deg to face the window square-on, holding position. window at (+1.60, -0.18, -1.33) NED, facing -177 deg, 0.64x0.54 m, 20 samples, 78 ms old.
[course_fsm-5] [INFO] [1789424500.386215077] [course_fsm]: AIM: 3 deg to turn. window at (+1.60, -0.18, -1.33) NED, facing -177 deg, 0.64x0.54 m, 20 samples, 14 ms old
[course_fsm-5] [WARN] [1789424500.494887888] [course_fsm]: Window is 0.54 m tall: too tight for 0.15 m clearance around a 0.26 m airframe. Favouring the sill and flying at 1.08 m.
[course_fsm-5] [WARN] [1789424500.502118180] [course_fsm]: ALIGN: flying to (+0.01, -0.28) NED, 1.60 m in front of the window on its axis, at 0.30 m/s. window at (+1.60, -0.18, -1.33) NED, facing -177 deg, 0.64x0.54 m, 21 samples, 23 ms old.
[course_fsm-5] [INFO] [1789424500.548154373] [course_fsm]: ALIGN: +0.17 m along / +0.44 m across to the approach point (tolerances 0.25/0.06), 4 deg off the normal, alt +1.11/1.08 m. window at (+1.60, -0.18, -1.33) NED, facing -176 deg, 0.64x0.54 m, 20 samples, 70 ms old
[course_fsm-5] [INFO] [1789424500.594913034] [course_fsm]: window: window at (+1.60, -0.18, -1.33) NED, facing -176 deg, 0.64x0.54 m, 20 samples, 117 ms old
[course_fsm-5] [INFO] [1789424500.890174947] [course_fsm]: alt=+1.13 m airborne=True xy_valid=True z_valid=True | dist_bottom=1.13 m rng_ok=True vz=-0.06 m/s landed=False | xy=POS-HOLD flow_ok=True vxy=(-0.02,-0.01) | hdg=+1 deg yaw_sp=+4 deg
[window_detect-4] [INFO] [1789424501.231338729] [window_detect]: window: YES  centre=(394,401) offset=-0.38 area=61350px dist=7.93m
[course_fsm-5] [INFO] [1789424501.602894818] [course_fsm]: ALIGN: +0.16 m along / +0.45 m across to the approach point (tolerances 0.25/0.06), 0 deg off the normal, alt +1.11/1.06 m. window at (+1.61, -0.18, -1.31) NED, facing -176 deg, 0.64x0.54 m, 20 samples, 91 ms old
[course_fsm-5] [INFO] [1789424501.893976094] [course_fsm]: alt=+1.09 m airborne=True xy_valid=True z_valid=True | dist_bottom=1.11 m rng_ok=True vz=+0.05 m/s landed=False | xy=POS-HOLD flow_ok=True vxy=(+0.05,-0.18) | hdg=+2 deg yaw_sp=+4 deg
[window_detect-4] [INFO] [1789424502.239053923] [window_detect]: window: YES  centre=(420,380) offset=-0.34 area=62592px dist=0.00m
[course_fsm-5] [INFO] [1789424502.637963000] [course_fsm]: window: window at (+1.62, -0.19, -1.29) NED, facing -176 deg, 0.64x0.54 m, 17 samples, 202 ms old
[course_fsm-5] [INFO] [1789424502.641600994] [course_fsm]: ALIGN: +0.12 m along / +0.38 m across to the approach point (tolerances 0.25/0.06), 0 deg off the normal, alt +1.04/1.04 m. window at (+1.62, -0.19, -1.29) NED, facing -176 deg, 0.64x0.54 m, 17 samples, 205 ms old
[course_fsm-5] [INFO] [1789424502.937036279] [course_fsm]: alt=+1.03 m airborne=True xy_valid=True z_valid=True | dist_bottom=1.04 m rng_ok=True vz=+0.00 m/s landed=False | xy=POS-HOLD flow_ok=True vxy=(+0.10,-0.14) | hdg=+5 deg yaw_sp=+4 deg
[window_detect-4] [INFO] [1789424503.409218943] [window_detect]: window: YES  centre=(427,353) offset=-0.33 area=73366px dist=7.37m
[course_fsm-5] [INFO] [1789424503.642995139] [course_fsm]: ALIGN: +0.03 m along / +0.29 m across to the approach point (tolerances 0.25/0.06), 1 deg off the normal, alt +1.00/1.02 m. window at (+1.63, -0.22, -1.27) NED, facing -176 deg, 0.65x0.55 m, 10 samples, 969 ms old
[course_fsm-5] [INFO] [1789424503.983833920] [course_fsm]: alt=+0.98 m airborne=True xy_valid=True z_valid=True | dist_bottom=0.99 m rng_ok=True vz=-0.04 m/s landed=False | xy=POS-HOLD flow_ok=True vxy=(+0.06,-0.16) | hdg=+5 deg yaw_sp=+3 deg
[window_detect-4] [INFO] [1789424504.473747300] [window_detect]: window: YES  centre=(532,323) offset=-0.17 area=80714px dist=7.45m
[course_fsm-5] [INFO] [1789424504.644933847] [course_fsm]: window: window at (+1.65, -0.20, -1.31) NED, facing -177 deg, 0.66x0.56 m, 11 samples, 8 ms old
[course_fsm-5] [INFO] [1789424504.656051966] [course_fsm]: ALIGN: +0.01 m along / +0.13 m across to the approach point (tolerances 0.25/0.06), 0 deg off the normal, alt +0.97/1.06 m. window at (+1.65, -0.20, -1.31) NED, facing -177 deg, 0.66x0.56 m, 11 samples, 14 ms old
[course_fsm-5] [INFO] [1789424504.985006926] [course_fsm]: alt=+0.98 m airborne=True xy_valid=True z_valid=True | dist_bottom=0.97 m rng_ok=True vz=-0.08 m/s landed=False | xy=POS-HOLD flow_ok=True vxy=(-0.00,-0.09) | hdg=+3 deg yaw_sp=+3 deg
[window_detect-4] [INFO] [1789424505.539723168] [window_detect]: window: YES  centre=(596,327) offset=-0.07 area=82112px dist=7.46m
[course_fsm-5] [WARN] [1789424505.698971254] [course_fsm]: Window is 0.56 m tall: too tight for 0.15 m clearance around a 0.26 m airframe. Favouring the sill and flying at 1.07 m.
[course_fsm-5] [INFO] [1789424506.035523273] [course_fsm]: alt=+1.01 m airborne=True xy_valid=True z_valid=True | dist_bottom=1.01 m rng_ok=True vz=-0.05 m/s landed=False | xy=POS-HOLD flow_ok=True vxy=(-0.02,-0.02) | hdg=+1 deg yaw_sp=+4 deg
[window_detect-4] [INFO] [1789424506.636425291] [window_detect]: window: YES  centre=(635,328) offset=-0.01 area=81267px dist=7.55m
[course_fsm-5] [INFO] [1789424506.646373099] [course_fsm]: window: window at (+1.61, -0.15, -1.33) NED, facing -176 deg, 0.65x0.55 m, 18 samples, 99 ms old
[course_fsm-5] [WARN] [1789424506.858491047] [course_fsm]: Tight fit: 0.14 m vertical and 0.19 m lateral margin, below the 0.15/0.15 m wanted. Off the centreline by +0.00 m at 0 deg. Flying it anyway.
[course_fsm-5] [WARN] [1789424506.861024292] [course_fsm]: TRAVERSE: committed. Flying through to (+2.10, -0.11) NED at 0.45 m/s on a heading of +4 deg, altitude 1.08 m. Window 0.65x0.55 m, leaving 0.14 m above and below the airframe and 0.19 m either side. The camera is no longer steering: this target is frozen.
[course_fsm-5] [INFO] [1789424506.891345758] [course_fsm]: TRAVERSE: 0.02/2.10 m, 0 deg off the committed heading.
[course_fsm-5] [INFO] [1789424507.082294336] [course_fsm]: alt=+1.02 m airborne=True xy_valid=True z_valid=True | dist_bottom=1.01 m rng_ok=True vz=-0.06 m/s landed=False | xy=POS-HOLD flow_ok=True vxy=(-0.01,+0.05) | hdg=+5 deg yaw_sp=+4 deg
[course_fsm-5] [INFO] [1789424507.437816139] [course_fsm]: TRAVERSE: 0.02/2.10 m, 0 deg off the committed heading.
[window_detect-4] [INFO] [1789424507.638637193] [window_detect]: window: YES  centre=(594,334) offset=-0.07 area=81502px dist=7.58m
[course_fsm-5] [INFO] [1789424507.948772849] [course_fsm]: TRAVERSE: 0.04/2.10 m, 2 deg off the committed heading.
[course_fsm-5] [INFO] [1789424508.088923352] [course_fsm]: alt=+1.02 m airborne=True xy_valid=True z_valid=True | dist_bottom=1.02 m rng_ok=True vz=-0.06 m/s landed=False | xy=POS-HOLD flow_ok=True vxy=(+0.12,-0.02) | hdg=+6 deg yaw_sp=+4 deg
[course_fsm-5] [INFO] [1789424508.452772344] [course_fsm]: TRAVERSE: 0.11/2.10 m, 1 deg off the committed heading.
[course_fsm-5] [INFO] [1789424508.689343218] [course_fsm]: window: window at (+1.60, -0.11, -1.33) NED, facing -174 deg, 0.65x0.55 m, 17 samples, 81 ms old
[window_detect-4] [INFO] [1789424508.774234482] [window_detect]: window: YES  centre=(561,327) offset=-0.12 area=95284px dist=7.38m
[course_fsm-5] [INFO] [1789424509.001199901] [course_fsm]: TRAVERSE: 0.21/2.10 m, 1 deg off the committed heading.
[course_fsm-5] [INFO] [1789424509.137039601] [course_fsm]: alt=+1.02 m airborne=True xy_valid=True z_valid=True | dist_bottom=1.01 m rng_ok=True vz=-0.05 m/s landed=False | xy=POS-HOLD flow_ok=True vxy=(+0.16,+0.04) | hdg=+3 deg yaw_sp=+4 deg
[course_fsm-5] [INFO] [1789424509.550087848] [course_fsm]: TRAVERSE: 0.30/2.10 m, 3 deg off the committed heading.
[window_detect-4] [INFO] [1789424509.835754034] [window_detect]: window: YES  centre=(582,307) offset=-0.09 area=129952px dist=7.17m
[course_fsm-5] [INFO] [1789424510.087819587] [course_fsm]: TRAVERSE: 0.40/2.10 m, 2 deg off the committed heading.
[course_fsm-5] [INFO] [1789424510.187856672] [course_fsm]: alt=+1.01 m airborne=True xy_valid=True z_valid=True | dist_bottom=1.00 m rng_ok=True vz=-0.11 m/s landed=False | xy=POS-HOLD flow_ok=True vxy=(+0.18,-0.04) | hdg=+3 deg yaw_sp=+4 deg
[course_fsm-5] [INFO] [1789424510.633242702] [course_fsm]: TRAVERSE: 0.51/2.10 m, 0 deg off the committed heading.
[course_fsm-5] [INFO] [1789424510.742081459] [course_fsm]: window: window at (+1.69, -0.15, -1.35) NED, facing -175 deg, 0.68x0.58 m, 17 samples, 172 ms old
[window_detect-4] [INFO] [1789424510.982270731] [window_detect]: window: YES  centre=(570,280) offset=-0.11 area=212033px dist=6.93m
[course_fsm-5] [INFO] [1789424511.138398632] [course_fsm]: TRAVERSE: 0.64/2.10 m, 2 deg off the committed heading.
[course_fsm-5] [INFO] [1789424511.244234207] [course_fsm]: alt=+0.99 m airborne=True xy_valid=True z_valid=True | dist_bottom=0.99 m rng_ok=True vz=-0.04 m/s landed=False | xy=POS-HOLD flow_ok=True vxy=(+0.21,+0.06) | hdg=+6 deg yaw_sp=+4 deg
[course_fsm-5] [INFO] [1789424511.683514366] [course_fsm]: TRAVERSE: 0.76/2.10 m, 0 deg off the committed heading.
[window_detect-4] [INFO] [1789424512.040891825] [window_detect]: window: YES  centre=(552,262) offset=-0.14 area=358554px dist=6.72m
[course_fsm-5] [INFO] [1789424512.199184685] [course_fsm]: TRAVERSE: 0.88/2.10 m, 2 deg off the committed heading.
[course_fsm-5] [INFO] [1789424512.281065050] [course_fsm]: alt=+0.99 m airborne=True xy_valid=True z_valid=True | dist_bottom=0.99 m rng_ok=True vz=-0.08 m/s landed=False | xy=POS-HOLD flow_ok=True vxy=(+0.22,+0.05) | hdg=+2 deg yaw_sp=+4 deg
[course_fsm-5] [INFO] [1789424512.748007304] [course_fsm]: window: window in sight but TRUNCATED (0 px to the frame edge, 25 such frames) -- not measurable until the whole aperture is in view
[course_fsm-5] [INFO] [1789424512.749113537] [course_fsm]: TRAVERSE: 0.99/2.10 m, 1 deg off the committed heading.
[window_detect-4] [INFO] [1789424513.203549226] [window_detect]: window: YES  centre=(614,539) offset=-0.04 area=433600px dist=4.29m
[course_fsm-5] [INFO] [1789424513.281611493] [course_fsm]: TRAVERSE: 1.10/2.10 m, 1 deg off the committed heading.
[course_fsm-5] [INFO] [1789424513.352117477] [course_fsm]: alt=+1.04 m airborne=True xy_valid=True z_valid=True | dist_bottom=1.04 m rng_ok=True vz=-0.04 m/s landed=False | xy=POS-HOLD flow_ok=True vxy=(+0.19,-0.01) | hdg=+4 deg yaw_sp=+4 deg
[course_fsm-5] [INFO] [1789424513.782954704] [course_fsm]: TRAVERSE: 1.20/2.10 m, 0 deg off the committed heading.
[course_fsm-5] [INFO] [1789424514.284270696] [course_fsm]: TRAVERSE: 1.30/2.10 m, 1 deg off the committed heading.
[window_detect-4] [INFO] [1789424514.338302257] [window_detect]: window: YES  centre=(644,447) offset=+0.01 area=778px dist=2.07m
[course_fsm-5] [INFO] [1789424514.380437234] [course_fsm]: alt=+1.06 m airborne=True xy_valid=True z_valid=True | dist_bottom=1.06 m rng_ok=True vz=-0.02 m/s landed=False | xy=POS-HOLD flow_ok=True vxy=(+0.18,+0.00) | hdg=+3 deg yaw_sp=+4 deg
[course_fsm-5] [INFO] [1789424514.780954630] [course_fsm]: window: no usable pose (0/6 fresh samples, 196 accepted ever, 29 truncated; rejections: corner depths disagree x106, opposite sides disagree x1)
[course_fsm-5] [INFO] [1789424514.834636567] [course_fsm]: TRAVERSE: 1.41/2.10 m, 1 deg off the committed heading.
[course_fsm-5] [INFO] [1789424515.381026122] [course_fsm]: alt=+1.05 m airborne=True xy_valid=True z_valid=True | dist_bottom=1.06 m rng_ok=True vz=-0.03 m/s landed=False | xy=POS-HOLD flow_ok=True vxy=(+0.27,+0.03) | hdg=+3 deg yaw_sp=+4 deg
[course_fsm-5] [INFO] [1789424515.383264129] [course_fsm]: TRAVERSE: 1.55/2.10 m, 1 deg off the committed heading.
[window_detect-4] [INFO] [1789424515.442820484] [window_detect]: window: YES  centre=(659,450) offset=+0.03 area=452px dist=1.82m
[course_fsm-5] [INFO] [1789424515.883620709] [course_fsm]: TRAVERSE: 1.69/2.10 m, 0 deg off the committed heading.
[course_fsm-5] [INFO] [1789424516.387211776] [course_fsm]: alt=+1.07 m airborne=True xy_valid=True z_valid=True | dist_bottom=1.08 m rng_ok=True vz=-0.02 m/s landed=False | xy=POS-HOLD flow_ok=True vxy=(+0.19,-0.01) | hdg=+5 deg yaw_sp=+4 deg
[course_fsm-5] [INFO] [1789424516.392300535] [course_fsm]: TRAVERSE: 1.79/2.10 m, 1 deg off the committed heading.
[window_detect-4] [INFO] [1789424516.466888900] [window_detect]: window: YES  centre=(650,488) offset=+0.02 area=8981px dist=1.70m
[course_fsm-5] [INFO] [1789424516.795953685] [course_fsm]: window: no usable pose (0/6 fresh samples, 196 accepted ever, 29 truncated; rejections: corner depths disagree x119, opposite sides disagree x1)
[course_fsm-5] [INFO] [1789424516.931951846] [course_fsm]: TRAVERSE: 1.89/2.10 m, 0 deg off the committed heading.
[course_fsm-5] [WARN] [1789424517.137463226] [course_fsm]: WINDOW TRAVERSED (through, 1.92 m flown of 2.10 m). Holding 4 s on the far side, then landing.
[window_detect-4] [INFO] [1789424517.568871277] [window_detect]: window: YES  centre=(684,482) offset=+0.07 area=11344px dist=1.62m
[course_fsm-5] [WARN] [1789424517.684216508] [course_fsm]: RED_RISE: climbing straight up to 2.41 m on the midpoint, 0.50 m short of the red bar, holding position on the window centreline.
[course_fsm-5] [INFO] [1789424517.739225900] [course_fsm]: alt=+1.03 m airborne=True xy_valid=True z_valid=True | dist_bottom=1.03 m rng_ok=True vz=-0.02 m/s landed=False | xy=POS-HOLD flow_ok=True vxy=(+0.06,-0.04) | hdg=+4 deg yaw_sp=+4 deg
[course_fsm-5] [INFO] [1789424517.749125043] [course_fsm]: RED_RISE: alt 1.03/2.41 m, +0.11 m along / +0.00 m across the midpoint (tolerance 0.12).
[window_detect-4] [INFO] [1789424518.630960447] [window_detect]: window: YES  centre=(695,500) offset=+0.09 area=7730px dist=1.32m
[course_fsm-5] [INFO] [1789424518.780550413] [course_fsm]: alt=+1.18 m airborne=True xy_valid=True z_valid=True | dist_bottom=1.15 m rng_ok=True vz=-0.31 m/s landed=False | xy=POS-HOLD flow_ok=True vxy=(+0.05,+0.01) | hdg=+5 deg yaw_sp=+4 deg
[course_fsm-5] [INFO] [1789424518.784219738] [course_fsm]: RED_RISE: alt 1.18/2.41 m, +0.08 m along / +0.03 m across the midpoint (tolerance 0.12).
[course_fsm-5] [INFO] [1789424518.830598595] [course_fsm]: window: no usable pose (0/6 fresh samples, 196 accepted ever, 29 truncated; rejections: corner depths disagree x131, opposite sides disagree x1, implausible window size x1)
[window_detect-4] [INFO] [1789424519.751535852] [window_detect]: window: YES  centre=(686,672) offset=+0.07 area=10368px dist=3.37m
[course_fsm-5] [INFO] [1789424519.781679661] [course_fsm]: alt=+1.51 m airborne=True xy_valid=True z_valid=True | dist_bottom=1.46 m rng_ok=True vz=-0.36 m/s landed=False | xy=POS-HOLD flow_ok=True vxy=(+0.05,+0.01) | hdg=+6 deg yaw_sp=+4 deg
[course_fsm-5] [INFO] [1789424519.833825669] [course_fsm]: RED_RISE: alt 1.53/2.41 m, +0.00 m along / +0.03 m across the midpoint (tolerance 0.12).
[window_detect-4] [WARN] [1789424520.352808493] [window_detect]: Window LOST.
[course_fsm-5] [INFO] [1789424520.782211137] [course_fsm]: alt=+1.90 m airborne=True xy_valid=True z_valid=True | dist_bottom=1.83 m rng_ok=True vz=-0.41 m/s landed=False | xy=POS-HOLD flow_ok=True vxy=(+0.02,+0.06) | hdg=+5 deg yaw_sp=+4 deg
[course_fsm-5] [INFO] [1789424520.840531541] [course_fsm]: window: window in sight but TRUNCATED (0 px to the frame edge, 31 such frames) -- not measurable until the whole aperture is in view
[course_fsm-5] [INFO] [1789424520.841679482] [course_fsm]: RED_RISE: alt 1.92/2.41 m, -0.02 m along / -0.03 m across the midpoint (tolerance 0.12).
[window_detect-4] [INFO] [1789424520.861087675] [window_detect]: window: no   (streak 9 misses, 437 frames processed, 800 skipped by max_fps=10)
[course_fsm-5] [INFO] [1789424521.782292034] [course_fsm]: alt=+2.22 m airborne=True xy_valid=True z_valid=True | dist_bottom=2.19 m rng_ok=True vz=-0.22 m/s landed=False | xy=POS-HOLD flow_ok=True vxy=(+0.03,+0.01) | hdg=+2 deg yaw_sp=+4 deg
[course_fsm-5] [INFO] [1789424521.889998439] [course_fsm]: RED_RISE: alt 2.24/2.41 m, -0.04 m along / -0.12 m across the midpoint (tolerance 0.12).
[window_detect-4] [INFO] [1789424521.927655903] [window_detect]: window: no   (streak 16 misses, 444 frames processed, 805 skipped by max_fps=10)
[course_fsm-5] [INFO] [1789424522.784908791] [course_fsm]: alt=+2.36 m airborne=True xy_valid=True z_valid=True | dist_bottom=2.35 m rng_ok=True vz=-0.05 m/s landed=False | xy=POS-HOLD flow_ok=True vxy=(-0.02,-0.06) | hdg=+3 deg yaw_sp=+4 deg
[course_fsm-5] [INFO] [1789424522.885546909] [course_fsm]: window: no usable pose (0/6 fresh samples, 196 accepted ever, 31 truncated; rejections: corner depths disagree x134, opposite sides disagree x1, implausible window size x1)
[window_detect-4] [INFO] [1789424523.042259029] [window_detect]: window: no   (streak 24 misses, 452 frames processed, 824 skipped by max_fps=10)
[course_fsm-5] [WARN] [1789424523.088662261] [course_fsm]: RED_CROSS: over the red bar, 1.00 m to the next midpoint at 0.35 m/s, altitude 2.41 m.
[course_fsm-5] [INFO] [1789424523.135519863] [course_fsm]: RED_CROSS: 0.94 m to go, -0.05 m off the line.
[course_fsm-5] [INFO] [1789424523.636980347] [course_fsm]: RED_CROSS: 0.94 m to go, -0.00 m off the line.
[course_fsm-5] [INFO] [1789424523.834492118] [course_fsm]: alt=+2.41 m airborne=True xy_valid=True z_valid=True | dist_bottom=2.42 m rng_ok=True vz=-0.00 m/s landed=False | xy=POS-HOLD flow_ok=True vxy=(-0.01,-0.08) | hdg=+5 deg yaw_sp=+4 deg
[window_detect-4] [INFO] [1789424524.104996997] [window_detect]: window: no   (streak 32 misses, 460 frames processed, 841 skipped by max_fps=10)
[course_fsm-5] [INFO] [1789424524.186214987] [course_fsm]: RED_CROSS: 0.93 m to go, +0.05 m off the line.
[course_fsm-5] [INFO] [1789424524.735453736] [course_fsm]: RED_CROSS: 0.85 m to go, +0.07 m off the line.
[course_fsm-5] [INFO] [1789424524.882916770] [course_fsm]: alt=+2.40 m airborne=True xy_valid=True z_valid=True | dist_bottom=2.41 m rng_ok=True vz=+0.01 m/s landed=False | xy=POS-HOLD flow_ok=True vxy=(+0.14,+0.01) | hdg=+5 deg yaw_sp=+4 deg
[course_fsm-5] [INFO] [1789424524.931777662] [course_fsm]: window: no usable pose (0/6 fresh samples, 196 accepted ever, 31 truncated; rejections: corner depths disagree x134, opposite sides disagree x1, implausible window size x1)
[course_fsm-5] [INFO] [1789424525.237346754] [course_fsm]: RED_CROSS: 0.75 m to go, +0.11 m off the line.
[window_detect-4] [INFO] [1789424525.282433364] [window_detect]: window: no   (streak 41 misses, 469 frames processed, 857 skipped by max_fps=10)
[course_fsm-5] [INFO] [1789424525.785391466] [course_fsm]: RED_CROSS: 0.64 m to go, +0.13 m off the line.
[course_fsm-5] [INFO] [1789424525.930422281] [course_fsm]: alt=+2.37 m airborne=True xy_valid=True z_valid=True | dist_bottom=2.37 m rng_ok=True vz=-0.02 m/s landed=False | xy=POS-HOLD flow_ok=True vxy=(+0.17,+0.02) | hdg=+5 deg yaw_sp=+4 deg
[course_fsm-5] [ERROR] [1789424526.279667303] [course_fsm]: RNG FUSION LOST: stage RED_CROSS, alt 2.37 m, 0.55 m to the target, +0.14 m off the line. dist_bottom=2.36 m (valid=False) rng_hgt=True rng_terrain=False kin_consistent=False fault=False stuck=False
[course_fsm-5] [WARN] [1789424526.281585266] [course_fsm]: RED_CROSS: rangefinder not fused for 0.0 s -- expected over the bar; tolerating up to 6.0 s.
[course_fsm-5] [WARN] [1789424526.282500284] [course_fsm]: Flow unhealthy: reverting to zero-velocity hold.
[course_fsm-5] [ERROR] [1789424526.289205091] [course_fsm]: RED_CROSS: flow lost over the red bar. Pushing on open-loop for 1.6 s (0.55 m) to get past it rather than descending onto it.
[course_fsm-5] [INFO] [1789424526.329979127] [course_fsm]: RNG still not fused (0.0 s): stage RED_CROSS, alt 2.37 m, 0.54 m to the target, +0.14 m off the line. dist_bottom=2.36 m (valid=False) rng_hgt=True rng_terrain=False kin_consistent=False fault=False stuck=False
[course_fsm-5] [WARN] [1789424526.345203573] [course_fsm]: Course outcome: through, 1.92 m flown of 2.10 m.
[course_fsm-5] [WARN] [1789424526.347649294] [course_fsm]: Traverse outcome: through, 1.92 m flown of 2.10 m. 196 geometry samples accepted of 364 received; rejections: corner depths disagree x134, opposite sides disagree x1, implausible window size x1, window is not vertical x1.
[window_detect-4] [INFO] [1789424526.435968096] [window_detect]: window: no   (streak 49 misses, 477 frames processed, 873 skipped by max_fps=10)
[course_fsm-5] Traceback (most recent call last):
[course_fsm-5]   File "/home/ark-jetson-orin/imav26_ws/install/drone_testing/lib/drone_testing/course_fsm", line 33, in <module>
[course_fsm-5]     sys.exit(load_entry_point('drone_testing==0.0.0', 'console_scripts', 'course_fsm')())
[course_fsm-5]              ^^^^^^^^^^^^^^^^^^^^^^^^^^^^^^^^^^^^^^^^^^^^^^^^^^^^^^^^^^^^^^^^^^^^^^^^^^^
[course_fsm-5]   File "/home/ark-jetson-orin/imav26_ws/install/drone_testing/lib/python3.12/site-packages/drone_testing/course_fsm.py", line 701, in main
[course_fsm-5]     spin_node(node)
[course_fsm-5]   File "/home/ark-jetson-orin/imav26_ws/install/drone_testing/lib/python3.12/site-packages/drone_testing/offboard_sequence.py", line 2109, in spin_node
[course_fsm-5]     executor.spin()
[course_fsm-5]   File "/opt/ros/jazzy/lib/python3.12/site-packages/rclpy/executors.py", line 359, in spin
[course_fsm-5]     self._spin_once_impl()
[course_fsm-5]   File "/opt/ros/jazzy/lib/python3.12/site-packages/rclpy/executors.py", line 1009, in _spin_once_impl
[course_fsm-5]     future.result()  # raise any exceptions
[course_fsm-5]     ^^^^^^^^^^^^^^^
[course_fsm-5]   File "/opt/ros/jazzy/lib/python3.12/site-packages/rclpy/task.py", line 109, in result
[course_fsm-5]     raise self.exception()
[course_fsm-5]   File "/opt/ros/jazzy/lib/python3.12/site-packages/rclpy/task.py", line 286, in _execute_coroutine_step
[course_fsm-5]     result = coro.send(None)
[course_fsm-5]              ^^^^^^^^^^^^^^^
[course_fsm-5]   File "/opt/ros/jazzy/lib/python3.12/site-packages/rclpy/executors.py", line 592, in handler
[course_fsm-5]     await call_coroutine()
[course_fsm-5]   File "/opt/ros/jazzy/lib/python3.12/site-packages/rclpy/executors.py", line 480, in _execute
[course_fsm-5]     await await_or_execute(sub.callback, *msg_tuple)
[course_fsm-5]   File "/opt/ros/jazzy/lib/python3.12/site-packages/rclpy/executors.py", line 115, in await_or_execute
[course_fsm-5]     return callback(*args)
[course_fsm-5]            ^^^^^^^^^^^^^^^
[course_fsm-5]   File "/home/ark-jetson-orin/imav26_ws/install/drone_testing/lib/python3.12/site-packages/drone_testing/offboard_sequence.py", line 647, in local_position_callback
[course_fsm-5]     self._handle_estimator_resets(msg)
[course_fsm-5]   File "/home/ark-jetson-orin/imav26_ws/install/drone_testing/lib/python3.12/site-packages/drone_testing/offboard_sequence.py", line 667, in _handle_estimator_resets
[course_fsm-5]     self._apply_heading_reset(float(msg.delta_heading))
[course_fsm-5]   File "/home/ark-jetson-orin/imav26_ws/install/drone_testing/lib/python3.12/site-packages/drone_testing/offboard_sequence.py", line 717, in _apply_heading_reset
[course_fsm-5]     self._on_heading_reset(delta)
[course_fsm-5]   File "/home/ark-jetson-orin/imav26_ws/install/drone_testing/lib/python3.12/site-packages/drone_testing/window_traverse.py", line 1410, in _on_heading_reset
[course_fsm-5]     self.move_start_x, self.move_start_y = turn(
[course_fsm-5]                                            ^^^^^
[course_fsm-5]   File "/home/ark-jetson-orin/imav26_ws/install/drone_testing/lib/python3.12/site-packages/drone_testing/window_traverse.py", line 1400, in turn
[course_fsm-5]     dx, dy = x - pivot[0], y - pivot[1]
[course_fsm-5]              ~~^~~~~~~~~~
[course_fsm-5] TypeError: unsupported operand type(s) for -: 'NoneType' and 'float'
[ERROR] [course_fsm-5]: process has died [pid 5159, exit code 1, cmd '/home/ark-jetson-orin/imav26_ws/install/drone_testing/lib/drone_testing/course_fsm --ros-args -r __node:=course_fsm --params-file /tmp/launch_params_67i58w7r'].
[window_detect-4] [INFO] [1789424527.537002537] [window_detect]: window: no   (streak 58 misses, 486 frames processed, 890 skipped by max_fps=10)
[window_detect-4] [INFO] [1789424528.596353547] [window_detect]: window: no   (streak 66 misses, 494 frames processed, 912 skipped by max_fps=10)
[window_detect-4] [WARN] [1789424528.968165634] [window_detect]: WINDOW DETECTED  (centre=(937,25) offset=+0.46 area=731px dist=2.83m)
[window_detect-4] [WARN] [1789424529.564132884] [window_detect]: Window LOST.
[window_detect-4] [INFO] [1789424529.730960133] [window_detect]: window: no   (streak 6 misses, 503 frames processed, 932 skipped by max_fps=10)
[window_detect-4] [INFO] [1789424530.736288149] [window_detect]: window: no   (streak 15 misses, 512 frames processed, 946 skipped by max_fps=10)
[window_detect-4] [INFO] [1789424531.826086872] [window_detect]: window: no   (streak 24 misses, 521 frames processed, 967 skipped by max_fps=10)
[window_detect-4] [INFO] [1789424532.858315796] [window_detect]: window: no   (streak 33 misses, 530 frames processed, 984 skipped by max_fps=10)
[window_detect-4] [INFO] [1789424533.923947205] [window_detect]: window: no   (streak 41 misses, 538 frames processed, 1001 skipped by max_fps=10)
[window_detect-4] [INFO] [1789424534.956214898] [window_detect]: window: no   (streak 49 misses, 546 frames processed, 1016 skipped by max_fps=10)

