ark-jetson-orin@localhost:~/imav26_ws$ ros2 launch drone_testing course_mission.launch.py agent_only:=false
[INFO] [launch]: All log files can be found below /home/ark-jetson-orin/.ros/log/1970-01-01-05-31-03-056012-localhost.localdomain-3480
[INFO] [launch]: Default logging verbosity is set to INFO
[INFO] [launch.user]: Using common configuration file: /home/ark-jetson-orin/imav26_ws/install/zed_wrapper/share/zed_wrapper/config/common_stereo.yaml
[INFO] [launch.user]: Using camera configuration file: /home/ark-jetson-orin/imav26_ws/install/zed_wrapper/share/zed_wrapper/config/zed.yaml
[INFO] [launch.user]: Using Object Detection configuration file: /home/ark-jetson-orin/imav26_ws/install/zed_wrapper/share/zed_wrapper/config/object_detection.yaml
[INFO] [launch.user]: Using Custom Object Detection configuration file: /home/ark-jetson-orin/imav26_ws/install/zed_wrapper/share/zed_wrapper/config/custom_object_detection.yaml
[INFO] [launch.user]: NITROS not installed, skipping IPC/NITROS conflict check.
[INFO] [launch.user]: Loading ZED node `zed_node` in container `/zed/zed_container`
[INFO] [micro_ros_agent-1]: process started with pid [3536]
[INFO] [robot_state_publisher-2]: process started with pid [3537]
[INFO] [component_container_isolated-3]: process started with pid [3538]
[micro_ros_agent-1] [64.498778] info     | TermiosAgentLinux.cpp | init                     | running...             | fd: 12
[micro_ros_agent-1] [64.499240] info     | Root.cpp           | set_verbose_level        | logger setup           | verbose_level: 4
[robot_state_publisher-2] [INFO] [0000000064.552266624] [zed.zed_state_publisher]: Robot initialized
[micro_ros_agent-1] [64.653264] info     | Root.cpp           | create_client            | create                 | client_key: 0x00000001, session_id: 0x81
[micro_ros_agent-1] [64.653786] info     | SessionManager.hpp | establish_session        | session established    | client_key: 0x00000001, address: 1
[micro_ros_agent-1] [64.672617] info     | ProxyClient.cpp    | create_participant       | participant created    | client_key: 0x00000001, participant_id: 0x001(1)
[component_container_isolated-3] [INFO] [0000000064.741342240] [zed.zed_container]: Load Library: /home/ark-jetson-orin/imav26_ws/install/zed_components/lib/libzed_camera_component.so
[component_container_isolated-3] [INFO] [0000000064.990623616] [zed.zed_container]: Found class: rclcpp_components::NodeFactoryTemplate<stereolabs::ZedCamera>
[component_container_isolated-3] [INFO] [0000000064.990741792] [zed.zed_container]: Instantiate class: rclcpp_components::NodeFactoryTemplate<stereolabs::ZedCamera>
[component_container_isolated-3] [INFO] [0000000065.191769024] [zed.zed_node]: ================================
[component_container_isolated-3] [INFO] [0000000065.192343584] [zed.zed_node]:       ZED Camera Component 
[component_container_isolated-3] [INFO] [0000000065.192365920] [zed.zed_node]: ================================
[component_container_isolated-3] [INFO] [0000000065.192382304] [zed.zed_node]:  * IPC: enabled
[INFO] [launch_ros.actions.load_composable_nodes]: Loaded node '/zed/zed_node' in container '/zed/zed_container'
[component_container_isolated-3] [INFO] [0000000065.242697120] [zed.zed_node]:  * namespace: /zed
[component_container_isolated-3] [INFO] [0000000065.242788384] [zed.zed_node]:  * node name: zed_node
[component_container_isolated-3] [INFO] [0000000065.242805856] [zed.zed_node]: ================================
[component_container_isolated-3] [INFO] [0000000065.242818656] [zed.zed_node]: Starting node initialization...
[component_container_isolated-3] [INFO] [0000000065.243905376] [zed.zed_node]: === DEBUG parameters ===
[component_container_isolated-3] [INFO] [0000000065.244331136] [zed.zed_node]:  * SDK Verbose: 1
[component_container_isolated-3] [INFO] [0000000065.244588576] [zed.zed_node]:  * Use Pub Timestamps: FALSE
[component_container_isolated-3] [INFO] [0000000065.244778784] [zed.zed_node]:  * SDK Verbose File: 
[component_container_isolated-3] [INFO] [0000000065.244917312] [zed.zed_node]:  * Debug Common: FALSE
[component_container_isolated-3] [INFO] [0000000065.245000768] [zed.zed_node]:  * Debug Dynamic Parameters: FALSE
[component_container_isolated-3] [INFO] [0000000065.245090976] [zed.zed_node]:  * Debug Grab (low level): FALSE
[component_container_isolated-3] [INFO] [0000000065.245181088] [zed.zed_node]:  * Debug Simulation: FALSE
[component_container_isolated-3] [INFO] [0000000065.245257824] [zed.zed_node]:  * Debug Video/Depth: FALSE
[component_container_isolated-3] [INFO] [0000000065.245332960] [zed.zed_node]:  * Debug Control settings: FALSE
[component_container_isolated-3] [INFO] [0000000065.245419648] [zed.zed_node]:  * Debug Point Cloud: FALSE
[component_container_isolated-3] [INFO] [0000000065.245496000] [zed.zed_node]:  * Debug TF: FALSE
[component_container_isolated-3] [INFO] [0000000065.245607264] [zed.zed_node]:  * Debug Positional Tracking: FALSE
[component_container_isolated-3] [INFO] [0000000065.245681984] [zed.zed_node]:  * Debug GNSS: FALSE
[component_container_isolated-3] [INFO] [0000000065.245774752] [zed.zed_node]:  * Debug sensors: FALSE
[component_container_isolated-3] [INFO] [0000000065.245863872] [zed.zed_node]:  * Debug Mapping: FALSE
[component_container_isolated-3] [INFO] [0000000065.245941504] [zed.zed_node]:  * Debug Object Detection: FALSE
[component_container_isolated-3] [INFO] [0000000065.246036000] [zed.zed_node]:  * Debug Body Tracking: FALSE
[component_container_isolated-3] [INFO] [0000000065.246116832] [zed.zed_node]:  * Debug Streaming: FALSE
[component_container_isolated-3] [INFO] [0000000065.246220608] [zed.zed_node]:  * Debug ROI: FALSE
[component_container_isolated-3] [INFO] [0000000065.246322656] [zed.zed_node]:  * Debug Nitros: FALSE
[component_container_isolated-3] [INFO] [0000000065.246436480] [zed.zed_node]:  * Debug Advanced: FALSE
[component_container_isolated-3] [INFO] [0000000065.246477248] [zed.zed_node]: === TOPIC selection parameters ===
[component_container_isolated-3] [INFO] [0000000065.246561472] [zed.zed_node]:  * Publish Status: TRUE
[component_container_isolated-3] [INFO] [0000000065.246642784] [zed.zed_node]:  * Image format: BGRA 32-bit
[component_container_isolated-3] [INFO] [0000000065.246758848] [zed.zed_node]:  * Publish Left/Right images: FALSE
[component_container_isolated-3] [INFO] [0000000065.246847808] [zed.zed_node]:  * Publish Raw images: FALSE
[component_container_isolated-3] [INFO] [0000000065.246935296] [zed.zed_node]:  * Publish Gray images: FALSE
[component_container_isolated-3] [INFO] [0000000065.247018496] [zed.zed_node]:  * Publish RGB image: TRUE
[component_container_isolated-3] [INFO] [0000000065.247186080] [zed.zed_node]:  * Publish Stereo image: FALSE
[component_container_isolated-3] [INFO] [0000000065.247363136] [zed.zed_node]:  * Publish ROI Mask image: FALSE
[component_container_isolated-3] [INFO] [0000000065.247524640] [zed.zed_node]:  * Publish Depth Map: TRUE
[component_container_isolated-3] [INFO] [0000000065.247697408] [zed.zed_node]:  * Publish Depth Info: FALSE
[component_container_isolated-3] [INFO] [0000000065.247840192] [zed.zed_node]:  * Publish Point Cloud: TRUE
[component_container_isolated-3] [INFO] [0000000065.247995104] [zed.zed_node]:  * Publish Depth Confidence: FALSE
[component_container_isolated-3] [INFO] [0000000065.248145312] [zed.zed_node]:  * Publish Disparity: FALSE
[component_container_isolated-3] [INFO] [0000000065.248523968] [zed.zed_node]:  * Publish IMU: TRUE
[component_container_isolated-3] [INFO] [0000000065.248698656] [zed.zed_node]:  * Publish IMU Raw: FALSE
[component_container_isolated-3] [INFO] [0000000065.248864672] [zed.zed_node]:  * Publish LeftCam/IMU Transf.: FALSE
[component_container_isolated-3] [INFO] [0000000065.248978688] [zed.zed_node]:  * Publish Magnetometer: FALSE
[component_container_isolated-3] [INFO] [0000000065.249091808] [zed.zed_node]:  * Publish Barometer: FALSE
[component_container_isolated-3] [INFO] [0000000065.249199904] [zed.zed_node]:  * Publish Temperature: FALSE
[component_container_isolated-3] [INFO] [0000000065.249420064] [zed.zed_node]:  * Publish Odometry/Pose: TRUE
[component_container_isolated-3] [INFO] [0000000065.249560160] [zed.zed_node]:  * Publish Pose with Covariance: FALSE
[component_container_isolated-3] [INFO] [0000000065.249662016] [zed.zed_node]:  * Publish Camera Path: FALSE
[component_container_isolated-3] [INFO] [0000000065.249769728] [zed.zed_node]:  * Publish Detection Plane: FALSE
[component_container_isolated-3] [INFO] [0000000065.249935360] [zed.zed_node]: === SVO RECORDING parameters ===
[component_container_isolated-3] [INFO] [0000000065.250053600] [zed.zed_node]:  * SVO Encoding preset: DEFAULT
[component_container_isolated-3] [INFO] [0000000065.250133152] [zed.zed_node]: === SVO INPUT parameters ===
[component_container_isolated-3] [INFO] [0000000065.250294304] [zed.zed_node]:  * SVO input: DISABLED
[component_container_isolated-3] [INFO] [0000000065.250333184] [zed.zed_node]: === LOCAL STREAMING parameters ===
[component_container_isolated-3] [INFO] [0000000065.250452096] [zed.zed_node]:  * Local stream input: DISABLED
[component_container_isolated-3] [INFO] [0000000065.250479104] [zed.zed_node]: === GENERAL parameters ===
[component_container_isolated-3] [INFO] [0000000065.250629632] [zed.zed_node]:  * Camera model: zed - ZED
[component_container_isolated-3] [INFO] [0000000065.250789984] [zed.zed_node]:  * Camera name: zed
[component_container_isolated-3] [INFO] [0000000065.250939776] [zed.zed_node]:  * Camera SN: 0
[component_container_isolated-3] [INFO] [0000000065.251063872] [zed.zed_node]:  * Camera ID: -1
[component_container_isolated-3] [INFO] [0000000065.251218592] [zed.zed_node]:  * Camera timeout [sec]: 5
[component_container_isolated-3] [INFO] [0000000065.251339584] [zed.zed_node]:  * Camera reconnection temptatives: 5
[component_container_isolated-3] [INFO] [0000000065.251452448] [zed.zed_node]:  * Camera framerate: 30
[component_container_isolated-3] [INFO] [0000000065.251577472] [zed.zed_node]:  * GPU ID: -1
[component_container_isolated-3] [INFO] [0000000065.251799936] [zed.zed_node]:  * Asynchronous image retrieval: FALSE
[component_container_isolated-3] [INFO] [0000000065.251971936] [zed.zed_node]:  * Image Validity Check: 1
[component_container_isolated-3] [INFO] [0000000065.252344672] [zed.zed_node]:  * Camera resolution: HD720
[component_container_isolated-3] [INFO] [0000000065.252625728] [zed.zed_node]:  * Publishing resolution: NATIVE
[component_container_isolated-3] [INFO] [0000000065.252868896] [zed.zed_node]:  * OpenCV custom calibration: 
[component_container_isolated-3] [INFO] [0000000065.253074048] [zed.zed_node]:  * Camera self calibration: TRUE
[component_container_isolated-3] [INFO] [0000000065.253269024] [zed.zed_node]:  * Camera flip: FALSE
[component_container_isolated-3] [INFO] [0000000065.253569728] [zed.zed_node]:  * Publish framerate [Hz]:  0 [DYNAMIC]
[component_container_isolated-3] [INFO] [0000000065.253820736] [zed.zed_node]:  * Grab Compute Capping FPS: 0
[component_container_isolated-3] [INFO] [0000000065.253993664] [zed.zed_node]:  * SDK Monotonic Clock: FALSE
[component_container_isolated-3] [INFO] [0000000065.254648736] [zed.zed_node]: === VIDEO parameters ===
[component_container_isolated-3] [INFO] [0000000065.254946144] [zed.zed_node]:  * Brightness: 4 [DYNAMIC]
[component_container_isolated-3] [INFO] [0000000065.255111968] [zed.zed_node]:  * Contrast: 4 [DYNAMIC]
[component_container_isolated-3] [INFO] [0000000065.255284384] [zed.zed_node]:  * Hue: 0 [DYNAMIC]
[component_container_isolated-3] [INFO] [0000000065.255435808] [zed.zed_node]:  * Saturation: 4 [DYNAMIC]
[component_container_isolated-3] [INFO] [0000000065.255576768] [zed.zed_node]:  * Sharpness: 4 [DYNAMIC]
[component_container_isolated-3] [INFO] [0000000065.255698112] [zed.zed_node]:  * Gamma: 8 [DYNAMIC]
[component_container_isolated-3] [INFO] [0000000065.255831872] [zed.zed_node]:  * Auto Exposure/Gain: TRUE [DYNAMIC]
[component_container_isolated-3] [INFO] [0000000065.255943680] [zed.zed_node]:  * Exposure: 80 [DYNAMIC]
[component_container_isolated-3] [INFO] [0000000065.256064736] [zed.zed_node]:  * Gain: 80 [DYNAMIC]
[component_container_isolated-3] [INFO] [0000000065.256170528] [zed.zed_node]:  * Auto White Balance: TRUE [DYNAMIC]
[component_container_isolated-3] [INFO] [0000000065.256288576] [zed.zed_node]:  * White Balance Temperature: 42 [DYNAMIC]
[component_container_isolated-3] [INFO] [0000000065.256332224] [zed.zed_node]: === DEPTH parameters ===
[component_container_isolated-3] [INFO] [0000000065.257025376] [zed.zed_node]:  * Depth mode: NEURAL LIGHT [4]
[component_container_isolated-3] [INFO] [0000000065.257171680] [zed.zed_node]:  * Min depth [m]: 0.7
[component_container_isolated-3] [INFO] [0000000065.257286880] [zed.zed_node]:  * Max depth [m]: 8
[component_container_isolated-3] [INFO] [0000000065.257414048] [zed.zed_node]:  * Depth Stabilization: -1
[component_container_isolated-3] [INFO] [0000000065.257546880] [zed.zed_node]:  * OpenNI mode (16bit depth): FALSE
[component_container_isolated-3] [INFO] [0000000065.257671744] [zed.zed_node]:  * Point cloud rate [Hz]: 10
[component_container_isolated-3] [INFO] [0000000065.258425152] [zed.zed_node]:  * Point cloud resolution: COMPACT
[component_container_isolated-3] [INFO] [0000000065.258676416] [zed.zed_node]:  * Voxel Point Cloud: FALSE [DYNAMIC]
[component_container_isolated-3] [INFO] [0000000065.258880864] [zed.zed_node]:  * Voxel Size [mm]: -1 [DYNAMIC]
[component_container_isolated-3] [INFO] [0000000065.259047744] [zed.zed_node]:  * Voxel Resolution Mode: STEREO_UNCERTAINTY
[component_container_isolated-3] [INFO] [0000000065.259209024] [zed.zed_node]:  * Voxel Resolution Scale: 0.2 [DYNAMIC]
[component_container_isolated-3] [INFO] [0000000065.259344832] [zed.zed_node]:  * Depth Confidence: 95 [DYNAMIC]
[component_container_isolated-3] [INFO] [0000000065.259504192] [zed.zed_node]:  * Depth Texture Confidence: 100 [DYNAMIC]
[component_container_isolated-3] [INFO] [0000000065.259695712] [zed.zed_node]:  * Remove saturated areas: TRUE [DYNAMIC]
[component_container_isolated-3] [INFO] [0000000065.259748160] [zed.zed_node]: === POSITIONAL TRACKING parameters ===
[component_container_isolated-3] [INFO] [0000000065.259868960] [zed.zed_node]:  * Map frame id: map
[component_container_isolated-3] [INFO] [0000000065.259982720] [zed.zed_node]:  * Odometry frame id: odom
[component_container_isolated-3] [INFO] [0000000065.260098880] [zed.zed_node]:  * Positional tracking enabled: TRUE
[component_container_isolated-3] [INFO] [0000000065.260271040] [zed.zed_node]:  * Positional tracking mode [AUTO]: GEN 3
[component_container_isolated-3] [INFO] [0000000065.260410816] [zed.zed_node]:  * Broadcast Odometry TF: FALSE
[component_container_isolated-3] [INFO] [0000000065.260559872] [zed.zed_node]:  * Depth minimum range: 0
[component_container_isolated-3] [INFO] [0000000065.260679552] [zed.zed_node]:  * TF timestamp offset: 0 [DYNAMIC]
[component_container_isolated-3] [INFO] [0000000065.260836448] [zed.zed_node]:  * Path publishing rate: 2 [DYNAMIC]
[component_container_isolated-3] [INFO] [0000000065.261107456] [zed.zed_node]:  * Path history lenght: -1
[component_container_isolated-3] [INFO] [0000000065.261324416] [zed.zed_node]:  * Initial pose: [0,0,0,0,0,0,]
[component_container_isolated-3] [INFO] [0000000065.261558848] [zed.zed_node]:  * Area Memory: TRUE
[component_container_isolated-3] [INFO] [0000000065.261765248] [zed.zed_node]:  * Area Memory File: 
[component_container_isolated-3] [INFO] [0000000065.261947520] [zed.zed_node]:  * Enable Localization Only: FALSE
[component_container_isolated-3] [INFO] [0000000065.262318080] [zed.zed_node]:  * Save Area Memory on closing: FALSE
[component_container_isolated-3] [INFO] [0000000065.262584192] [zed.zed_node]:  * Camera is static: FALSE
[component_container_isolated-3] [INFO] [0000000065.262811008] [zed.zed_node]:  * Gravity as origin: TRUE
[component_container_isolated-3] [INFO] [0000000065.263026368] [zed.zed_node]:  * IMU Fusion: TRUE
[component_container_isolated-3] [INFO] [0000000065.263266240] [zed.zed_node]:  * Floor Alignment: FALSE
[component_container_isolated-3] [INFO] [0000000065.263427936] [zed.zed_node]:  * Reset Odometry with Loop Closure: FALSE
[component_container_isolated-3] [INFO] [0000000065.263566848] [zed.zed_node]:  * Publish 3D Landmarks: FALSE
[component_container_isolated-3] [INFO] [0000000065.263764576] [zed.zed_node]:  * Publish Landmark Skip Frame: 
[component_container_isolated-3] [INFO] [0000000065.263953120] [zed.zed_node]:  * 2D mode: FALSE
[component_container_isolated-3] [INFO] [0000000065.264112608] [zed.zed_node]:  * Reset pose with SVO loop: TRUE
[component_container_isolated-3] [INFO] [0000000065.264158528] [zed.zed_node]: === GNSS FUSION parameters ===
[component_container_isolated-3] [WARN] [0000000065.264192192] [zed.zed_node]: !!! GNSS FUSION module cannot be enabled with ZED!!!
[component_container_isolated-3] [INFO] [0000000065.264220704] [zed.zed_node]: === REGION OF INTEREST parameters ===
[component_container_isolated-3] [INFO] [0000000065.264368032] [zed.zed_node]:  * Automatic ROI generation: FALSE
[component_container_isolated-3] [INFO] [0000000065.264546528] [zed.zed_node]:  * Manual ROI polygon: []
[component_container_isolated-3] [INFO] [0000000065.264586688] [zed.zed_node]: === Spatial Mapping parameters ===
[component_container_isolated-3] [INFO] [0000000065.264770816] [zed.zed_node]:  * Spatial Mapping Enabled: FALSE
[component_container_isolated-3] [INFO] [0000000065.264944672] [zed.zed_node]:  * Spatial Mapping resolution [m]: 0.05
[component_container_isolated-3] [INFO] [0000000065.265119840] [zed.zed_node]:  * 3D Max Mapping range [m]: 5
[component_container_isolated-3] [INFO] [0000000065.265281184] [zed.zed_node]:  * Map publishing rate [Hz]: 1 [DYNAMIC]
[component_container_isolated-3] [INFO] [0000000065.265474912] [zed.zed_node]:  * Clicked point topic: /clicked_point
[component_container_isolated-3] [INFO] [0000000065.265676096] [zed.zed_node]:  * Plane Det. Max Dist. Thresh.: 0.15
[component_container_isolated-3] [INFO] [0000000065.265847712] [zed.zed_node]:  * Plane Det. Normals Sim. Thresh.: 15
[component_container_isolated-3] [INFO] [0000000065.265893888] [zed.zed_node]: === STREAMING SERVER parameters ===
[component_container_isolated-3] [INFO] [0000000065.266081696] [zed.zed_node]:  * Streaming Server enabled: FALSE
[component_container_isolated-3] [INFO] [0000000065.266238144] [zed.zed_node]:  * Stream codec: H265
[component_container_isolated-3] [INFO] [0000000065.266426336] [zed.zed_node]:  * Stream port: 30000
[component_container_isolated-3] [INFO] [0000000065.266603488] [zed.zed_node]:  * Stream bitrate: 12500
[component_container_isolated-3] [INFO] [0000000065.266740128] [zed.zed_node]:  * Stream GOP size: -1
[component_container_isolated-3] [INFO] [0000000065.267068832] [zed.zed_node]:  * Stream Chunk size: 16084
[component_container_isolated-3] [INFO] [0000000065.267220928] [zed.zed_node]:  * Adaptive bitrate: FALSE
[component_container_isolated-3] [INFO] [0000000065.267356704] [zed.zed_node]:  * Target frame rate:0
[component_container_isolated-3] [INFO] [0000000065.267400608] [zed.zed_node]: === ADVANCED parameters ===
[component_container_isolated-3] [INFO] [0000000065.267553376] [zed.zed_node]:  * Change thread priority: FALSE
[component_container_isolated-3] [INFO] [0000000065.267730816] [zed.zed_node]: === SERVICES ===
[component_container_isolated-3] [INFO] [0000000065.272359264] [zed.zed_node]:  * Advertised on service: '/zed/zed_node/reset_odometry'
[component_container_isolated-3] [INFO] [0000000065.273588096] [zed.zed_node]:  * Advertised on service: '/zed/zed_node/reset_pos_tracking'
[component_container_isolated-3] [INFO] [0000000065.279381888] [zed.zed_node]:  * Advertised on service: '/zed/zed_node/set_pose'
[component_container_isolated-3] [INFO] [0000000065.280651136] [zed.zed_node]:  * Advertised on service: '/zed/zed_node/save_area_memory'
[component_container_isolated-3] [INFO] [0000000065.282793472] [zed.zed_node]:  * Advertised on service: '/zed/zed_node/enable_obj_det'
[component_container_isolated-3] [INFO] [0000000065.283824416] [zed.zed_node]:  * Advertised on service: '/zed/zed_node/enable_body_trk'
[component_container_isolated-3] [INFO] [0000000065.284876256] [zed.zed_node]:  * Advertised on service: '/zed/zed_node/enable_mapping'
[component_container_isolated-3] [INFO] [0000000065.285907392] [zed.zed_node]:  * Advertised on service: '/zed/zed_node/enable_streaming'
[component_container_isolated-3] [INFO] [0000000065.287372928] [zed.zed_node]:  * Advertised on service: '/zed/zed_node/start_svo_rec'
[component_container_isolated-3] [INFO] [0000000065.288435904] [zed.zed_node]:  * Advertised on service: '/zed/zed_node/stop_svo_rec'
[component_container_isolated-3] [INFO] [0000000065.289678272] [zed.zed_node]:  * Advertised on service: '/zed/zed_node/set_roi'
[component_container_isolated-3] [INFO] [0000000065.290816768] [zed.zed_node]:  * Advertised on service: '/zed/zed_node/reset_roi'
[component_container_isolated-3] [INFO] [0000000065.290874720] [zed.zed_node]: === STARTING CAMERA ===
[component_container_isolated-3] [INFO] [0000000065.290928096] [zed.zed_node]: ZED SDK Version: 5.4.1 - Build 117278_137d3e18_3228745
[component_container_isolated-3] [INFO] [0000000065.301458528] [zed.zed_node]: === CAMERA OPENING ===
[component_container_isolated-3] [1970-01-01 05:31:05 UTC][ZED][INFO] Logging level INFO
[component_container_isolated-3] [1970-01-01 05:31:07 UTC][ZED][INFO] [Init]  Camera successfully opened.
[component_container_isolated-3] [1970-01-01 05:31:07 UTC][ZED][INFO] [Init]  Camera FW version: 1523
[component_container_isolated-3] [1970-01-01 05:31:07 UTC][ZED][INFO] [Init]  Video mode: HD720@30
[component_container_isolated-3] [1970-01-01 05:31:07 UTC][ZED][INFO] [Init]  Serial Number: S/N 1943145
[component_container_isolated-3] [1970-01-01 05:31:07 UTC][ZED][INFO] [Init]  Depth mode selected: NEURAL LIGHT. Ensure this mode matches your application's performance and accuracy requirements. See https://www.stereolabs.com/docs/depth-sensing/depth-modes for help.
[INFO] [window_detect-4]: process started with pid [3697]
[component_container_isolated-3] [INFO] [0000000069.799348640] [zed.zed_node]:  * ZED SDK running on GPU #0
[component_container_isolated-3] [INFO] [0000000069.799508256] [zed.zed_node]:  * Camera Model  -> ZED
[component_container_isolated-3] [INFO] [0000000069.799531488] [zed.zed_node]:  * Serial Number -> 1943145
[component_container_isolated-3] [INFO] [0000000069.799712928] [zed.zed_node]:  * Focal Length	-> 2.87387 mm
[component_container_isolated-3] [INFO] [0000000069.799777472] [zed.zed_node]:  * Input	-> USB
[component_container_isolated-3] [INFO] [0000000069.799801600] [zed.zed_node]:  * Camera FW Version  -> 1523
[component_container_isolated-3] [INFO] [0000000069.799816576] [zed.zed_node]:  * Camera grab size -> 1280x720
[component_container_isolated-3] [INFO] [0000000069.799828576] [zed.zed_node]:  * Color/Depth publishing size -> 1280x720
[component_container_isolated-3] [INFO] [0000000069.799839744] [zed.zed_node]:  * Point Cloud publishing size -> 448x256
[component_container_isolated-3] [INFO] [0000000069.799865856] [zed.zed_node]: === TF FRAMES ===
[component_container_isolated-3] [INFO] [0000000069.799877856] [zed.zed_node]:  * Map			-> map
[component_container_isolated-3] [INFO] [0000000069.799887200] [zed.zed_node]:  * Odometry		-> odom
[component_container_isolated-3] [INFO] [0000000069.799895712] [zed.zed_node]:  * Base			-> zed_camera_link
[component_container_isolated-3] [INFO] [0000000069.799919744] [zed.zed_node]:  * Camera		-> zed_camera_center
[component_container_isolated-3] [INFO] [0000000069.799930016] [zed.zed_node]:  * Left			-> zed_left_camera_frame
[component_container_isolated-3] [INFO] [0000000069.799938976] [zed.zed_node]:  * Left Optical		-> zed_left_camera_frame_optical
[component_container_isolated-3] [INFO] [0000000069.799946336] [zed.zed_node]:  * Right			-> zed_right_camera_frame
[component_container_isolated-3] [INFO] [0000000069.799953216] [zed.zed_node]:  * Right Optical		-> zed_right_camera_frame_optical
[component_container_isolated-3] [INFO] [0000000069.799960480] [zed.zed_node]:  * Depth			-> zed_left_camera_frame
[component_container_isolated-3] [INFO] [0000000069.799967424] [zed.zed_node]:  * Depth Optical		-> zed_left_camera_frame_optical
[component_container_isolated-3] [INFO] [0000000069.799974144] [zed.zed_node]:  * Point Cloud		-> zed_left_camera_frame
[component_container_isolated-3] [INFO] [0000000069.800082848] [zed.zed_node]: === PUBLISHED TOPICS ===
[component_container_isolated-3] [INFO] [0000000069.811157536] [zed.zed_node]:  * Advertised on topic: /zed/zed_node/status/health
[component_container_isolated-3] [INFO] [0000000069.812666656] [zed.zed_node]:  * Advertised on topic: /zed/zed_node/status/heartbeat
[component_container_isolated-3] [INFO] [0000000069.816267872] [zed.zed_node]:  * Advertised on topic: /zed/zed_node/rgb/color/rect/image [IPC type-adapted zero-copy]
[component_container_isolated-3] [INFO] [0000000070.204035040] [zed.zed_node]:  * Advertised on topic: /zed/zed_node/rgb/color/rect/image
[component_container_isolated-3] [INFO] [0000000070.204141888] [zed.zed_node]:  * Advertised on topic: /zed/zed_node/rgb/color/rect/image/compressed [image_transport]
[component_container_isolated-3] [INFO] [0000000070.204167008] [zed.zed_node]:  * Advertised on topic: /zed/zed_node/rgb/color/rect/image/theora [image_transport]
[component_container_isolated-3] [INFO] [0000000070.204210272] [zed.zed_node]:  * Advertised on topic: /zed/zed_node/rgb/color/rect/image/zstd [image_transport]
[component_container_isolated-3] [INFO] [0000000070.204882976] [zed.zed_node]:  * Advertised on topic: /zed/zed_node/depth/depth_registered [IPC type-adapted zero-copy]
[component_container_isolated-3] [INFO] [0000000070.219915072] [zed.zed_node]:  * Advertised on topic: /zed/zed_node/depth/depth_registered
[component_container_isolated-3] [INFO] [0000000070.220014528] [zed.zed_node]:  * Advertised on topic: /zed/zed_node/depth/depth_registered/compressedDepth [image_transport]
[component_container_isolated-3] [INFO] [0000000070.220036576] [zed.zed_node]:  * Advertised on topic: /zed/zed_node/depth/depth_registered/zstd [image_transport]
[component_container_isolated-3] [INFO] [0000000070.221711104] [zed.zed_node]:  * Advertised on topic: /zed/zed_node/rgb/color/rect/camera_info
[component_container_isolated-3] [INFO] [0000000070.222912352] [zed.zed_node]:  * Advertised on topic: /zed/zed_node/rgb/color/rect/image/camera_info
[component_container_isolated-3] [INFO] [0000000070.223882624] [zed.zed_node]:  * Advertised on topic: /zed/zed_node/depth/camera_info
[component_container_isolated-3] [INFO] [0000000070.224802720] [zed.zed_node]:  * Advertised on topic: /zed/zed_node/depth/depth_registered/camera_info
[component_container_isolated-3] [INFO] [0000000070.229794176] [zed.zed_node]:  * Advertised on topic: /zed/zed_node/point_cloud/cloud_registered
[component_container_isolated-3] [INFO] [0000000070.231751008] [zed.zed_node]:  * Advertised on topic: /zed/zed_node/pose
[component_container_isolated-3] [INFO] [0000000070.233209184] [zed.zed_node]:  * Advertised on topic: /zed/zed_node/pose/status
[component_container_isolated-3] [INFO] [0000000070.239572864] [zed.zed_node]:  * Advertised on topic: /zed/zed_node/odom
[component_container_isolated-3] [INFO] [0000000070.239650560] [zed.zed_node]: === Subscribers ===
[component_container_isolated-3] [INFO] [0000000070.241568256] [zed.zed_node]:  * Plane detection: '/clicked_point'
[component_container_isolated-3] [INFO] [0000000070.426190080] [zed.zed_node]: === zed started ===
[micro_ros_agent-1] [70.442293] info     | ProxyClient.cpp    | create_topic             | topic created          | client_key: 0x00000001, topic_id: 0x800(2), participant_id: 0x001(1)
[micro_ros_agent-1] [70.442460] info     | ProxyClient.cpp    | create_subscriber        | subscriber created     | client_key: 0x00000001, subscriber_id: 0x800(4), participant_id: 0x001(1)
[micro_ros_agent-1] [70.444136] info     | ProxyClient.cpp    | create_datareader        | datareader created     | client_key: 0x00000001, datareader_id: 0x800(6), subscriber_id: 0x800(4)
[micro_ros_agent-1] [70.447905] info     | ProxyClient.cpp    | create_topic             | topic created          | client_key: 0x00000001, topic_id: 0x801(2), participant_id: 0x001(1)
[micro_ros_agent-1] [70.448473] info     | ProxyClient.cpp    | create_subscriber        | subscriber created     | client_key: 0x00000001, subscriber_id: 0x801(4), participant_id: 0x001(1)
[micro_ros_agent-1] [70.449362] info     | ProxyClient.cpp    | create_datareader        | datareader created     | client_key: 0x00000001, datareader_id: 0x801(6), subscriber_id: 0x801(4)
[micro_ros_agent-1] [70.452723] info     | ProxyClient.cpp    | create_topic             | topic created          | client_key: 0x00000001, topic_id: 0x802(2), participant_id: 0x001(1)
[micro_ros_agent-1] [70.452799] info     | ProxyClient.cpp    | create_subscriber        | subscriber created     | client_key: 0x00000001, subscriber_id: 0x802(4), participant_id: 0x001(1)
[micro_ros_agent-1] [70.456608] info     | ProxyClient.cpp    | create_datareader        | datareader created     | client_key: 0x00000001, datareader_id: 0x802(6), subscriber_id: 0x802(4)
[micro_ros_agent-1] [70.459794] info     | ProxyClient.cpp    | create_topic             | topic created          | client_key: 0x00000001, topic_id: 0x803(2), participant_id: 0x001(1)
[micro_ros_agent-1] [70.459869] info     | ProxyClient.cpp    | create_subscriber        | subscriber created     | client_key: 0x00000001, subscriber_id: 0x803(4), participant_id: 0x001(1)
[micro_ros_agent-1] [70.460574] info     | ProxyClient.cpp    | create_datareader        | datareader created     | client_key: 0x00000001, datareader_id: 0x803(6), subscriber_id: 0x803(4)
[micro_ros_agent-1] [70.463912] info     | ProxyClient.cpp    | create_topic             | topic created          | client_key: 0x00000001, topic_id: 0x804(2), participant_id: 0x001(1)
[micro_ros_agent-1] [70.463983] info     | ProxyClient.cpp    | create_subscriber        | subscriber created     | client_key: 0x00000001, subscriber_id: 0x804(4), participant_id: 0x001(1)
[micro_ros_agent-1] [70.465020] info     | ProxyClient.cpp    | create_datareader        | datareader created     | client_key: 0x00000001, datareader_id: 0x804(6), subscriber_id: 0x804(4)
[micro_ros_agent-1] [70.467924] info     | ProxyClient.cpp    | create_topic             | topic created          | client_key: 0x00000001, topic_id: 0x805(2), participant_id: 0x001(1)
[micro_ros_agent-1] [70.467988] info     | ProxyClient.cpp    | create_subscriber        | subscriber created     | client_key: 0x00000001, subscriber_id: 0x805(4), participant_id: 0x001(1)
[micro_ros_agent-1] [70.468961] info     | ProxyClient.cpp    | create_datareader        | datareader created     | client_key: 0x00000001, datareader_id: 0x805(6), subscriber_id: 0x805(4)
[micro_ros_agent-1] [70.472015] info     | ProxyClient.cpp    | create_topic             | topic created          | client_key: 0x00000001, topic_id: 0x806(2), participant_id: 0x001(1)
[micro_ros_agent-1] [70.472079] info     | ProxyClient.cpp    | create_subscriber        | subscriber created     | client_key: 0x00000001, subscriber_id: 0x806(4), participant_id: 0x001(1)
[micro_ros_agent-1] [70.473100] info     | ProxyClient.cpp    | create_datareader        | datareader created     | client_key: 0x00000001, datareader_id: 0x806(6), subscriber_id: 0x806(4)
[micro_ros_agent-1] [70.475947] info     | ProxyClient.cpp    | create_topic             | topic created          | client_key: 0x00000001, topic_id: 0x807(2), participant_id: 0x001(1)
[micro_ros_agent-1] [70.476008] info     | ProxyClient.cpp    | create_subscriber        | subscriber created     | client_key: 0x00000001, subscriber_id: 0x807(4), participant_id: 0x001(1)
[micro_ros_agent-1] [70.476741] info     | ProxyClient.cpp    | create_datareader        | datareader created     | client_key: 0x00000001, datareader_id: 0x807(6), subscriber_id: 0x807(4)
[micro_ros_agent-1] [70.480063] info     | ProxyClient.cpp    | create_topic             | topic created          | client_key: 0x00000001, topic_id: 0x808(2), participant_id: 0x001(1)
[micro_ros_agent-1] [70.480140] info     | ProxyClient.cpp    | create_subscriber        | subscriber created     | client_key: 0x00000001, subscriber_id: 0x808(4), participant_id: 0x001(1)
[micro_ros_agent-1] [70.480952] info     | ProxyClient.cpp    | create_datareader        | datareader created     | client_key: 0x00000001, datareader_id: 0x808(6), subscriber_id: 0x808(4)
[micro_ros_agent-1] [70.483985] info     | ProxyClient.cpp    | create_topic             | topic created          | client_key: 0x00000001, topic_id: 0x809(2), participant_id: 0x001(1)
[micro_ros_agent-1] [70.484054] info     | ProxyClient.cpp    | create_subscriber        | subscriber created     | client_key: 0x00000001, subscriber_id: 0x809(4), participant_id: 0x001(1)
[micro_ros_agent-1] [70.484872] info     | ProxyClient.cpp    | create_datareader        | datareader created     | client_key: 0x00000001, datareader_id: 0x809(6), subscriber_id: 0x809(4)
[micro_ros_agent-1] [70.488105] info     | ProxyClient.cpp    | create_topic             | topic created          | client_key: 0x00000001, topic_id: 0x80A(2), participant_id: 0x001(1)
[micro_ros_agent-1] [70.488166] info     | ProxyClient.cpp    | create_subscriber        | subscriber created     | client_key: 0x00000001, subscriber_id: 0x80A(4), participant_id: 0x001(1)
[micro_ros_agent-1] [70.488939] info     | ProxyClient.cpp    | create_datareader        | datareader created     | client_key: 0x00000001, datareader_id: 0x80A(6), subscriber_id: 0x80A(4)
[micro_ros_agent-1] [70.491867] info     | ProxyClient.cpp    | create_topic             | topic created          | client_key: 0x00000001, topic_id: 0x80B(2), participant_id: 0x001(1)
[micro_ros_agent-1] [70.491927] info     | ProxyClient.cpp    | create_subscriber        | subscriber created     | client_key: 0x00000001, subscriber_id: 0x80B(4), participant_id: 0x001(1)
[micro_ros_agent-1] [70.492657] info     | ProxyClient.cpp    | create_datareader        | datareader created     | client_key: 0x00000001, datareader_id: 0x80B(6), subscriber_id: 0x80B(4)
[micro_ros_agent-1] [70.495571] info     | ProxyClient.cpp    | create_topic             | topic created          | client_key: 0x00000001, topic_id: 0x80C(2), participant_id: 0x001(1)
[micro_ros_agent-1] [70.495631] info     | ProxyClient.cpp    | create_subscriber        | subscriber created     | client_key: 0x00000001, subscriber_id: 0x80C(4), participant_id: 0x001(1)
[micro_ros_agent-1] [70.496874] info     | ProxyClient.cpp    | create_datareader        | datareader created     | client_key: 0x00000001, datareader_id: 0x80C(6), subscriber_id: 0x80C(4)
[micro_ros_agent-1] [70.499681] info     | ProxyClient.cpp    | create_topic             | topic created          | client_key: 0x00000001, topic_id: 0x80D(2), participant_id: 0x001(1)
[micro_ros_agent-1] [70.499742] info     | ProxyClient.cpp    | create_subscriber        | subscriber created     | client_key: 0x00000001, subscriber_id: 0x80D(4), participant_id: 0x001(1)
[micro_ros_agent-1] [70.500727] info     | ProxyClient.cpp    | create_datareader        | datareader created     | client_key: 0x00000001, datareader_id: 0x80D(6), subscriber_id: 0x80D(4)
[micro_ros_agent-1] [70.503671] info     | ProxyClient.cpp    | create_topic             | topic created          | client_key: 0x00000001, topic_id: 0x80E(2), participant_id: 0x001(1)
[micro_ros_agent-1] [70.503731] info     | ProxyClient.cpp    | create_subscriber        | subscriber created     | client_key: 0x00000001, subscriber_id: 0x80E(4), participant_id: 0x001(1)
[micro_ros_agent-1] [70.504327] info     | ProxyClient.cpp    | create_datareader        | datareader created     | client_key: 0x00000001, datareader_id: 0x80E(6), subscriber_id: 0x80E(4)
[micro_ros_agent-1] [70.507627] info     | ProxyClient.cpp    | create_topic             | topic created          | client_key: 0x00000001, topic_id: 0x80F(2), participant_id: 0x001(1)
[micro_ros_agent-1] [70.507744] info     | ProxyClient.cpp    | create_subscriber        | subscriber created     | client_key: 0x00000001, subscriber_id: 0x80F(4), participant_id: 0x001(1)
[micro_ros_agent-1] [70.508527] info     | ProxyClient.cpp    | create_datareader        | datareader created     | client_key: 0x00000001, datareader_id: 0x80F(6), subscriber_id: 0x80F(4)
[micro_ros_agent-1] [70.511673] info     | ProxyClient.cpp    | create_topic             | topic created          | client_key: 0x00000001, topic_id: 0x810(2), participant_id: 0x001(1)
[micro_ros_agent-1] [70.511729] info     | ProxyClient.cpp    | create_subscriber        | subscriber created     | client_key: 0x00000001, subscriber_id: 0x810(4), participant_id: 0x001(1)
[micro_ros_agent-1] [70.515529] info     | ProxyClient.cpp    | create_datareader        | datareader created     | client_key: 0x00000001, datareader_id: 0x810(6), subscriber_id: 0x810(4)
[micro_ros_agent-1] [70.518649] info     | ProxyClient.cpp    | create_topic             | topic created          | client_key: 0x00000001, topic_id: 0x811(2), participant_id: 0x001(1)
[micro_ros_agent-1] [70.518726] info     | ProxyClient.cpp    | create_subscriber        | subscriber created     | client_key: 0x00000001, subscriber_id: 0x811(4), participant_id: 0x001(1)
[micro_ros_agent-1] [70.519440] info     | ProxyClient.cpp    | create_datareader        | datareader created     | client_key: 0x00000001, datareader_id: 0x811(6), subscriber_id: 0x811(4)
[micro_ros_agent-1] [70.522639] info     | ProxyClient.cpp    | create_topic             | topic created          | client_key: 0x00000001, topic_id: 0x812(2), participant_id: 0x001(1)
[micro_ros_agent-1] [70.522702] info     | ProxyClient.cpp    | create_subscriber        | subscriber created     | client_key: 0x00000001, subscriber_id: 0x812(4), participant_id: 0x001(1)
[micro_ros_agent-1] [70.523279] info     | ProxyClient.cpp    | create_datareader        | datareader created     | client_key: 0x00000001, datareader_id: 0x812(6), subscriber_id: 0x812(4)
[micro_ros_agent-1] [70.526303] info     | ProxyClient.cpp    | create_topic             | topic created          | client_key: 0x00000001, topic_id: 0x813(2), participant_id: 0x001(1)
[micro_ros_agent-1] [70.526373] info     | ProxyClient.cpp    | create_subscriber        | subscriber created     | client_key: 0x00000001, subscriber_id: 0x813(4), participant_id: 0x001(1)
[micro_ros_agent-1] [70.527138] info     | ProxyClient.cpp    | create_datareader        | datareader created     | client_key: 0x00000001, datareader_id: 0x813(6), subscriber_id: 0x813(4)
[micro_ros_agent-1] [70.529942] info     | ProxyClient.cpp    | create_topic             | topic created          | client_key: 0x00000001, topic_id: 0x814(2), participant_id: 0x001(1)
[micro_ros_agent-1] [70.530001] info     | ProxyClient.cpp    | create_subscriber        | subscriber created     | client_key: 0x00000001, subscriber_id: 0x814(4), participant_id: 0x001(1)
[micro_ros_agent-1] [70.530584] info     | ProxyClient.cpp    | create_datareader        | datareader created     | client_key: 0x00000001, datareader_id: 0x814(6), subscriber_id: 0x814(4)
[micro_ros_agent-1] [70.533689] info     | ProxyClient.cpp    | create_topic             | topic created          | client_key: 0x00000001, topic_id: 0x815(2), participant_id: 0x001(1)
[micro_ros_agent-1] [70.533765] info     | ProxyClient.cpp    | create_subscriber        | subscriber created     | client_key: 0x00000001, subscriber_id: 0x815(4), participant_id: 0x001(1)
[micro_ros_agent-1] [70.534347] info     | ProxyClient.cpp    | create_datareader        | datareader created     | client_key: 0x00000001, datareader_id: 0x815(6), subscriber_id: 0x815(4)
[micro_ros_agent-1] [70.537349] info     | ProxyClient.cpp    | create_topic             | topic created          | client_key: 0x00000001, topic_id: 0x816(2), participant_id: 0x001(1)
[micro_ros_agent-1] [70.537408] info     | ProxyClient.cpp    | create_subscriber        | subscriber created     | client_key: 0x00000001, subscriber_id: 0x816(4), participant_id: 0x001(1)
[micro_ros_agent-1] [70.538022] info     | ProxyClient.cpp    | create_datareader        | datareader created     | client_key: 0x00000001, datareader_id: 0x816(6), subscriber_id: 0x816(4)
[micro_ros_agent-1] [70.541155] info     | ProxyClient.cpp    | create_topic             | topic created          | client_key: 0x00000001, topic_id: 0x817(2), participant_id: 0x001(1)
[micro_ros_agent-1] [70.541213] info     | ProxyClient.cpp    | create_subscriber        | subscriber created     | client_key: 0x00000001, subscriber_id: 0x817(4), participant_id: 0x001(1)
[micro_ros_agent-1] [70.546176] info     | ProxyClient.cpp    | create_datareader        | datareader created     | client_key: 0x00000001, datareader_id: 0x817(6), subscriber_id: 0x817(4)
[micro_ros_agent-1] [70.549151] info     | ProxyClient.cpp    | create_topic             | topic created          | client_key: 0x00000001, topic_id: 0x818(2), participant_id: 0x001(1)
[micro_ros_agent-1] [70.549230] info     | ProxyClient.cpp    | create_subscriber        | subscriber created     | client_key: 0x00000001, subscriber_id: 0x818(4), participant_id: 0x001(1)
[micro_ros_agent-1] [70.551806] info     | ProxyClient.cpp    | create_datareader        | datareader created     | client_key: 0x00000001, datareader_id: 0x818(6), subscriber_id: 0x818(4)
[micro_ros_agent-1] [70.554729] info     | ProxyClient.cpp    | create_topic             | topic created          | client_key: 0x00000001, topic_id: 0x819(2), participant_id: 0x001(1)
[micro_ros_agent-1] [70.554796] info     | ProxyClient.cpp    | create_subscriber        | subscriber created     | client_key: 0x00000001, subscriber_id: 0x819(4), participant_id: 0x001(1)
[micro_ros_agent-1] [70.555475] info     | ProxyClient.cpp    | create_datareader        | datareader created     | client_key: 0x00000001, datareader_id: 0x819(6), subscriber_id: 0x819(4)
[micro_ros_agent-1] [70.558440] info     | ProxyClient.cpp    | create_topic             | topic created          | client_key: 0x00000001, topic_id: 0x81A(2), participant_id: 0x001(1)
[micro_ros_agent-1] [70.558526] info     | ProxyClient.cpp    | create_subscriber        | subscriber created     | client_key: 0x00000001, subscriber_id: 0x81A(4), participant_id: 0x001(1)
[micro_ros_agent-1] [70.559163] info     | ProxyClient.cpp    | create_datareader        | datareader created     | client_key: 0x00000001, datareader_id: 0x81A(6), subscriber_id: 0x81A(4)
[micro_ros_agent-1] [70.562543] info     | ProxyClient.cpp    | create_topic             | topic created          | client_key: 0x00000001, topic_id: 0x81B(2), participant_id: 0x001(1)
[micro_ros_agent-1] [70.562603] info     | ProxyClient.cpp    | create_subscriber        | subscriber created     | client_key: 0x00000001, subscriber_id: 0x81B(4), participant_id: 0x001(1)
[micro_ros_agent-1] [70.563263] info     | ProxyClient.cpp    | create_datareader        | datareader created     | client_key: 0x00000001, datareader_id: 0x81B(6), subscriber_id: 0x81B(4)
[micro_ros_agent-1] [70.566451] info     | ProxyClient.cpp    | create_topic             | topic created          | client_key: 0x00000001, topic_id: 0x81C(2), participant_id: 0x001(1)
[micro_ros_agent-1] [70.566512] info     | ProxyClient.cpp    | create_subscriber        | subscriber created     | client_key: 0x00000001, subscriber_id: 0x81C(4), participant_id: 0x001(1)
[micro_ros_agent-1] [70.567556] info     | ProxyClient.cpp    | create_datareader        | datareader created     | client_key: 0x00000001, datareader_id: 0x81C(6), subscriber_id: 0x81C(4)
[micro_ros_agent-1] [70.570994] info     | ProxyClient.cpp    | create_topic             | topic created          | client_key: 0x00000001, topic_id: 0x81D(2), participant_id: 0x001(1)
[micro_ros_agent-1] [70.571064] info     | ProxyClient.cpp    | create_subscriber        | subscriber created     | client_key: 0x00000001, subscriber_id: 0x81D(4), participant_id: 0x001(1)
[micro_ros_agent-1] [70.571822] info     | ProxyClient.cpp    | create_datareader        | datareader created     | client_key: 0x00000001, datareader_id: 0x81D(6), subscriber_id: 0x81D(4)
[micro_ros_agent-1] [70.575019] info     | ProxyClient.cpp    | create_topic             | topic created          | client_key: 0x00000001, topic_id: 0x81E(2), participant_id: 0x001(1)
[micro_ros_agent-1] [70.575088] info     | ProxyClient.cpp    | create_subscriber        | subscriber created     | client_key: 0x00000001, subscriber_id: 0x81E(4), participant_id: 0x001(1)
[micro_ros_agent-1] [70.575892] info     | ProxyClient.cpp    | create_datareader        | datareader created     | client_key: 0x00000001, datareader_id: 0x81E(6), subscriber_id: 0x81E(4)
[micro_ros_agent-1] [70.578940] info     | ProxyClient.cpp    | create_topic             | topic created          | client_key: 0x00000001, topic_id: 0x81F(2), participant_id: 0x001(1)
[micro_ros_agent-1] [70.579011] info     | ProxyClient.cpp    | create_subscriber        | subscriber created     | client_key: 0x00000001, subscriber_id: 0x81F(4), participant_id: 0x001(1)
[micro_ros_agent-1] [70.579612] info     | ProxyClient.cpp    | create_datareader        | datareader created     | client_key: 0x00000001, datareader_id: 0x81F(6), subscriber_id: 0x81F(4)
[micro_ros_agent-1] [70.583156] info     | ProxyClient.cpp    | create_topic             | topic created          | client_key: 0x00000001, topic_id: 0x820(2), participant_id: 0x001(1)
[micro_ros_agent-1] [70.583244] info     | ProxyClient.cpp    | create_subscriber        | subscriber created     | client_key: 0x00000001, subscriber_id: 0x820(4), participant_id: 0x001(1)
[micro_ros_agent-1] [70.588805] info     | ProxyClient.cpp    | create_datareader        | datareader created     | client_key: 0x00000001, datareader_id: 0x820(6), subscriber_id: 0x820(4)
[micro_ros_agent-1] [70.592366] info     | ProxyClient.cpp    | create_topic             | topic created          | client_key: 0x00000001, topic_id: 0x821(2), participant_id: 0x001(1)
[micro_ros_agent-1] [70.592450] info     | ProxyClient.cpp    | create_subscriber        | subscriber created     | client_key: 0x00000001, subscriber_id: 0x821(4), participant_id: 0x001(1)
[micro_ros_agent-1] [70.594202] info     | ProxyClient.cpp    | create_datareader        | datareader created     | client_key: 0x00000001, datareader_id: 0x821(6), subscriber_id: 0x821(4)
[micro_ros_agent-1] [70.597245] info     | ProxyClient.cpp    | create_topic             | topic created          | client_key: 0x00000001, topic_id: 0x822(2), participant_id: 0x001(1)
[micro_ros_agent-1] [70.597312] info     | ProxyClient.cpp    | create_subscriber        | subscriber created     | client_key: 0x00000001, subscriber_id: 0x822(4), participant_id: 0x001(1)
[micro_ros_agent-1] [70.598001] info     | ProxyClient.cpp    | create_datareader        | datareader created     | client_key: 0x00000001, datareader_id: 0x822(6), subscriber_id: 0x822(4)
[micro_ros_agent-1] [70.601552] info     | ProxyClient.cpp    | create_topic             | topic created          | client_key: 0x00000001, topic_id: 0x823(2), participant_id: 0x001(1)
[micro_ros_agent-1] [70.601622] info     | ProxyClient.cpp    | create_subscriber        | subscriber created     | client_key: 0x00000001, subscriber_id: 0x823(4), participant_id: 0x001(1)
[micro_ros_agent-1] [70.602568] info     | ProxyClient.cpp    | create_datareader        | datareader created     | client_key: 0x00000001, datareader_id: 0x823(6), subscriber_id: 0x823(4)
[micro_ros_agent-1] [70.605622] info     | ProxyClient.cpp    | create_topic             | topic created          | client_key: 0x00000001, topic_id: 0x824(2), participant_id: 0x001(1)
[micro_ros_agent-1] [70.605688] info     | ProxyClient.cpp    | create_subscriber        | subscriber created     | client_key: 0x00000001, subscriber_id: 0x824(4), participant_id: 0x001(1)
[micro_ros_agent-1] [70.606336] info     | ProxyClient.cpp    | create_datareader        | datareader created     | client_key: 0x00000001, datareader_id: 0x824(6), subscriber_id: 0x824(4)
[micro_ros_agent-1] [70.609097] info     | ProxyClient.cpp    | create_topic             | topic created          | client_key: 0x00000001, topic_id: 0x825(2), participant_id: 0x001(1)
[micro_ros_agent-1] [70.609171] info     | ProxyClient.cpp    | create_subscriber        | subscriber created     | client_key: 0x00000001, subscriber_id: 0x825(4), participant_id: 0x001(1)
[micro_ros_agent-1] [70.609844] info     | ProxyClient.cpp    | create_datareader        | datareader created     | client_key: 0x00000001, datareader_id: 0x825(6), subscriber_id: 0x825(4)
[micro_ros_agent-1] [70.613161] info     | ProxyClient.cpp    | create_topic             | topic created          | client_key: 0x00000001, topic_id: 0x0CD(2), participant_id: 0x001(1)
[micro_ros_agent-1] [70.613265] info     | ProxyClient.cpp    | create_publisher         | publisher created      | client_key: 0x00000001, publisher_id: 0x0CD(3), participant_id: 0x001(1)
[micro_ros_agent-1] [70.613983] info     | ProxyClient.cpp    | create_datawriter        | datawriter created     | client_key: 0x00000001, datawriter_id: 0x0CD(5), publisher_id: 0x0CD(3)
[micro_ros_agent-1] [70.617022] info     | ProxyClient.cpp    | create_topic             | topic created          | client_key: 0x00000001, topic_id: 0x010(2), participant_id: 0x001(1)
[micro_ros_agent-1] [70.617087] info     | ProxyClient.cpp    | create_publisher         | publisher created      | client_key: 0x00000001, publisher_id: 0x010(3), participant_id: 0x001(1)
[micro_ros_agent-1] [70.622181] info     | ProxyClient.cpp    | create_datawriter        | datawriter created     | client_key: 0x00000001, datawriter_id: 0x010(5), publisher_id: 0x010(3)
[micro_ros_agent-1] [70.624772] info     | ProxyClient.cpp    | create_topic             | topic created          | client_key: 0x00000001, topic_id: 0x09D(2), participant_id: 0x001(1)
[micro_ros_agent-1] [70.624834] info     | ProxyClient.cpp    | create_publisher         | publisher created      | client_key: 0x00000001, publisher_id: 0x09D(3), participant_id: 0x001(1)
[micro_ros_agent-1] [70.630186] info     | ProxyClient.cpp    | create_datawriter        | datawriter created     | client_key: 0x00000001, datawriter_id: 0x09D(5), publisher_id: 0x09D(3)
[micro_ros_agent-1] [70.632888] info     | ProxyClient.cpp    | create_topic             | topic created          | client_key: 0x00000001, topic_id: 0x014(2), participant_id: 0x001(1)
[micro_ros_agent-1] [70.632951] info     | ProxyClient.cpp    | create_publisher         | publisher created      | client_key: 0x00000001, publisher_id: 0x014(3), participant_id: 0x001(1)
[micro_ros_agent-1] [70.638178] info     | ProxyClient.cpp    | create_datawriter        | datawriter created     | client_key: 0x00000001, datawriter_id: 0x014(5), publisher_id: 0x014(3)
[micro_ros_agent-1] [70.641475] info     | ProxyClient.cpp    | create_topic             | topic created          | client_key: 0x00000001, topic_id: 0x01B(2), participant_id: 0x001(1)
[micro_ros_agent-1] [70.641542] info     | ProxyClient.cpp    | create_publisher         | publisher created      | client_key: 0x00000001, publisher_id: 0x01B(3), participant_id: 0x001(1)
[micro_ros_agent-1] [70.642146] info     | ProxyClient.cpp    | create_datawriter        | datawriter created     | client_key: 0x00000001, datawriter_id: 0x01B(5), publisher_id: 0x01B(3)
[micro_ros_agent-1] [70.645753] info     | ProxyClient.cpp    | create_topic             | topic created          | client_key: 0x00000001, topic_id: 0x055(2), participant_id: 0x001(1)
[micro_ros_agent-1] [70.645831] info     | ProxyClient.cpp    | create_publisher         | publisher created      | client_key: 0x00000001, publisher_id: 0x055(3), participant_id: 0x001(1)
[micro_ros_agent-1] [70.646513] info     | ProxyClient.cpp    | create_datawriter        | datawriter created     | client_key: 0x00000001, datawriter_id: 0x055(5), publisher_id: 0x055(3)
[micro_ros_agent-1] [70.649712] info     | ProxyClient.cpp    | create_topic             | topic created          | client_key: 0x00000001, topic_id: 0x05B(2), participant_id: 0x001(1)
[micro_ros_agent-1] [70.649785] info     | ProxyClient.cpp    | create_publisher         | publisher created      | client_key: 0x00000001, publisher_id: 0x05B(3), participant_id: 0x001(1)
[micro_ros_agent-1] [70.650663] info     | ProxyClient.cpp    | create_datawriter        | datawriter created     | client_key: 0x00000001, datawriter_id: 0x05B(5), publisher_id: 0x05B(3)
[micro_ros_agent-1] [70.653592] info     | ProxyClient.cpp    | create_topic             | topic created          | client_key: 0x00000001, topic_id: 0x094(2), participant_id: 0x001(1)
[micro_ros_agent-1] [70.653658] info     | ProxyClient.cpp    | create_publisher         | publisher created      | client_key: 0x00000001, publisher_id: 0x094(3), participant_id: 0x001(1)
[micro_ros_agent-1] [70.654313] info     | ProxyClient.cpp    | create_datawriter        | datawriter created     | client_key: 0x00000001, datawriter_id: 0x094(5), publisher_id: 0x094(3)
[micro_ros_agent-1] [70.657395] info     | ProxyClient.cpp    | create_topic             | topic created          | client_key: 0x00000001, topic_id: 0x09A(2), participant_id: 0x001(1)
[micro_ros_agent-1] [70.657467] info     | ProxyClient.cpp    | create_publisher         | publisher created      | client_key: 0x00000001, publisher_id: 0x09A(3), participant_id: 0x001(1)
[micro_ros_agent-1] [70.657969] info     | ProxyClient.cpp    | create_datawriter        | datawriter created     | client_key: 0x00000001, datawriter_id: 0x09A(5), publisher_id: 0x09A(3)
[micro_ros_agent-1] [70.661329] info     | ProxyClient.cpp    | create_topic             | topic created          | client_key: 0x00000001, topic_id: 0x0C0(2), participant_id: 0x001(1)
[micro_ros_agent-1] [70.661399] info     | ProxyClient.cpp    | create_publisher         | publisher created      | client_key: 0x00000001, publisher_id: 0x0C0(3), participant_id: 0x001(1)
[micro_ros_agent-1] [70.666184] info     | ProxyClient.cpp    | create_datawriter        | datawriter created     | client_key: 0x00000001, datawriter_id: 0x0C0(5), publisher_id: 0x0C0(3)
[micro_ros_agent-1] [70.669301] info     | ProxyClient.cpp    | create_topic             | topic created          | client_key: 0x00000001, topic_id: 0x0E1(2), participant_id: 0x001(1)
[micro_ros_agent-1] [70.669374] info     | ProxyClient.cpp    | create_publisher         | publisher created      | client_key: 0x00000001, publisher_id: 0x0E1(3), participant_id: 0x001(1)
[micro_ros_agent-1] [70.670385] info     | ProxyClient.cpp    | create_datawriter        | datawriter created     | client_key: 0x00000001, datawriter_id: 0x0E1(5), publisher_id: 0x0E1(3)
[micro_ros_agent-1] [70.672951] info     | ProxyClient.cpp    | create_topic             | topic created          | client_key: 0x00000001, topic_id: 0x0F9(2), participant_id: 0x001(1)
[micro_ros_agent-1] [70.673017] info     | ProxyClient.cpp    | create_publisher         | publisher created      | client_key: 0x00000001, publisher_id: 0x0F9(3), participant_id: 0x001(1)
[micro_ros_agent-1] [70.673938] info     | ProxyClient.cpp    | create_datawriter        | datawriter created     | client_key: 0x00000001, datawriter_id: 0x0F9(5), publisher_id: 0x0F9(3)
[micro_ros_agent-1] [70.677085] info     | ProxyClient.cpp    | create_topic             | topic created          | client_key: 0x00000001, topic_id: 0x0FC(2), participant_id: 0x001(1)
[micro_ros_agent-1] [70.677165] info     | ProxyClient.cpp    | create_publisher         | publisher created      | client_key: 0x00000001, publisher_id: 0x0FC(3), participant_id: 0x001(1)
[micro_ros_agent-1] [70.678292] info     | ProxyClient.cpp    | create_datawriter        | datawriter created     | client_key: 0x00000001, datawriter_id: 0x0FC(5), publisher_id: 0x0FC(3)
[micro_ros_agent-1] [70.682021] info     | ProxyClient.cpp    | create_topic             | topic created          | client_key: 0x00000001, topic_id: 0x115(2), participant_id: 0x001(1)
[micro_ros_agent-1] [70.682093] info     | ProxyClient.cpp    | create_publisher         | publisher created      | client_key: 0x00000001, publisher_id: 0x115(3), participant_id: 0x001(1)
[micro_ros_agent-1] [70.682943] info     | ProxyClient.cpp    | create_datawriter        | datawriter created     | client_key: 0x00000001, datawriter_id: 0x115(5), publisher_id: 0x115(3)
[micro_ros_agent-1] [70.685898] info     | ProxyClient.cpp    | create_topic             | topic created          | client_key: 0x00000001, topic_id: 0x108(2), participant_id: 0x001(1)
[micro_ros_agent-1] [70.685959] info     | ProxyClient.cpp    | create_publisher         | publisher created      | client_key: 0x00000001, publisher_id: 0x108(3), participant_id: 0x001(1)
[micro_ros_agent-1] [70.686876] info     | ProxyClient.cpp    | create_datawriter        | datawriter created     | client_key: 0x00000001, datawriter_id: 0x108(5), publisher_id: 0x108(3)
[micro_ros_agent-1] [70.689794] info     | ProxyClient.cpp    | create_topic             | topic created          | client_key: 0x00000001, topic_id: 0x10F(2), participant_id: 0x001(1)
[micro_ros_agent-1] [70.689858] info     | ProxyClient.cpp    | create_publisher         | publisher created      | client_key: 0x00000001, publisher_id: 0x10F(3), participant_id: 0x001(1)
[micro_ros_agent-1] [70.691982] info     | ProxyClient.cpp    | create_datawriter        | datawriter created     | client_key: 0x00000001, datawriter_id: 0x10F(5), publisher_id: 0x10F(3)
[micro_ros_agent-1] [70.695046] info     | ProxyClient.cpp    | create_topic             | topic created          | client_key: 0x00000001, topic_id: 0x10C(2), participant_id: 0x001(1)
[micro_ros_agent-1] [70.695121] info     | ProxyClient.cpp    | create_publisher         | publisher created      | client_key: 0x00000001, publisher_id: 0x10C(3), participant_id: 0x001(1)
[micro_ros_agent-1] [70.695786] info     | ProxyClient.cpp    | create_datawriter        | datawriter created     | client_key: 0x00000001, datawriter_id: 0x10C(5), publisher_id: 0x10C(3)
[micro_ros_agent-1] [70.698904] info     | ProxyClient.cpp    | create_topic             | topic created          | client_key: 0x00000001, topic_id: 0x110(2), participant_id: 0x001(1)
[micro_ros_agent-1] [70.698973] info     | ProxyClient.cpp    | create_publisher         | publisher created      | client_key: 0x00000001, publisher_id: 0x110(3), participant_id: 0x001(1)
[micro_ros_agent-1] [70.699579] info     | ProxyClient.cpp    | create_datawriter        | datawriter created     | client_key: 0x00000001, datawriter_id: 0x110(5), publisher_id: 0x110(3)
[window_detect-4] [INFO] [0000000070.716204256] [window_detect]: camera_info_topic derived from image_topic: /zed/zed_node/rgb/color/rect/camera_info
[component_container_isolated-3] [INFO] [0000000070.722400064] [zed.zed_node]: === Starting Positional Tracking ===
[component_container_isolated-3] [INFO] [0000000070.722533888] [zed.zed_node]:  * Waiting for valid static transformations...
[component_container_isolated-3] [INFO] [0000000070.722755168] [zed.zed_node]:  Static transform ref. CMOS Sensor to Base [zed_left_camera_frame -> zed_camera_link]
[component_container_isolated-3] [INFO] [0000000070.722777856] [zed.zed_node]:   * Translation: {0.011,-0.060,-0.015}
[component_container_isolated-3] [INFO] [0000000070.722793760] [zed.zed_node]:   * Rotation: {0.000,-2.865,0.000}
[component_container_isolated-3] [INFO] [0000000070.722829152] [zed.zed_node]:  Static transform ref. CMOS Sensor to Camera Center [zed_left_camera_frame -> zed_camera_center]
[component_container_isolated-3] [INFO] [0000000070.722847776] [zed.zed_node]:   * Translation: {0.010,-0.060,0.000}
[component_container_isolated-3] [INFO] [0000000070.722862144] [zed.zed_node]:   * Rotation: {0.000,-0.000,0.000}
[component_container_isolated-3] [INFO] [0000000070.722889952] [zed.zed_node]:  Static transform Camera Center to Base [zed_camera_center -> zed_camera_link]
[component_container_isolated-3] [INFO] [0000000070.722903648] [zed.zed_node]:   * Translation: {0.001,0.000,-0.015}
[component_container_isolated-3] [INFO] [0000000070.722914976] [zed.zed_node]:   * Rotation: {0.000,-2.865,0.000}
[component_container_isolated-3] [INFO] [0000000070.724025504] [zed.zed_node]: Initial ZED left camera pose (ZED pos. tracking): 
[component_container_isolated-3] [INFO] [0000000070.724053568] [zed.zed_node]:  * T: [-0.0099875,0.06,0.0154998]
[component_container_isolated-3] [INFO] [0000000070.724080224] [zed.zed_node]:  * Q: [0,0.0249974,0,0.999688]
[micro_ros_agent-1] [70.799292] info     | ProxyClient.cpp    | create_topic             | topic created          | client_key: 0x00000001, topic_id: 0x112(2), participant_id: 0x001(1)
[micro_ros_agent-1] [70.799412] info     | ProxyClient.cpp    | create_publisher         | publisher created      | client_key: 0x00000001, publisher_id: 0x112(3), participant_id: 0x001(1)
[micro_ros_agent-1] [70.800470] info     | ProxyClient.cpp    | create_datawriter        | datawriter created     | client_key: 0x00000001, datawriter_id: 0x112(5), publisher_id: 0x112(3)
[micro_ros_agent-1] [70.804075] info     | ProxyClient.cpp    | create_topic             | topic created          | client_key: 0x00000001, topic_id: 0x116(2), participant_id: 0x001(1)
[micro_ros_agent-1] [70.804160] info     | ProxyClient.cpp    | create_publisher         | publisher created      | client_key: 0x00000001, publisher_id: 0x116(3), participant_id: 0x001(1)
[micro_ros_agent-1] [70.805179] info     | ProxyClient.cpp    | create_datawriter        | datawriter created     | client_key: 0x00000001, datawriter_id: 0x116(5), publisher_id: 0x116(3)
[micro_ros_agent-1] [70.808482] info     | ProxyClient.cpp    | create_topic             | topic created          | client_key: 0x00000001, topic_id: 0x11B(2), participant_id: 0x001(1)
[micro_ros_agent-1] [70.808603] info     | ProxyClient.cpp    | create_publisher         | publisher created      | client_key: 0x00000001, publisher_id: 0x11B(3), participant_id: 0x001(1)
[micro_ros_agent-1] [70.809810] info     | ProxyClient.cpp    | create_datawriter        | datawriter created     | client_key: 0x00000001, datawriter_id: 0x11B(5), publisher_id: 0x11B(3)
[micro_ros_agent-1] [70.813040] info     | ProxyClient.cpp    | create_topic             | topic created          | client_key: 0x00000001, topic_id: 0x120(2), participant_id: 0x001(1)
[micro_ros_agent-1] [70.813128] info     | ProxyClient.cpp    | create_publisher         | publisher created      | client_key: 0x00000001, publisher_id: 0x120(3), participant_id: 0x001(1)
[micro_ros_agent-1] [70.814400] info     | ProxyClient.cpp    | create_datawriter        | datawriter created     | client_key: 0x00000001, datawriter_id: 0x120(5), publisher_id: 0x120(3)
[micro_ros_agent-1] [70.817476] info     | ProxyClient.cpp    | create_topic             | topic created          | client_key: 0x00000001, topic_id: 0x00D(2), participant_id: 0x001(1)
[micro_ros_agent-1] [70.817549] info     | ProxyClient.cpp    | create_publisher         | publisher created      | client_key: 0x00000001, publisher_id: 0x00D(3), participant_id: 0x001(1)
[micro_ros_agent-1] [70.818431] info     | ProxyClient.cpp    | create_datawriter        | datawriter created     | client_key: 0x00000001, datawriter_id: 0x00D(5), publisher_id: 0x00D(3)
[micro_ros_agent-1] [70.821550] info     | ProxyClient.cpp    | create_topic             | topic created          | client_key: 0x00000001, topic_id: 0x129(2), participant_id: 0x001(1)
[micro_ros_agent-1] [70.821618] info     | ProxyClient.cpp    | create_publisher         | publisher created      | client_key: 0x00000001, publisher_id: 0x129(3), participant_id: 0x001(1)
[micro_ros_agent-1] [70.822526] info     | ProxyClient.cpp    | create_datawriter        | datawriter created     | client_key: 0x00000001, datawriter_id: 0x129(5), publisher_id: 0x129(3)
[micro_ros_agent-1] [70.826134] info     | ProxyClient.cpp    | create_topic             | topic created          | client_key: 0x00000001, topic_id: 0x080(2), participant_id: 0x001(1)
[micro_ros_agent-1] [70.826240] info     | ProxyClient.cpp    | create_publisher         | publisher created      | client_key: 0x00000001, publisher_id: 0x080(3), participant_id: 0x001(1)
[micro_ros_agent-1] [70.826898] info     | ProxyClient.cpp    | create_datawriter        | datawriter created     | client_key: 0x00000001, datawriter_id: 0x080(5), publisher_id: 0x080(3)
[micro_ros_agent-1] [70.931201] info     | ProxyClient.cpp    | create_topic             | topic created          | client_key: 0x00000001, topic_id: 0x12B(2), participant_id: 0x001(1)
[micro_ros_agent-1] [70.931356] info     | ProxyClient.cpp    | create_publisher         | publisher created      | client_key: 0x00000001, publisher_id: 0x12B(3), participant_id: 0x001(1)
[micro_ros_agent-1] [70.932906] info     | ProxyClient.cpp    | create_datawriter        | datawriter created     | client_key: 0x00000001, datawriter_id: 0x12B(5), publisher_id: 0x12B(3)
[micro_ros_agent-1] [70.936320] info     | ProxyClient.cpp    | create_topic             | topic created          | client_key: 0x00000001, topic_id: 0x06E(2), participant_id: 0x001(1)
[micro_ros_agent-1] [70.936394] info     | ProxyClient.cpp    | create_publisher         | publisher created      | client_key: 0x00000001, publisher_id: 0x06E(3), participant_id: 0x001(1)
[micro_ros_agent-1] [70.937217] info     | ProxyClient.cpp    | create_datawriter        | datawriter created     | client_key: 0x00000001, datawriter_id: 0x06E(5), publisher_id: 0x06E(3)
[micro_ros_agent-1] [70.942125] info     | ProxyClient.cpp    | create_replier           | replier created        | client_key: 0x00000001, requester_id: 0x800(7), participant_id: 0x001(1)
[window_detect-4] [INFO] [0000000071.081029504] [window_detect]: Browser stream on http://<jetson-ip>:8080/ (single frame at /snapshot.jpg).
[window_detect-4] [INFO] [0000000071.082841792] [window_detect]: Window detection up. image=/zed/zed_node/rgb/color/rect/image depth=/zed/zed_node/depth/depth_registered color=blue. Publishing /window_detected, /window_info, /window_geometry, /window_detection/image.
[window_detect-4] [INFO] [0000000071.687254368] [window_detect]: CameraInfo from /zed/zed_node/rgb/color/rect/camera_info: fx=704.0 fy=704.0 cx=591.7 cy=375.6 (1280x720). /window_geometry angles are now metric.
[window_detect-4] [INFO] [0000000071.772771968] [window_detect]: First frame from /zed/zed_node/rgb/color/rect/image: 1280x720.
[window_detect-4] [INFO] [0000000071.863180736] [window_detect]: window: no   (streak 0 misses, 1 frames processed, 0 skipped by max_fps=10)
[window_detect-4] [WARN] [0000000072.012155680] [window_detect]: WINDOW DETECTED  (centre=(602,225) offset=-0.06 area=161px dist=3.48m)
[window_detect-4] [INFO] [1789427448.686442079] [window_detect]: window: YES  centre=(602,225) offset=-0.06 area=161px dist=3.50m
[window_detect-4] [INFO] [1789427449.693570143] [window_detect]: window: YES  centre=(602,225) offset=-0.06 area=161px dist=3.48m
[window_detect-4] [INFO] [1789427450.726414655] [window_detect]: window: YES  centre=(602,225) offset=-0.06 area=161px dist=3.48m
[window_detect-4] [INFO] [1789427451.727905983] [window_detect]: window: YES  centre=(602,225) offset=-0.06 area=161px dist=3.49m
[INFO] [course_fsm-5]: process started with pid [3909]
[window_detect-4] [INFO] [1789427452.784567007] [window_detect]: window: YES  centre=(602,225) offset=-0.06 area=161px dist=3.49m
[course_fsm-5] [WARN] [1789427453.441509567] [course_fsm]: stdin is not a tty; q/k abort is unavailable.
[course_fsm-5] [INFO] [1789427453.443378463] [course_fsm]: Airframe: 0.260 m tall, 0.260 m wide, extending 0.160 m below and 0.100 m above the commanded point. A window must measure at least 0.32 x 0.32 m to be flown.
[course_fsm-5] [WARN] [1789427453.457516575] [course_fsm]: Window traversal on ARK FLOW: climb 1.20 m, hold 5 s, sweep +/-10 deg for the window, lock, line up 1.60 m in front of it and fly through to 0.50 m beyond, then land. Approach 0.30 m/s, traverse 0.45 m/s. Hard limit 240 s from the start of the climb. Press q to abort into a descent, k to force-disarm.
[course_fsm-5] [WARN] [1789427453.464486751] [course_fsm]: COURSE: window, then OVER the red bar (1.98 m, cross at 2.41 m), then UNDER the blue bar (0.80 m, cross at 0.48 m), then land 0.80 m past it. Gaps 1.00 / 1.00 m; every vertical move happens at a gap midpoint. Bars are flown on the known geometry along the window's traverse line. READY.
[course_fsm-5] [INFO] [1789427453.477370015] [course_fsm]: Waiting for VehicleStatus from PX4...
[course_fsm-5] [INFO] [1789427453.486649215] [course_fsm]: nav_state -> MANUAL(0)
[course_fsm-5] [INFO] [1789427453.492240255] [course_fsm]: PX4 failsafe (expected on this airframe, harmless): gcs_connection_lost, home_position_invalid
[course_fsm-5] [INFO] [1789427453.500305247] [course_fsm]: RNG still not fused (0.0 s): stage PREPARATION, alt n/a m. dist_bottom=0.15 m (valid=False), no estimator_status_flags
[course_fsm-5] [ERROR] [1789427453.503188415] [course_fsm]: Not arming: rangefinder unusable: dist_bottom_valid is false and /fmu/out/estimator_status_flags is not being published, so there is no second opinion.
[course_fsm-5] [INFO] [1789427453.504318975] [course_fsm]: alt=n/a airborne=False xy_valid=True z_valid=True | dist_bottom=0.15 m rng_ok=False vz=-0.00 m/s landed=True | xy=VEL-HOLD flow_ok=False vxy=(+0.00,-0.00) | hdg=+0 deg yaw_sp=+0 deg
[course_fsm-5] [INFO] [1789427453.511232671] [course_fsm]: window: /window_geometry has a publisher but has never carried a message: window_detect is not detecting the window. Check the colour, min_area and the lighting.
[window_detect-4] [INFO] [1789427453.789264735] [window_detect]: window: YES  centre=(602,225) offset=-0.06 area=161px dist=3.49m
[course_fsm-5] [INFO] [1789427454.002372511] [course_fsm]: RNG still not fused (0.5 s): stage PREPARATION, alt n/a m. dist_bottom=0.15 m (valid=False), no estimator_status_flags
[course_fsm-5] [WARN] [1789427454.307573055] [course_fsm]: RNG FUSION BACK after 0.83 s (lost in PREPARATION): stage PREPARATION, alt n/a m. dist_bottom=0.15 m (valid=False) rng_hgt=True rng_terrain=False kin_consistent=True fault=False stuck=False
[course_fsm-5] [INFO] [1789427454.556624575] [course_fsm]: alt=n/a airborne=False xy_valid=True z_valid=True | dist_bottom=0.15 m rng_ok=True vz=-0.00 m/s landed=True | xy=VEL-HOLD flow_ok=False vxy=(+0.00,-0.00) | hdg=+0 deg yaw_sp=+0 deg
[window_detect-4] [INFO] [1789427454.798338303] [window_detect]: window: YES  centre=(602,225) offset=-0.06 area=161px dist=3.56m
[course_fsm-5] [INFO] [1789427455.265314559] [course_fsm]: Setpoint stream established, position estimate healthy.
[course_fsm-5] [INFO] [1789427455.309828639] [course_fsm]: Requesting Offboard mode...
[course_fsm-5] [INFO] [1789427455.337701279] [course_fsm]: nav_state -> OFFBOARD(14)
[course_fsm-5] [INFO] [1789427455.364024127] [course_fsm]: Offboard mode active.
[window_detect-4] [INFO] [1789427455.894892575] [window_detect]: window: YES  centre=(602,225) offset=-0.06 area=161px dist=3.53m
[window_detect-4] [INFO] [1789427457.062297855] [window_detect]: window: YES  centre=(602,225) offset=-0.06 area=161px dist=3.47m
[window_detect-4] [INFO] [1789427458.196347007] [window_detect]: window: YES  centre=(602,225) offset=-0.06 area=161px dist=3.52m
[window_detect-4] [INFO] [1789427459.199209503] [window_detect]: window: YES  centre=(602,225) offset=-0.06 area=161px dist=3.54m
[window_detect-4] [INFO] [1789427460.290100127] [window_detect]: window: YES  centre=(602,225) offset=-0.06 area=161px dist=3.58m
[window_detect-4] [INFO] [1789427461.355777087] [window_detect]: window: YES  centre=(602,225) offset=-0.06 area=161px dist=3.48m
[window_detect-4] [INFO] [1789427462.559820511] [window_detect]: window: YES  centre=(602,225) offset=-0.06 area=161px dist=3.45m
[window_detect-4] [INFO] [1789427463.597044639] [window_detect]: window: YES  centre=(602,225) offset=-0.06 area=161px dist=3.52m
[course_fsm-5] [INFO] [1789427464.116285407] [course_fsm]: Arming point captured: x=0.10 y=0.00 z=-0.15 yaw=+0 deg. 'forward' means this heading for the whole flight.
[course_fsm-5] [WARN] [1789427464.117453535] [course_fsm]: ARMED. Holding on the ground for 5 s.
[course_fsm-5] [INFO] [1789427464.157717887] [course_fsm]: Armed on the ground, 5.0 s to takeoff...
[course_fsm-5] [INFO] [1789427464.159174015] [course_fsm]: alt=-0.00 m airborne=False xy_valid=True z_valid=True | dist_bottom=0.15 m rng_ok=True vz=-0.00 m/s landed=True | xy=VEL-HOLD flow_ok=False vxy=(+0.00,-0.00) | hdg=+0 deg yaw_sp=+0 deg
[course_fsm-5] [INFO] [1789427464.160241471] [course_fsm]: window: no usable pose (0/6 fresh samples, 0 accepted ever, 0 truncated; rejections: corner depths disagree x82)
[window_detect-4] [INFO] [1789427464.761738911] [window_detect]: window: YES  centre=(602,225) offset=-0.06 area=161px dist=3.43m
[course_fsm-5] [INFO] [1789427465.157801919] [course_fsm]: Armed on the ground, 4.0 s to takeoff...
[course_fsm-5] [INFO] [1789427465.159576927] [course_fsm]: alt=-0.00 m airborne=False xy_valid=True z_valid=True | dist_bottom=0.15 m rng_ok=True vz=-0.00 m/s landed=True | xy=VEL-HOLD flow_ok=False vxy=(-0.01,+0.03) | hdg=+0 deg yaw_sp=+0 deg
[window_detect-4] [INFO] [1789427465.830305855] [window_detect]: window: YES  centre=(602,225) offset=-0.06 area=161px dist=3.44m
[course_fsm-5] [INFO] [1789427466.161074527] [course_fsm]: Armed on the ground, 3.0 s to takeoff...
[course_fsm-5] [INFO] [1789427466.162599967] [course_fsm]: alt=-0.00 m airborne=False xy_valid=True z_valid=True | dist_bottom=0.15 m rng_ok=True vz=-0.00 m/s landed=True | xy=VEL-HOLD flow_ok=False vxy=(-0.00,+0.02) | hdg=+0 deg yaw_sp=+0 deg
[course_fsm-5] [INFO] [1789427466.163640959] [course_fsm]: window: no usable pose (0/6 fresh samples, 0 accepted ever, 0 truncated; rejections: corner depths disagree x97)
[window_detect-4] [INFO] [1789427466.928126527] [window_detect]: window: YES  centre=(602,225) offset=-0.06 area=161px dist=3.46m
[course_fsm-5] [INFO] [1789427467.202788799] [course_fsm]: Armed on the ground, 1.9 s to takeoff...
[course_fsm-5] [INFO] [1789427467.204248031] [course_fsm]: alt=-0.00 m airborne=False xy_valid=True z_valid=True | dist_bottom=0.15 m rng_ok=True vz=-0.01 m/s landed=True | xy=VEL-HOLD flow_ok=False vxy=(-0.00,+0.01) | hdg=+0 deg yaw_sp=+0 deg
[window_detect-4] [INFO] [1789427467.998540415] [window_detect]: window: YES  centre=(602,225) offset=-0.06 area=161px dist=3.54m
[course_fsm-5] [INFO] [1789427468.202980511] [course_fsm]: Armed on the ground, 0.9 s to takeoff...
[course_fsm-5] [INFO] [1789427468.204728511] [course_fsm]: alt=+0.00 m airborne=False xy_valid=True z_valid=True | dist_bottom=0.15 m rng_ok=True vz=-0.00 m/s landed=True | xy=VEL-HOLD flow_ok=False vxy=(-0.00,-0.00) | hdg=+0 deg yaw_sp=+0 deg
[course_fsm-5] [INFO] [1789427468.206034111] [course_fsm]: window: no usable pose (0/6 fresh samples, 0 accepted ever, 0 truncated; rejections: corner depths disagree x113)
[window_detect-4] [INFO] [1789427469.090005151] [window_detect]: window: YES  centre=(602,225) offset=-0.06 area=161px dist=3.49m
[course_fsm-5] [WARN] [1789427469.154920191] [course_fsm]: Climbing to 1.20 m (datum z=-0.15).
[course_fsm-5] [WARN] [1789427469.204495487] [course_fsm]: Flight clock started: landing in 240 s.
[course_fsm-5] [INFO] [1789427469.206045055] [course_fsm]: alt=+0.00 m airborne=False xy_valid=True z_valid=True | dist_bottom=0.15 m rng_ok=True vz=-0.01 m/s landed=True | xy=VEL-HOLD flow_ok=False vxy=(+0.00,-0.00) | hdg=-0 deg yaw_sp=+0 deg
[window_detect-4] [INFO] [1789427470.126212383] [window_detect]: window: YES  centre=(602,225) offset=-0.06 area=161px dist=3.65m
[course_fsm-5] [INFO] [1789427470.206866143] [course_fsm]: window: no usable pose (0/6 fresh samples, 0 accepted ever, 0 truncated; rejections: corner depths disagree x129)
[course_fsm-5] [INFO] [1789427470.263482239] [course_fsm]: alt=+0.00 m airborne=False xy_valid=True z_valid=True | dist_bottom=0.05 m rng_ok=True vz=-0.00 m/s landed=False | xy=VEL-HOLD flow_ok=False vxy=(+0.01,+0.01) | hdg=-0 deg yaw_sp=+0 deg
[window_detect-4] [INFO] [1789427471.130101247] [window_detect]: window: YES  centre=(596,223) offset=-0.07 area=152px dist=3.68m
[course_fsm-5] [INFO] [1789427471.306492735] [course_fsm]: alt=+0.16 m airborne=True xy_valid=True z_valid=True | dist_bottom=0.16 m rng_ok=True vz=-0.04 m/s landed=False | xy=VEL-HOLD flow_ok=False vxy=(+0.03,+0.06) | hdg=-0 deg yaw_sp=+0 deg
[window_detect-4] [INFO] [1789427472.205021983] [window_detect]: window: YES  centre=(522,225) offset=-0.18 area=78px dist=3.09m
[course_fsm-5] [INFO] [1789427472.213163903] [course_fsm]: window: no usable pose (0/6 fresh samples, 0 accepted ever, 0 truncated; rejections: corner depths disagree x144)
[course_fsm-5] [INFO] [1789427472.358723295] [course_fsm]: alt=+0.22 m airborne=True xy_valid=True z_valid=True | dist_bottom=0.18 m rng_ok=True vz=-0.13 m/s landed=False | xy=VEL-HOLD flow_ok=False vxy=(+0.01,+0.03) | hdg=-0 deg yaw_sp=+0 deg
[window_detect-4] [INFO] [1789427473.226457471] [window_detect]: window: YES  centre=(592,220) offset=-0.08 area=140px dist=2.89m
[course_fsm-5] [INFO] [1789427473.363093279] [course_fsm]: alt=+0.25 m airborne=True xy_valid=True z_valid=True | dist_bottom=0.21 m rng_ok=True vz=-0.17 m/s landed=False | xy=VEL-HOLD flow_ok=False vxy=(+0.10,+0.09) | hdg=+2 deg yaw_sp=+0 deg
[course_fsm-5] [INFO] [1789427474.256564447] [course_fsm]: window: window in sight but TRUNCATED (0 px to the frame edge, 2 such frames) -- not measurable until the whole aperture is in view
[window_detect-4] [INFO] [1789427474.299838655] [window_detect]: window: YES  centre=(450,75) offset=-0.30 area=13062px dist=1.14m
[course_fsm-5] [INFO] [1789427474.404009983] [course_fsm]: alt=+0.36 m airborne=True xy_valid=True z_valid=True | dist_bottom=0.28 m rng_ok=True vz=-0.35 m/s landed=False | xy=VEL-HOLD flow_ok=False vxy=(-0.13,+0.05) | hdg=+5 deg yaw_sp=+0 deg
[window_detect-4] [INFO] [1789427475.326701471] [window_detect]: window: YES  centre=(420,50) offset=-0.34 area=34640px dist=5.93m
[course_fsm-5] [INFO] [1789427475.458399167] [course_fsm]: alt=+0.50 m airborne=True xy_valid=True z_valid=True | dist_bottom=0.45 m rng_ok=True vz=-0.28 m/s landed=False | xy=VEL-HOLD flow_ok=True vxy=(-0.02,-0.05) | hdg=+4 deg yaw_sp=+0 deg
[course_fsm-5] [INFO] [1789427475.611797311] [course_fsm]: Flow healthy: latching x/y hold at (0.09, 0.19).
[course_fsm-5] [WARN] [1789427475.613876607] [course_fsm]: Drifted 0.18 m during the climb; holding here rather than flying back to the arming point (takeoff_return_to_pad is false). If this number is large every flight, the drift is real: check SENS_FLOW_ROT, the flow mounting and the floor texture.
[course_fsm-5] [INFO] [1789427476.264588735] [course_fsm]: window: window in sight but TRUNCATED (0 px to the frame edge, 18 such frames) -- not measurable until the whole aperture is in view
[window_detect-4] [INFO] [1789427476.355661055] [window_detect]: window: YES  centre=(445,95) offset=-0.30 area=70558px dist=6.25m
[course_fsm-5] [INFO] [1789427476.500749919] [course_fsm]: alt=+0.62 m airborne=True xy_valid=True z_valid=True | dist_bottom=0.56 m rng_ok=True vz=-0.31 m/s landed=False | xy=POS-HOLD flow_ok=True vxy=(+0.01,-0.02) | hdg=+2 deg yaw_sp=+0 deg
[window_detect-4] [INFO] [1789427477.417811967] [window_detect]: window: YES  centre=(466,133) offset=-0.27 area=101494px dist=6.56m
[course_fsm-5] [INFO] [1789427477.501754911] [course_fsm]: alt=+0.74 m airborne=True xy_valid=True z_valid=True | dist_bottom=0.70 m rng_ok=True vz=-0.27 m/s landed=False | xy=POS-HOLD flow_ok=True vxy=(-0.03,-0.05) | hdg=+2 deg yaw_sp=+0 deg
[course_fsm-5] [INFO] [1789427478.302907679] [course_fsm]: window: no usable pose (1/6 fresh samples, 1 accepted ever, 32 truncated; rejections: corner depths disagree x150, implausible window size x9)
[course_fsm-5] [INFO] [1789427478.503714143] [course_fsm]: alt=+0.85 m airborne=True xy_valid=True z_valid=True | dist_bottom=0.82 m rng_ok=True vz=-0.25 m/s landed=False | xy=POS-HOLD flow_ok=True vxy=(-0.02,-0.02) | hdg=+1 deg yaw_sp=+0 deg
[window_detect-4] [INFO] [1789427478.525552927] [window_detect]: window: YES  centre=(481,192) offset=-0.25 area=129198px dist=6.98m
[course_fsm-5] [INFO] [1789427479.504951327] [course_fsm]: alt=+0.94 m airborne=True xy_valid=True z_valid=True | dist_bottom=0.92 m rng_ok=True vz=-0.20 m/s landed=False | xy=POS-HOLD flow_ok=True vxy=(-0.02,+0.01) | hdg=+1 deg yaw_sp=+0 deg
[window_detect-4] [INFO] [1789427479.655610271] [window_detect]: window: YES  centre=(490,261) offset=-0.23 area=123709px dist=7.18m
[course_fsm-5] [INFO] [1789427480.311543551] [course_fsm]: window: window at (+1.38, +0.01, -1.27) NED, facing -178 deg, 0.66x0.55 m, 16 samples, 74 ms old
[course_fsm-5] [INFO] [1789427480.506245599] [course_fsm]: alt=+0.99 m airborne=True xy_valid=True z_valid=True | dist_bottom=0.97 m rng_ok=True vz=-0.14 m/s landed=False | xy=POS-HOLD flow_ok=True vxy=(+0.01,+0.00) | hdg=+1 deg yaw_sp=+0 deg
[window_detect-4] [INFO] [1789427480.683648639] [window_detect]: window: YES  centre=(499,267) offset=-0.22 area=120520px dist=7.16m
[course_fsm-5] [INFO] [1789427481.555428703] [course_fsm]: alt=+0.96 m airborne=True xy_valid=True z_valid=True | dist_bottom=0.93 m rng_ok=True vz=-0.18 m/s landed=False | xy=POS-HOLD flow_ok=True vxy=(+0.01,-0.01) | hdg=+1 deg yaw_sp=+0 deg
[window_detect-4] [INFO] [1789427481.692109055] [window_detect]: window: YES  centre=(512,252) offset=-0.20 area=121930px dist=6.98m
[course_fsm-5] [INFO] [1789427482.358214602] [course_fsm]: window: window at (+1.38, +0.00, -1.28) NED, facing -179 deg, 0.66x0.55 m, 19 samples, 64 ms old
[course_fsm-5] [INFO] [1789427482.609150794] [course_fsm]: alt=+0.97 m airborne=True xy_valid=True z_valid=True | dist_bottom=0.95 m rng_ok=True vz=-0.22 m/s landed=False | xy=POS-HOLD flow_ok=True vxy=(+0.01,-0.00) | hdg=+0 deg yaw_sp=+0 deg
[window_detect-4] [INFO] [1789427482.774105937] [window_detect]: window: YES  centre=(507,273) offset=-0.21 area=123550px dist=7.03m
[course_fsm-5] [INFO] [1789427483.653229033] [course_fsm]: alt=+1.03 m airborne=True xy_valid=True z_valid=True | dist_bottom=1.02 m rng_ok=True vz=-0.16 m/s landed=False | xy=POS-HOLD flow_ok=True vxy=(+0.02,+0.00) | hdg=+0 deg yaw_sp=+0 deg
[window_detect-4] [INFO] [1789427483.814916418] [window_detect]: window: YES  centre=(497,310) offset=-0.22 area=124961px dist=7.05m
[course_fsm-5] [INFO] [1789427484.404928875] [course_fsm]: window: window at (+1.38, +0.00, -1.26) NED, facing -179 deg, 0.66x0.56 m, 21 samples, 97 ms old
[course_fsm-5] [INFO] [1789427484.656636843] [course_fsm]: alt=+1.05 m airborne=True xy_valid=True z_valid=True | dist_bottom=1.04 m rng_ok=True vz=-0.13 m/s landed=False | xy=POS-HOLD flow_ok=True vxy=(+0.01,+0.02) | hdg=+0 deg yaw_sp=+0 deg
[window_detect-4] [INFO] [1789427484.896746120] [window_detect]: window: YES  centre=(406,326) offset=-0.37 area=122303px dist=0.00m
[course_fsm-5] [INFO] [1789427485.704745182] [course_fsm]: alt=+1.06 m airborne=True xy_valid=True z_valid=True | dist_bottom=1.05 m rng_ok=True vz=-0.13 m/s landed=False | xy=POS-HOLD flow_ok=True vxy=(+0.00,-0.02) | hdg=+0 deg yaw_sp=+0 deg
[window_detect-4] [INFO] [1789427485.974244479] [window_detect]: window: YES  centre=(468,331) offset=-0.27 area=127981px dist=7.25m
[course_fsm-5] [INFO] [1789427486.405817473] [course_fsm]: window: window at (+1.38, +0.00, -1.25) NED, facing -179 deg, 0.66x0.56 m, 19 samples, 16 ms old
[course_fsm-5] [INFO] [1789427486.708135857] [course_fsm]: alt=+1.07 m airborne=True xy_valid=True z_valid=True | dist_bottom=1.06 m rng_ok=True vz=-0.13 m/s landed=False | xy=POS-HOLD flow_ok=True vxy=(+0.01,-0.04) | hdg=+0 deg yaw_sp=+0 deg
[window_detect-4] [INFO] [1789427487.056078331] [window_detect]: window: YES  centre=(452,328) offset=-0.29 area=132462px dist=7.82m
[course_fsm-5] [INFO] [1789427487.751999199] [course_fsm]: alt=+1.05 m airborne=True xy_valid=True z_valid=True | dist_bottom=1.04 m rng_ok=True vz=-0.11 m/s landed=False | xy=POS-HOLD flow_ok=True vxy=(+0.01,-0.05) | hdg=+0 deg yaw_sp=+0 deg
[window_detect-4] [INFO] [1789427488.128849749] [window_detect]: window: YES  centre=(435,318) offset=-0.32 area=136508px dist=0.00m
[course_fsm-5] [INFO] [1789427488.407872592] [course_fsm]: window: window at (+1.38, +0.00, -1.26) NED, facing -179 deg, 0.66x0.56 m, 21 samples, 68 ms old
[course_fsm-5] [INFO] [1789427488.759764222] [course_fsm]: alt=+1.05 m airborne=True xy_valid=True z_valid=True | dist_bottom=1.04 m rng_ok=True vz=-0.15 m/s landed=False | xy=POS-HOLD flow_ok=True vxy=(-0.00,-0.01) | hdg=-0 deg yaw_sp=+0 deg
[course_fsm-5] [WARN] [1789427489.160769847] [course_fsm]: Landing: takeoff did not settle in time
[course_fsm-5] [INFO] [1789427489.161484418] [course_fsm]: Horizontal control -> zero-velocity hold for descent.
[window_detect-4] [INFO] [1789427489.303872774] [window_detect]: window: YES  centre=(415,332) offset=-0.35 area=138020px dist=0.00m
[course_fsm-5] [INFO] [1789427489.804033262] [course_fsm]: alt=+1.01 m airborne=True xy_valid=True z_valid=True | dist_bottom=1.03 m rng_ok=True vz=+0.05 m/s landed=False | xy=VEL-HOLD flow_ok=True vxy=(+0.00,+0.02) | hdg=-1 deg yaw_sp=+0 deg
[window_detect-4] [INFO] [1789427490.373380234] [window_detect]: window: YES  centre=(389,281) offset=-0.39 area=134652px dist=7.59m
[course_fsm-5] [INFO] [1789427490.452914617] [course_fsm]: window: window at (+1.38, +0.02, -1.25) NED, facing -179 deg, 0.66x0.56 m, 19 samples, 78 ms old
[course_fsm-5] [INFO] [1789427490.810603873] [course_fsm]: alt=+0.87 m airborne=True xy_valid=True z_valid=True | dist_bottom=0.90 m rng_ok=True vz=+0.03 m/s landed=False | xy=VEL-HOLD flow_ok=True vxy=(-0.02,+0.03) | hdg=-1 deg yaw_sp=+0 deg
[window_detect-4] [INFO] [1789427491.378791356] [window_detect]: window: YES  centre=(364,214) offset=-0.43 area=129420px dist=6.47m
[course_fsm-5] [INFO] [1789427491.852661174] [course_fsm]: alt=+0.74 m airborne=True xy_valid=True z_valid=True | dist_bottom=0.77 m rng_ok=True vz=+0.06 m/s landed=False | xy=VEL-HOLD flow_ok=True vxy=(-0.01,-0.01) | hdg=-0 deg yaw_sp=+0 deg
[window_detect-4] [INFO] [1789427492.386997903] [window_detect]: window: YES  centre=(377,150) offset=-0.41 area=110848px dist=6.89m
[course_fsm-5] [INFO] [1789427492.456644755] [course_fsm]: window: window at (+1.38, +0.03, -1.18) NED, facing -179 deg, 0.65x0.56 m, 11 samples, 974 ms old
[course_fsm-5] [INFO] [1789427492.862256154] [course_fsm]: alt=+0.58 m airborne=True xy_valid=True z_valid=True | dist_bottom=0.60 m rng_ok=True vz=+0.10 m/s landed=False | xy=VEL-HOLD flow_ok=True vxy=(+0.02,-0.01) | hdg=-0 deg yaw_sp=+0 deg
[window_detect-4] [INFO] [1789427493.391957523] [window_detect]: window: YES  centre=(380,94) offset=-0.41 area=69178px dist=6.37m
[course_fsm-5] [INFO] [1789427493.914795783] [course_fsm]: alt=+0.41 m airborne=True xy_valid=True z_valid=True | dist_bottom=0.42 m rng_ok=True vz=+0.02 m/s landed=False | xy=VEL-HOLD flow_ok=True vxy=(+0.02,-0.01) | hdg=+0 deg yaw_sp=+0 deg
[window_detect-4] [INFO] [1789427494.407390198] [window_detect]: window: YES  centre=(373,48) offset=-0.42 area=33134px dist=5.94m
[course_fsm-5] [INFO] [1789427494.506962736] [course_fsm]: window: window in sight but TRUNCATED (0 px to the frame edge, 55 such frames) -- not measurable until the whole aperture is in view
[course_fsm-5] [INFO] [1789427494.954789953] [course_fsm]: alt=+0.29 m airborne=True xy_valid=True z_valid=True | dist_bottom=0.30 m rng_ok=True vz=-0.01 m/s landed=False | xy=VEL-HOLD flow_ok=False vxy=(-0.06,+0.08) | hdg=-0 deg yaw_sp=+0 deg
[window_detect-4] [INFO] [1789427495.505838566] [window_detect]: window: YES  centre=(268,25) offset=-0.58 area=7562px dist=4.40m
[course_fsm-5] [INFO] [1789427496.002689885] [course_fsm]: alt=+0.21 m airborne=True xy_valid=True z_valid=True | dist_bottom=0.21 m rng_ok=True vz=-0.09 m/s landed=False | xy=VEL-HOLD flow_ok=False vxy=(+0.03,+0.03) | hdg=-2 deg yaw_sp=+0 deg
[course_fsm-5] [INFO] [1789427496.513026286] [course_fsm]: window: no usable pose (0/6 fresh samples, 103 accepted ever, 63 truncated; rejections: corner depths disagree x152, implausible window size x13)
[window_detect-4] [INFO] [1789427496.535683500] [window_detect]: window: YES  centre=(594,212) offset=-0.07 area=154px dist=5.14m
[course_fsm-5] [INFO] [1789427497.056761752] [course_fsm]: alt=+0.20 m airborne=True xy_valid=True z_valid=True | dist_bottom=0.20 m rng_ok=True vz=-0.09 m/s landed=False | xy=VEL-HOLD flow_ok=False vxy=(-0.01,-0.01) | hdg=-2 deg yaw_sp=+0 deg
[course_fsm-5] [WARN] [1789427497.255485994] [course_fsm]: Descent has stalled against something solid; PX4's land detector still says airborne. Confirming touchdown ourselves over 2 s.
[window_detect-4] [INFO] [1789427497.542692963] [window_detect]: window: YES  centre=(600,223) offset=-0.06 area=154px dist=3.78m
[course_fsm-5] [INFO] [1789427498.105772414] [course_fsm]: alt=+0.16 m airborne=True xy_valid=True z_valid=True | dist_bottom=0.18 m rng_ok=True vz=+0.01 m/s landed=False | xy=VEL-HOLD flow_ok=False vxy=(+0.01,-0.05) | hdg=-2 deg yaw_sp=+0 deg
[course_fsm-5] [INFO] [1789427498.553597853] [course_fsm]: window: no usable pose (0/6 fresh samples, 103 accepted ever, 63 truncated; rejections: corner depths disagree x162, implausible window size x19)
[window_detect-4] [INFO] [1789427498.701559316] [window_detect]: window: YES  centre=(586,226) offset=-0.09 area=173px dist=4.11m
[course_fsm-5] [INFO] [1789427499.154675127] [course_fsm]: alt=+0.10 m airborne=False xy_valid=True z_valid=True | dist_bottom=0.15 m rng_ok=True vz=+0.07 m/s landed=False | xy=VEL-HOLD flow_ok=False vxy=(+0.00,-0.03) | hdg=-2 deg yaw_sp=+0 deg
[course_fsm-5] [ERROR] [1789427499.305958557] [course_fsm]: Touchdown confirmed by stalled descent, NOT by PX4's land detector. Check MPC_LAND_SPEED against land_speed and the LNDMC_* thresholds.
[course_fsm-5] [WARN] [1789427499.307124151] [course_fsm]: Touchdown detected. Disarming.
[window_detect-4] [INFO] [1789427499.782958978] [window_detect]: window: YES  centre=(587,226) offset=-0.08 area=171px dist=3.94m
[window_detect-4] [INFO] [1789427500.848192150] [window_detect]: window: YES  centre=(587,226) offset=-0.08 area=246px dist=4.45m
[window_detect-4] [INFO] [1789427501.887789299] [window_detect]: window: YES  centre=(586,227) offset=-0.08 area=183px dist=4.75m
[window_detect-4] [INFO] [1789427502.983515478] [window_detect]: window: YES  centre=(586,227) offset=-0.08 area=183px dist=4.66m
[window_detect-4] [INFO] [1789427504.054016177] [window_detect]: window: YES  centre=(586,227) offset=-0.09 area=184px dist=4.63m
[course_fsm-5] [ERROR] [1789427504.355410775] [course_fsm]: Normal disarm ignored. Escalating to force disarm.
[course_fsm-5] [WARN] [1789427504.604133957] [course_fsm]: Aborted; vehicle is disarmed.
[course_fsm-5] [INFO] [1789427504.653174243] [course_fsm]: Idle. Ctrl-C to exit.
[window_detect-4] [INFO] [1789427505.144658225] [window_detect]: window: YES  centre=(578,226) offset=-0.10 area=165px dist=4.56m
[window_detect-4] [INFO] [1789427506.149764211] [window_detect]: window: YES  centre=(584,226) offset=-0.09 area=177px dist=4.29m
[course_fsm-5] [ERROR] [1789427506.446299293] [course_fsm]: PX4 failsafe SET: offboard_control_signal_lost
[window_detect-4] [INFO] [1789427507.281766660] [window_detect]: window: YES  centre=(599,226) offset=-0.06 area=236px dist=4.26m
[window_detect-4] [INFO] [1789427508.360364305] [window_detect]: window: YES  centre=(577,226) offset=-0.10 area=246px dist=4.49m
[window_detect-4] [INFO] [1789427509.462009960] [window_detect]: window: YES  centre=(577,226) offset=-0.10 area=246px dist=4.55m
[course_fsm-5] [INFO] [1789427509.707199584] [course_fsm]: Idle. Ctrl-C to exit.
[window_detect-4] [INFO] [1789427510.579902558] [window_detect]: window: YES  centre=(579,226) offset=-0.10 area=168px dist=4.59m
[window_detect-4] [INFO] [1789427511.591702920] [window_detect]: window: YES  centre=(579,226) offset=-0.10 area=168px dist=4.64m
[window_detect-4] [INFO] [1789427512.658256955] [window_detect]: window: YES  centre=(582,226) offset=-0.09 area=174px dist=4.51m
[window_detect-4] [INFO] [1789427513.722885595] [window_detect]: window: YES  centre=(561,143) offset=-0.12 area=1948px dist=7.21m
[course_fsm-5] [ERROR] [1789427514.253684410] [course_fsm]: PX4 failsafe SET: local_velocity_invalid
[course_fsm-5] [INFO] [1789427514.708446961] [course_fsm]: Idle. Ctrl-C to exit.
[window_detect-4] [INFO] [1789427514.818944811] [window_detect]: window: YES  centre=(642,35) offset=+0.00 area=10615px dist=1.45m
[course_fsm-5] [INFO] [1789427516.138299786] [course_fsm]: PX4 failsafe cleared: local_velocity_invalid
[window_detect-4] [INFO] [1789427516.553308330] [window_detect]: window: YES  centre=(670,43) offset=+0.05 area=21412px dist=6.19m
[window_detect-4] [INFO] [1789427517.607767754] [window_detect]: window: YES  centre=(680,32) offset=+0.06 area=17463px dist=6.07m
[window_detect-4] [INFO] [1789427518.686910026] [window_detect]: window: YES  centre=(621,209) offset=-0.03 area=355px dist=6.77m
^C[WARNING] [launch]: user interrupted with ctrl-c (SIGINT)
[robot_state_publisher-2] [INFO] [1789427519.747533514] [rclcpp]: signal_handler(SIGINT/SIGTERM)
[ERROR] [micro_ros_agent-1]: process has died [pid 3536, exit code -2, cmd '/home/ark-jetson-orin/imav26_ws/install/micro_ros_agent/lib/micro_ros_agent/micro_ros_agent serial --dev /dev/ttyTHS1 -b 921600 --ros-args -r __node:=micro_xrce_dds_agent'].
[INFO] [robot_state_publisher-2]: process has finished cleanly [pid 3537]
[INFO] [course_fsm-5]: process has finished cleanly [pid 3909]
[ERROR] [window_detect-4]: process has died [pid 3697, exit code 1, cmd '/home/ark-jetson-orin/imav26_ws/install/drone_testing/lib/drone_testing/window_detect --ros-args -r __node:=window_detect --params-file /tmp/launch_params_521z4a0u'].
[component_container_isolated-3] [INFO] [1789427519.747972522] [rclcpp]: signal_handler(SIGINT/SIGTERM)
[course_fsm-5] [WARN] [1789427519.751413674] [course_fsm]: Course outcome: not attempted.
[course_fsm-5] Failed to publish log message to rosout: publisher's context is invalid, at ./src/rcl/publisher.c:423
[course_fsm-5] [WARN] [1789427519.752957130] [course_fsm]: Traverse outcome: not attempted. 103 geometry samples accepted of 503 received; rejections: corner depths disagree x286, implausible window size x24, window is not vertical x2.
[course_fsm-5] Failed to publish log message to rosout: publisher's context is invalid, at ./src/rcl/publisher.c:423
[window_detect-4] Traceback (most recent call last):
[window_detect-4]   File "/home/ark-jetson-orin/imav26_ws/install/drone_testing/lib/drone_testing/window_detect", line 33, in <module>
[window_detect-4]     sys.exit(load_entry_point('drone_testing==0.0.0', 'console_scripts', 'window_detect')())
[window_detect-4]              ^^^^^^^^^^^^^^^^^^^^^^^^^^^^^^^^^^^^^^^^^^^^^^^^^^^^^^^^^^^^^^^^^^^^^^^^^^^^^^
[window_detect-4]   File "/home/ark-jetson-orin/imav26_ws/install/drone_testing/lib/python3.12/site-packages/drone_testing/window_detect.py", line 1055, in main
[window_detect-4]     rclpy.shutdown()
[window_detect-4]   File "/opt/ros/jazzy/lib/python3.12/site-packages/rclpy/__init__.py", line 134, in shutdown
[window_detect-4]     _shutdown(context=context)
[window_detect-4]   File "/opt/ros/jazzy/lib/python3.12/site-packages/rclpy/utilities.py", line 82, in shutdown
[window_detect-4]     context.shutdown()
[window_detect-4]   File "/opt/ros/jazzy/lib/python3.12/site-packages/rclpy/context.py", line 129, in shutdown
[window_detect-4]     self.__context.shutdown()
[window_detect-4] rclpy._rclpy_pybind11.RCLError: failed to shutdown: rcl_shutdown already called on the given context, at ./src/rcl/init.c:333
[component_container_isolated-3] [INFO] [1789427519.947785258] [zed.zed_node]: === CLOSING CAMERA ===
[component_container_isolated-3] [INFO] [1789427520.309468874] [zed.zed_node]: === CAMERA CLOSED ===
[component_container_isolated-3] Warning: class_loader.ClassLoader: SEVERE WARNING!!! Attempting to unload library while objects created by this loader exist in the heap! You should delete your objects before attempting to unload the library or destroying the ClassLoader. The library will NOT be unloaded.
[component_container_isolated-3]          at line 127 in ./src/class_loader.cpp
[component_container_isolated-3] Warning: class_loader.ClassLoader: SEVERE WARNING!!! Attempting to unload library while objects created by this loader exist in the heap! You should delete your objects before attempting to unload the library or destroying the ClassLoader. The library will NOT be unloaded.
[component_container_isolated-3]          at line 127 in ./src/class_loader.cpp
[component_container_isolated-3] Warning: class_loader.ClassLoader: SEVERE WARNING!!! Attempting to unload library while objects created by this loader exist in the heap! You should delete your objects before attempting to unload the library or destroying the ClassLoader. The library will NOT be unloaded.
[component_container_isolated-3]          at line 127 in ./src/class_loader.cpp
[component_container_isolated-3] Warning: class_loader.ClassLoader: SEVERE WARNING!!! Attempting to unload library while objects created by this loader exist in the heap! You should delete your objects before attempting to unload the library or destroying the ClassLoader. The library will NOT be unloaded.
[component_container_isolated-3]          at line 127 in ./src/class_loader.cpp
[component_container_isolated-3] Warning: class_loader.ClassLoader: SEVERE WARNING!!! Attempting to unload library while objects created by this loader exist in the heap! You should delete your objects before attempting to unload the library or destroying the ClassLoader. The library will NOT be unloaded.
[component_container_isolated-3]          at line 127 in ./src/class_loader.cpp
[INFO] [component_container_isolated-3]: process has finished cleanly [pid 3538]
ark-jetson-orin@localhost:~/imav26_ws$ ros2 launch drone_testing course_mission.launch.py agent_only:=false
[INFO] [launch]: All log files can be found below /home/ark-jetson-orin/.ros/log/2026-09-15-04-43-22-610387-localhost.localdomain-5533
[INFO] [launch]: Default logging verbosity is set to INFO
[INFO] [launch.user]: Using common configuration file: /home/ark-jetson-orin/imav26_ws/install/zed_wrapper/share/zed_wrapper/config/common_stereo.yaml
[INFO] [launch.user]: Using camera configuration file: /home/ark-jetson-orin/imav26_ws/install/zed_wrapper/share/zed_wrapper/config/zed.yaml
[INFO] [launch.user]: Using Object Detection configuration file: /home/ark-jetson-orin/imav26_ws/install/zed_wrapper/share/zed_wrapper/config/object_detection.yaml
[INFO] [launch.user]: Using Custom Object Detection configuration file: /home/ark-jetson-orin/imav26_ws/install/zed_wrapper/share/zed_wrapper/config/custom_object_detection.yaml
[INFO] [launch.user]: NITROS not installed, skipping IPC/NITROS conflict check.
[INFO] [launch.user]: Loading ZED node `zed_node` in container `/zed/zed_container`
[INFO] [micro_ros_agent-1]: process started with pid [5580]
[INFO] [robot_state_publisher-2]: process started with pid [5581]
[INFO] [component_container_isolated-3]: process started with pid [5582]
[micro_ros_agent-1] [1789427603.778806] info     | TermiosAgentLinux.cpp | init                     | running...             | fd: 12
[micro_ros_agent-1] [1789427603.779181] info     | Root.cpp           | set_verbose_level        | logger setup           | verbose_level: 4
[robot_state_publisher-2] [INFO] [1789427603.813734853] [zed.zed_state_publisher]: Robot initialized
[component_container_isolated-3] [INFO] [1789427604.065974929] [zed.zed_container]: Load Library: /home/ark-jetson-orin/imav26_ws/install/zed_components/lib/libzed_camera_component.so
[component_container_isolated-3] [INFO] [1789427604.137092624] [zed.zed_container]: Found class: rclcpp_components::NodeFactoryTemplate<stereolabs::ZedCamera>
[component_container_isolated-3] [INFO] [1789427604.137212251] [zed.zed_container]: Instantiate class: rclcpp_components::NodeFactoryTemplate<stereolabs::ZedCamera>
[micro_ros_agent-1] [1789427604.139249] info     | Root.cpp           | create_client            | create                 | client_key: 0x00000001, session_id: 0x81
[micro_ros_agent-1] [1789427604.139343] info     | SessionManager.hpp | establish_session        | session established    | client_key: 0x00000001, address: 1
[micro_ros_agent-1] [1789427604.157561] info     | ProxyClient.cpp    | create_participant       | participant created    | client_key: 0x00000001, participant_id: 0x001(1)
[component_container_isolated-3] [INFO] [1789427604.254327657] [zed.zed_node]: ================================
[component_container_isolated-3] [INFO] [1789427604.254403943] [zed.zed_node]:       ZED Camera Component 
[INFO] [launch_ros.actions.load_composable_nodes]: Loaded node '/zed/zed_node' in container '/zed/zed_container'
[component_container_isolated-3] [INFO] [1789427604.254421279] [zed.zed_node]: ================================
[component_container_isolated-3] [INFO] [1789427604.254447412] [zed.zed_node]:  * IPC: enabled
[component_container_isolated-3] [INFO] [1789427604.304746200] [zed.zed_node]:  * namespace: /zed
[component_container_isolated-3] [INFO] [1789427604.304867683] [zed.zed_node]:  * node name: zed_node
[component_container_isolated-3] [INFO] [1789427604.304898037] [zed.zed_node]: ================================
[component_container_isolated-3] [INFO] [1789427604.304920043] [zed.zed_node]: Starting node initialization...
[component_container_isolated-3] [INFO] [1789427604.305046292] [zed.zed_node]: === DEBUG parameters ===
[component_container_isolated-3] [INFO] [1789427604.305565135] [zed.zed_node]:  * SDK Verbose: 1
[component_container_isolated-3] [INFO] [1789427604.305831033] [zed.zed_node]:  * Use Pub Timestamps: FALSE
[component_container_isolated-3] [INFO] [1789427604.306026947] [zed.zed_node]:  * SDK Verbose File: 
[component_container_isolated-3] [INFO] [1789427604.306193657] [zed.zed_node]:  * Debug Common: FALSE
[component_container_isolated-3] [INFO] [1789427604.306344503] [zed.zed_node]:  * Debug Dynamic Parameters: FALSE
[component_container_isolated-3] [INFO] [1789427604.306537442] [zed.zed_node]:  * Debug Grab (low level): FALSE
[component_container_isolated-3] [INFO] [1789427604.306721136] [zed.zed_node]:  * Debug Simulation: FALSE
[component_container_isolated-3] [INFO] [1789427604.306880906] [zed.zed_node]:  * Debug Video/Depth: FALSE
[component_container_isolated-3] [INFO] [1789427604.307038308] [zed.zed_node]:  * Debug Control settings: FALSE
[component_container_isolated-3] [INFO] [1789427604.307215094] [zed.zed_node]:  * Debug Point Cloud: FALSE
[component_container_isolated-3] [INFO] [1789427604.307406274] [zed.zed_node]:  * Debug TF: FALSE
[component_container_isolated-3] [INFO] [1789427604.307567675] [zed.zed_node]:  * Debug Positional Tracking: FALSE
[component_container_isolated-3] [INFO] [1789427604.307726996] [zed.zed_node]:  * Debug GNSS: FALSE
[component_container_isolated-3] [INFO] [1789427604.307894570] [zed.zed_node]:  * Debug sensors: FALSE
[component_container_isolated-3] [INFO] [1789427604.308008216] [zed.zed_node]:  * Debug Mapping: FALSE
[component_container_isolated-3] [INFO] [1789427604.308106829] [zed.zed_node]:  * Debug Object Detection: FALSE
[component_container_isolated-3] [INFO] [1789427604.308203426] [zed.zed_node]:  * Debug Body Tracking: FALSE
[component_container_isolated-3] [INFO] [1789427604.308306229] [zed.zed_node]:  * Debug Streaming: FALSE
[component_container_isolated-3] [INFO] [1789427604.308421730] [zed.zed_node]:  * Debug ROI: FALSE
[component_container_isolated-3] [INFO] [1789427604.308535855] [zed.zed_node]:  * Debug Nitros: FALSE
[component_container_isolated-3] [INFO] [1789427604.308642144] [zed.zed_node]:  * Debug Advanced: FALSE
[component_container_isolated-3] [INFO] [1789427604.308687468] [zed.zed_node]: === TOPIC selection parameters ===
[component_container_isolated-3] [INFO] [1789427604.308797628] [zed.zed_node]:  * Publish Status: TRUE
[component_container_isolated-3] [INFO] [1789427604.308912425] [zed.zed_node]:  * Image format: BGRA 32-bit
[component_container_isolated-3] [INFO] [1789427604.309015516] [zed.zed_node]:  * Publish Left/Right images: FALSE
[component_container_isolated-3] [INFO] [1789427604.309111281] [zed.zed_node]:  * Publish Raw images: FALSE
[component_container_isolated-3] [INFO] [1789427604.309205224] [zed.zed_node]:  * Publish Gray images: FALSE
[component_container_isolated-3] [INFO] [1789427604.309310841] [zed.zed_node]:  * Publish RGB image: TRUE
[component_container_isolated-3] [INFO] [1789427604.309419209] [zed.zed_node]:  * Publish Stereo image: FALSE
[component_container_isolated-3] [INFO] [1789427604.309529529] [zed.zed_node]:  * Publish ROI Mask image: FALSE
[component_container_isolated-3] [INFO] [1789427604.309632459] [zed.zed_node]:  * Publish Depth Map: TRUE
[component_container_isolated-3] [INFO] [1789427604.309746489] [zed.zed_node]:  * Publish Depth Info: FALSE
[component_container_isolated-3] [INFO] [1789427604.309842383] [zed.zed_node]:  * Publish Point Cloud: TRUE
[component_container_isolated-3] [INFO] [1789427604.309941955] [zed.zed_node]:  * Publish Depth Confidence: FALSE
[component_container_isolated-3] [INFO] [1789427604.310396218] [zed.zed_node]:  * Publish Disparity: FALSE
[component_container_isolated-3] [INFO] [1789427604.310655016] [zed.zed_node]:  * Publish IMU: TRUE
[component_container_isolated-3] [INFO] [1789427604.310817440] [zed.zed_node]:  * Publish IMU Raw: FALSE
[component_container_isolated-3] [INFO] [1789427604.310921586] [zed.zed_node]:  * Publish LeftCam/IMU Transf.: FALSE
[component_container_isolated-3] [INFO] [1789427604.311021542] [zed.zed_node]:  * Publish Magnetometer: FALSE
[component_container_isolated-3] [INFO] [1789427604.311237255] [zed.zed_node]:  * Publish Barometer: FALSE
[component_container_isolated-3] [INFO] [1789427604.311353364] [zed.zed_node]:  * Publish Temperature: FALSE
[component_container_isolated-3] [INFO] [1789427604.311526471] [zed.zed_node]:  * Publish Odometry/Pose: TRUE
[component_container_isolated-3] [INFO] [1789427604.311620382] [zed.zed_node]:  * Publish Pose with Covariance: FALSE
[component_container_isolated-3] [INFO] [1789427604.311719666] [zed.zed_node]:  * Publish Camera Path: FALSE
[component_container_isolated-3] [INFO] [1789427604.311805068] [zed.zed_node]:  * Publish Detection Plane: FALSE
[component_container_isolated-3] [INFO] [1789427604.311923416] [zed.zed_node]: === SVO RECORDING parameters ===
[component_container_isolated-3] [INFO] [1789427604.312020205] [zed.zed_node]:  * SVO Encoding preset: DEFAULT
[component_container_isolated-3] [INFO] [1789427604.312066073] [zed.zed_node]: === SVO INPUT parameters ===
[component_container_isolated-3] [INFO] [1789427604.312155090] [zed.zed_node]:  * SVO input: DISABLED
[component_container_isolated-3] [INFO] [1789427604.312181990] [zed.zed_node]: === LOCAL STREAMING parameters ===
[component_container_isolated-3] [INFO] [1789427604.312269887] [zed.zed_node]:  * Local stream input: DISABLED
[component_container_isolated-3] [INFO] [1789427604.312289430] [zed.zed_node]: === GENERAL parameters ===
[component_container_isolated-3] [INFO] [1789427604.312387723] [zed.zed_node]:  * Camera model: zed - ZED
[component_container_isolated-3] [INFO] [1789427604.312490462] [zed.zed_node]:  * Camera name: zed
[component_container_isolated-3] [INFO] [1789427604.312579127] [zed.zed_node]:  * Camera SN: 0
[component_container_isolated-3] [INFO] [1789427604.312684776] [zed.zed_node]:  * Camera ID: -1
[component_container_isolated-3] [INFO] [1789427604.312783996] [zed.zed_node]:  * Camera timeout [sec]: 5
[component_container_isolated-3] [INFO] [1789427604.312885583] [zed.zed_node]:  * Camera reconnection temptatives: 5
[component_container_isolated-3] [INFO] [1789427604.313000796] [zed.zed_node]:  * Camera framerate: 30
[component_container_isolated-3] [INFO] [1789427604.313113547] [zed.zed_node]:  * GPU ID: -1
[component_container_isolated-3] [INFO] [1789427604.313214654] [zed.zed_node]:  * Asynchronous image retrieval: FALSE
[component_container_isolated-3] [INFO] [1789427604.313312883] [zed.zed_node]:  * Image Validity Check: 1
[component_container_isolated-3] [INFO] [1789427604.313428160] [zed.zed_node]:  * Camera resolution: HD720
[component_container_isolated-3] [INFO] [1789427604.313556039] [zed.zed_node]:  * Publishing resolution: NATIVE
[component_container_isolated-3] [INFO] [1789427604.313662744] [zed.zed_node]:  * OpenCV custom calibration: 
[component_container_isolated-3] [INFO] [1789427604.313755247] [zed.zed_node]:  * Camera self calibration: TRUE
[component_container_isolated-3] [INFO] [1789427604.313840426] [zed.zed_node]:  * Camera flip: FALSE
[component_container_isolated-3] [INFO] [1789427604.314023801] [zed.zed_node]:  * Publish framerate [Hz]:  0 [DYNAMIC]
[component_container_isolated-3] [INFO] [1789427604.314140229] [zed.zed_node]:  * Grab Compute Capping FPS: 0
[component_container_isolated-3] [INFO] [1789427604.314254931] [zed.zed_node]:  * SDK Monotonic Clock: FALSE
[component_container_isolated-3] [INFO] [1789427604.314301438] [zed.zed_node]: === VIDEO parameters ===
[component_container_isolated-3] [INFO] [1789427604.314426599] [zed.zed_node]:  * Brightness: 4 [DYNAMIC]
[component_container_isolated-3] [INFO] [1789427604.314609526] [zed.zed_node]:  * Contrast: 4 [DYNAMIC]
[component_container_isolated-3] [INFO] [1789427604.314716775] [zed.zed_node]:  * Hue: 0 [DYNAMIC]
[component_container_isolated-3] [INFO] [1789427604.314813244] [zed.zed_node]:  * Saturation: 4 [DYNAMIC]
[component_container_isolated-3] [INFO] [1789427604.314922732] [zed.zed_node]:  * Sharpness: 4 [DYNAMIC]
[component_container_isolated-3] [INFO] [1789427604.315067052] [zed.zed_node]:  * Gamma: 8 [DYNAMIC]
[component_container_isolated-3] [INFO] [1789427604.315184920] [zed.zed_node]:  * Auto Exposure/Gain: TRUE [DYNAMIC]
[component_container_isolated-3] [INFO] [1789427604.315320412] [zed.zed_node]:  * Exposure: 80 [DYNAMIC]
[component_container_isolated-3] [INFO] [1789427604.315439560] [zed.zed_node]:  * Gain: 80 [DYNAMIC]
[component_container_isolated-3] [INFO] [1789427604.315568463] [zed.zed_node]:  * Auto White Balance: TRUE [DYNAMIC]
[component_container_isolated-3] [INFO] [1789427604.315727081] [zed.zed_node]:  * White Balance Temperature: 42 [DYNAMIC]
[component_container_isolated-3] [INFO] [1789427604.315765048] [zed.zed_node]: === DEPTH parameters ===
[component_container_isolated-3] [INFO] [1789427604.315986774] [zed.zed_node]:  * Depth mode: NEURAL LIGHT [4]
[component_container_isolated-3] [INFO] [1789427604.316201464] [zed.zed_node]:  * Min depth [m]: 0.7
[component_container_isolated-3] [INFO] [1789427604.316355156] [zed.zed_node]:  * Max depth [m]: 8
[component_container_isolated-3] [INFO] [1789427604.316506865] [zed.zed_node]:  * Depth Stabilization: -1
[component_container_isolated-3] [INFO] [1789427604.316640726] [zed.zed_node]:  * OpenNI mode (16bit depth): FALSE
[component_container_isolated-3] [INFO] [1789427604.316767678] [zed.zed_node]:  * Point cloud rate [Hz]: 10
[component_container_isolated-3] [INFO] [1789427604.316903490] [zed.zed_node]:  * Point cloud resolution: COMPACT
[component_container_isolated-3] [INFO] [1789427604.317038790] [zed.zed_node]:  * Voxel Point Cloud: FALSE [DYNAMIC]
[component_container_isolated-3] [INFO] [1789427604.317180295] [zed.zed_node]:  * Voxel Size [mm]: -1 [DYNAMIC]
[component_container_isolated-3] [INFO] [1789427604.317314380] [zed.zed_node]:  * Voxel Resolution Mode: STEREO_UNCERTAINTY
[component_container_isolated-3] [INFO] [1789427604.317463115] [zed.zed_node]:  * Voxel Resolution Scale: 0.2 [DYNAMIC]
[component_container_isolated-3] [INFO] [1789427604.317595536] [zed.zed_node]:  * Depth Confidence: 95 [DYNAMIC]
[component_container_isolated-3] [INFO] [1789427604.317749740] [zed.zed_node]:  * Depth Texture Confidence: 100 [DYNAMIC]
[component_container_isolated-3] [INFO] [1789427604.317921472] [zed.zed_node]:  * Remove saturated areas: TRUE [DYNAMIC]
[component_container_isolated-3] [INFO] [1789427604.317955185] [zed.zed_node]: === POSITIONAL TRACKING parameters ===
[component_container_isolated-3] [INFO] [1789427604.318063522] [zed.zed_node]:  * Map frame id: map
[component_container_isolated-3] [INFO] [1789427604.318157304] [zed.zed_node]:  * Odometry frame id: odom
[component_container_isolated-3] [INFO] [1789427604.318254989] [zed.zed_node]:  * Positional tracking enabled: TRUE
[component_container_isolated-3] [INFO] [1789427604.318382837] [zed.zed_node]:  * Positional tracking mode [AUTO]: GEN 3
[component_container_isolated-3] [INFO] [1789427604.318541295] [zed.zed_node]:  * Broadcast Odometry TF: FALSE
[component_container_isolated-3] [INFO] [1789427604.318654876] [zed.zed_node]:  * Depth minimum range: 0
[component_container_isolated-3] [INFO] [1789427604.318788386] [zed.zed_node]:  * TF timestamp offset: 0 [DYNAMIC]
[component_container_isolated-3] [INFO] [1789427604.318913226] [zed.zed_node]:  * Path publishing rate: 2 [DYNAMIC]
[component_container_isolated-3] [INFO] [1789427604.319135017] [zed.zed_node]:  * Path history lenght: -1
[component_container_isolated-3] [INFO] [1789427604.319276074] [zed.zed_node]:  * Initial pose: [0,0,0,0,0,0,]
[component_container_isolated-3] [INFO] [1789427604.319449310] [zed.zed_node]:  * Area Memory: TRUE
[component_container_isolated-3] [INFO] [1789427604.319587617] [zed.zed_node]:  * Area Memory File: 
[component_container_isolated-3] [INFO] [1789427604.319693522] [zed.zed_node]:  * Enable Localization Only: FALSE
[component_container_isolated-3] [INFO] [1789427604.319786185] [zed.zed_node]:  * Save Area Memory on closing: FALSE
[component_container_isolated-3] [INFO] [1789427604.319886653] [zed.zed_node]:  * Camera is static: FALSE
[component_container_isolated-3] [INFO] [1789427604.320017027] [zed.zed_node]:  * Gravity as origin: TRUE
[component_container_isolated-3] [INFO] [1789427604.320171903] [zed.zed_node]:  * IMU Fusion: TRUE
[component_container_isolated-3] [INFO] [1789427604.320315679] [zed.zed_node]:  * Floor Alignment: FALSE
[component_container_isolated-3] [INFO] [1789427604.320441288] [zed.zed_node]:  * Reset Odometry with Loop Closure: FALSE
[component_container_isolated-3] [INFO] [1789427604.320552247] [zed.zed_node]:  * Publish 3D Landmarks: FALSE
[component_container_isolated-3] [INFO] [1789427604.320700246] [zed.zed_node]:  * Publish Landmark Skip Frame: 
[component_container_isolated-3] [INFO] [1789427604.320846101] [zed.zed_node]:  * 2D mode: FALSE
[component_container_isolated-3] [INFO] [1789427604.320960643] [zed.zed_node]:  * Reset pose with SVO loop: TRUE
[component_container_isolated-3] [INFO] [1789427604.320991861] [zed.zed_node]: === GNSS FUSION parameters ===
[component_container_isolated-3] [WARN] [1789427604.321016106] [zed.zed_node]: !!! GNSS FUSION module cannot be enabled with ZED!!!
[component_container_isolated-3] [INFO] [1789427604.321036609] [zed.zed_node]: === REGION OF INTEREST parameters ===
[component_container_isolated-3] [INFO] [1789427604.321131255] [zed.zed_node]:  * Automatic ROI generation: FALSE
[component_container_isolated-3] [INFO] [1789427604.321273465] [zed.zed_node]:  * Manual ROI polygon: []
[component_container_isolated-3] [INFO] [1789427604.321305514] [zed.zed_node]: === Spatial Mapping parameters ===
[component_container_isolated-3] [INFO] [1789427604.321412411] [zed.zed_node]:  * Spatial Mapping Enabled: FALSE
[component_container_isolated-3] [INFO] [1789427604.321523562] [zed.zed_node]:  * Spatial Mapping resolution [m]: 0.05
[component_container_isolated-3] [INFO] [1789427604.321628636] [zed.zed_node]:  * 3D Max Mapping range [m]: 5
[component_container_isolated-3] [INFO] [1789427604.321740235] [zed.zed_node]:  * Map publishing rate [Hz]: 1 [DYNAMIC]
[component_container_isolated-3] [INFO] [1789427604.321905058] [zed.zed_node]:  * Clicked point topic: /clicked_point
[component_container_isolated-3] [INFO] [1789427604.322049314] [zed.zed_node]:  * Plane Det. Max Dist. Thresh.: 0.15
[component_container_isolated-3] [INFO] [1789427604.322177226] [zed.zed_node]:  * Plane Det. Normals Sim. Thresh.: 15
[component_container_isolated-3] [INFO] [1789427604.322213754] [zed.zed_node]: === STREAMING SERVER parameters ===
[component_container_isolated-3] [INFO] [1789427604.322313294] [zed.zed_node]:  * Streaming Server enabled: FALSE
[component_container_isolated-3] [INFO] [1789427604.322416896] [zed.zed_node]:  * Stream codec: H265
[component_container_isolated-3] [INFO] [1789427604.323146526] [zed.zed_node]:  * Stream port: 30000
[component_container_isolated-3] [INFO] [1789427604.323325711] [zed.zed_node]:  * Stream bitrate: 12500
[component_container_isolated-3] [INFO] [1789427604.323440060] [zed.zed_node]:  * Stream GOP size: -1
[component_container_isolated-3] [INFO] [1789427604.323589754] [zed.zed_node]:  * Stream Chunk size: 16084
[component_container_isolated-3] [INFO] [1789427604.323697610] [zed.zed_node]:  * Adaptive bitrate: FALSE
[component_container_isolated-3] [INFO] [1789427604.323810809] [zed.zed_node]:  * Target frame rate:0
[component_container_isolated-3] [INFO] [1789427604.323844426] [zed.zed_node]: === ADVANCED parameters ===
[component_container_isolated-3] [INFO] [1789427604.323947004] [zed.zed_node]:  * Change thread priority: FALSE
[component_container_isolated-3] [INFO] [1789427604.324071461] [zed.zed_node]: === SERVICES ===
[component_container_isolated-3] [INFO] [1789427604.326290194] [zed.zed_node]:  * Advertised on service: '/zed/zed_node/reset_odometry'
[component_container_isolated-3] [INFO] [1789427604.327447027] [zed.zed_node]:  * Advertised on service: '/zed/zed_node/reset_pos_tracking'
[component_container_isolated-3] [INFO] [1789427604.330542397] [zed.zed_node]:  * Advertised on service: '/zed/zed_node/set_pose'
[component_container_isolated-3] [INFO] [1789427604.331962954] [zed.zed_node]:  * Advertised on service: '/zed/zed_node/save_area_memory'
[component_container_isolated-3] [INFO] [1789427604.334194737] [zed.zed_node]:  * Advertised on service: '/zed/zed_node/enable_obj_det'
[component_container_isolated-3] [INFO] [1789427604.335248160] [zed.zed_node]:  * Advertised on service: '/zed/zed_node/enable_body_trk'
[component_container_isolated-3] [INFO] [1789427604.336293618] [zed.zed_node]:  * Advertised on service: '/zed/zed_node/enable_mapping'
[component_container_isolated-3] [INFO] [1789427604.337315823] [zed.zed_node]:  * Advertised on service: '/zed/zed_node/enable_streaming'
[component_container_isolated-3] [INFO] [1789427604.338634761] [zed.zed_node]:  * Advertised on service: '/zed/zed_node/start_svo_rec'
[component_container_isolated-3] [INFO] [1789427604.339860780] [zed.zed_node]:  * Advertised on service: '/zed/zed_node/stop_svo_rec'
[component_container_isolated-3] [INFO] [1789427604.341092940] [zed.zed_node]:  * Advertised on service: '/zed/zed_node/set_roi'
[component_container_isolated-3] [INFO] [1789427604.342162356] [zed.zed_node]:  * Advertised on service: '/zed/zed_node/reset_roi'
[component_container_isolated-3] [INFO] [1789427604.342215100] [zed.zed_node]: === STARTING CAMERA ===
[component_container_isolated-3] [INFO] [1789427604.342270052] [zed.zed_node]: ZED SDK Version: 5.4.1 - Build 117278_137d3e18_3228745
[component_container_isolated-3] [INFO] [1789427604.353886588] [zed.zed_node]: === CAMERA OPENING ===
[component_container_isolated-3] [2026-09-15 04:43:24 UTC][ZED][INFO] Logging level INFO
[component_container_isolated-3] [2026-09-15 04:43:26 UTC][ZED][INFO] [Init]  Camera successfully opened.
[component_container_isolated-3] [2026-09-15 04:43:26 UTC][ZED][INFO] [Init]  Camera FW version: 1523
[component_container_isolated-3] [2026-09-15 04:43:26 UTC][ZED][INFO] [Init]  Video mode: HD720@30
[component_container_isolated-3] [2026-09-15 04:43:26 UTC][ZED][INFO] [Init]  Serial Number: S/N 1943145
[component_container_isolated-3] [2026-09-15 04:43:26 UTC][ZED][INFO] [Init]  Depth mode selected: NEURAL LIGHT. Ensure this mode matches your application's performance and accuracy requirements. See https://www.stereolabs.com/docs/depth-sensing/depth-modes for help.
[component_container_isolated-3] [INFO] [1789427607.073552737] [zed.zed_node]:  * ZED SDK running on GPU #0
[component_container_isolated-3] [INFO] [1789427607.073717360] [zed.zed_node]:  * Camera Model  -> ZED
[component_container_isolated-3] [INFO] [1789427607.073739849] [zed.zed_node]:  * Serial Number -> 1943145
[component_container_isolated-3] [INFO] [1789427607.073922260] [zed.zed_node]:  * Focal Length	-> 2.87387 mm
[component_container_isolated-3] [INFO] [1789427607.073981346] [zed.zed_node]:  * Input	-> USB
[component_container_isolated-3] [INFO] [1789427607.074009818] [zed.zed_node]:  * Camera FW Version  -> 1523
[component_container_isolated-3] [INFO] [1789427607.074027061] [zed.zed_node]:  * Camera grab size -> 1280x720
[component_container_isolated-3] [INFO] [1789427607.074040081] [zed.zed_node]:  * Color/Depth publishing size -> 1280x720
[component_container_isolated-3] [INFO] [1789427607.074052877] [zed.zed_node]:  * Point Cloud publishing size -> 448x256
[component_container_isolated-3] [INFO] [1789427607.074080005] [zed.zed_node]: === TF FRAMES ===
[component_container_isolated-3] [INFO] [1789427607.074106973] [zed.zed_node]:  * Map			-> map
[component_container_isolated-3] [INFO] [1789427607.074117050] [zed.zed_node]:  * Odometry		-> odom
[component_container_isolated-3] [INFO] [1789427607.074125176] [zed.zed_node]:  * Base			-> zed_camera_link
[component_container_isolated-3] [INFO] [1789427607.074132533] [zed.zed_node]:  * Camera		-> zed_camera_center
[component_container_isolated-3] [INFO] [1789427607.074139795] [zed.zed_node]:  * Left			-> zed_left_camera_frame
[component_container_isolated-3] [INFO] [1789427607.074147345] [zed.zed_node]:  * Left Optical		-> zed_left_camera_frame_optical
[component_container_isolated-3] [INFO] [1789427607.074154671] [zed.zed_node]:  * Right			-> zed_right_camera_frame
[component_container_isolated-3] [INFO] [1789427607.074161165] [zed.zed_node]:  * Right Optical		-> zed_right_camera_frame_optical
[component_container_isolated-3] [INFO] [1789427607.074168427] [zed.zed_node]:  * Depth			-> zed_left_camera_frame
[component_container_isolated-3] [INFO] [1789427607.074176616] [zed.zed_node]:  * Depth Optical		-> zed_left_camera_frame_optical
[component_container_isolated-3] [INFO] [1789427607.074183718] [zed.zed_node]:  * Point Cloud		-> zed_left_camera_frame
[component_container_isolated-3] [INFO] [1789427607.074282217] [zed.zed_node]: === PUBLISHED TOPICS ===
[component_container_isolated-3] [INFO] [1789427607.077716882] [zed.zed_node]:  * Advertised on topic: /zed/zed_node/status/health
[component_container_isolated-3] [INFO] [1789427607.079071713] [zed.zed_node]:  * Advertised on topic: /zed/zed_node/status/heartbeat
[component_container_isolated-3] [INFO] [1789427607.081613106] [zed.zed_node]:  * Advertised on topic: /zed/zed_node/rgb/color/rect/image [IPC type-adapted zero-copy]
[component_container_isolated-3] [INFO] [1789427607.224098719] [zed.zed_node]:  * Advertised on topic: /zed/zed_node/rgb/color/rect/image
[component_container_isolated-3] [INFO] [1789427607.224236758] [zed.zed_node]:  * Advertised on topic: /zed/zed_node/rgb/color/rect/image/compressed [image_transport]
[component_container_isolated-3] [INFO] [1789427607.224276299] [zed.zed_node]:  * Advertised on topic: /zed/zed_node/rgb/color/rect/image/theora [image_transport]
[component_container_isolated-3] [INFO] [1789427607.224332314] [zed.zed_node]:  * Advertised on topic: /zed/zed_node/rgb/color/rect/image/zstd [image_transport]
[component_container_isolated-3] [INFO] [1789427607.225092697] [zed.zed_node]:  * Advertised on topic: /zed/zed_node/depth/depth_registered [IPC type-adapted zero-copy]
[component_container_isolated-3] [INFO] [1789427607.237309885] [zed.zed_node]:  * Advertised on topic: /zed/zed_node/depth/depth_registered
[component_container_isolated-3] [INFO] [1789427607.237469102] [zed.zed_node]:  * Advertised on topic: /zed/zed_node/depth/depth_registered/compressedDepth [image_transport]
[component_container_isolated-3] [INFO] [1789427607.237496998] [zed.zed_node]:  * Advertised on topic: /zed/zed_node/depth/depth_registered/zstd [image_transport]
[component_container_isolated-3] [INFO] [1789427607.239465120] [zed.zed_node]:  * Advertised on topic: /zed/zed_node/rgb/color/rect/camera_info
[component_container_isolated-3] [INFO] [1789427607.240786585] [zed.zed_node]:  * Advertised on topic: /zed/zed_node/rgb/color/rect/image/camera_info
[component_container_isolated-3] [INFO] [1789427607.242075516] [zed.zed_node]:  * Advertised on topic: /zed/zed_node/depth/camera_info
[component_container_isolated-3] [INFO] [1789427607.243215435] [zed.zed_node]:  * Advertised on topic: /zed/zed_node/depth/depth_registered/camera_info
[component_container_isolated-3] [INFO] [1789427607.246622267] [zed.zed_node]:  * Advertised on topic: /zed/zed_node/point_cloud/cloud_registered
[component_container_isolated-3] [INFO] [1789427607.248703476] [zed.zed_node]:  * Advertised on topic: /zed/zed_node/pose
[component_container_isolated-3] [INFO] [1789427607.250193947] [zed.zed_node]:  * Advertised on topic: /zed/zed_node/pose/status
[component_container_isolated-3] [INFO] [1789427607.253740643] [zed.zed_node]:  * Advertised on topic: /zed/zed_node/odom
[component_container_isolated-3] [INFO] [1789427607.253798705] [zed.zed_node]: === Subscribers ===
[component_container_isolated-3] [INFO] [1789427607.255725496] [zed.zed_node]:  * Plane detection: '/clicked_point'
[component_container_isolated-3] [INFO] [1789427607.389492407] [zed.zed_node]: === zed started ===
[component_container_isolated-3] [INFO] [1789427607.400482502] [zed.zed_node]: === Starting Positional Tracking ===
[component_container_isolated-3] [INFO] [1789427607.400564398] [zed.zed_node]:  * Waiting for valid static transformations...
[component_container_isolated-3] [INFO] [1789427607.400764403] [zed.zed_node]:  Static transform ref. CMOS Sensor to Base [zed_left_camera_frame -> zed_camera_link]
[component_container_isolated-3] [INFO] [1789427607.400793962] [zed.zed_node]:   * Translation: {0.011,-0.060,-0.015}
[component_container_isolated-3] [INFO] [1789427607.400812100] [zed.zed_node]:   * Rotation: {0.000,-2.865,0.000}
[component_container_isolated-3] [INFO] [1789427607.400849305] [zed.zed_node]:  Static transform ref. CMOS Sensor to Camera Center [zed_left_camera_frame -> zed_camera_center]
[component_container_isolated-3] [INFO] [1789427607.400866612] [zed.zed_node]:   * Translation: {0.010,-0.060,0.000}
[component_container_isolated-3] [INFO] [1789427607.400878769] [zed.zed_node]:   * Rotation: {0.000,-0.000,0.000}
[component_container_isolated-3] [INFO] [1789427607.400905769] [zed.zed_node]:  Static transform Camera Center to Base [zed_camera_center -> zed_camera_link]
[component_container_isolated-3] [INFO] [1789427607.400919013] [zed.zed_node]:   * Translation: {0.001,0.000,-0.015}
[component_container_isolated-3] [INFO] [1789427607.400929634] [zed.zed_node]:   * Rotation: {0.000,-2.865,0.000}
[component_container_isolated-3] [INFO] [1789427607.402035611] [zed.zed_node]: Initial ZED left camera pose (ZED pos. tracking): 
[component_container_isolated-3] [INFO] [1789427607.402068561] [zed.zed_node]:  * T: [-0.0099875,0.06,0.0154998]
[component_container_isolated-3] [INFO] [1789427607.402096873] [zed.zed_node]:  * Q: [0,0.0249974,0,0.999688]
[INFO] [window_detect-4]: process started with pid [5771]
[window_detect-4] [INFO] [1789427609.680849942] [window_detect]: camera_info_topic derived from image_topic: /zed/zed_node/rgb/color/rect/camera_info
[window_detect-4] [INFO] [1789427609.703567711] [window_detect]: Browser stream on http://<jetson-ip>:8080/ (single frame at /snapshot.jpg).
[window_detect-4] [INFO] [1789427609.705023670] [window_detect]: Window detection up. image=/zed/zed_node/rgb/color/rect/image depth=/zed/zed_node/depth/depth_registered color=blue. Publishing /window_detected, /window_info, /window_geometry, /window_detection/image.
[window_detect-4] [INFO] [1789427609.707213734] [window_detect]: CameraInfo from /zed/zed_node/rgb/color/rect/camera_info: fx=703.7 fy=703.7 cx=591.7 cy=375.6 (1280x720). /window_geometry angles are now metric.
[micro_ros_agent-1] [1789427609.931823] info     | ProxyClient.cpp    | create_topic             | topic created          | client_key: 0x00000001, topic_id: 0x800(2), participant_id: 0x001(1)
[micro_ros_agent-1] [1789427609.932048] info     | ProxyClient.cpp    | create_subscriber        | subscriber created     | client_key: 0x00000001, subscriber_id: 0x800(4), participant_id: 0x001(1)
[micro_ros_agent-1] [1789427609.934878] info     | ProxyClient.cpp    | create_datareader        | datareader created     | client_key: 0x00000001, datareader_id: 0x800(6), subscriber_id: 0x800(4)
[micro_ros_agent-1] [1789427609.938329] info     | ProxyClient.cpp    | create_topic             | topic created          | client_key: 0x00000001, topic_id: 0x801(2), participant_id: 0x001(1)
[micro_ros_agent-1] [1789427609.938479] info     | ProxyClient.cpp    | create_subscriber        | subscriber created     | client_key: 0x00000001, subscriber_id: 0x801(4), participant_id: 0x001(1)
[micro_ros_agent-1] [1789427609.940012] info     | ProxyClient.cpp    | create_datareader        | datareader created     | client_key: 0x00000001, datareader_id: 0x801(6), subscriber_id: 0x801(4)
[micro_ros_agent-1] [1789427609.943593] info     | ProxyClient.cpp    | create_topic             | topic created          | client_key: 0x00000001, topic_id: 0x802(2), participant_id: 0x001(1)
[micro_ros_agent-1] [1789427609.943708] info     | ProxyClient.cpp    | create_subscriber        | subscriber created     | client_key: 0x00000001, subscriber_id: 0x802(4), participant_id: 0x001(1)
[micro_ros_agent-1] [1789427609.947067] info     | ProxyClient.cpp    | create_datareader        | datareader created     | client_key: 0x00000001, datareader_id: 0x802(6), subscriber_id: 0x802(4)
[micro_ros_agent-1] [1789427609.950334] info     | ProxyClient.cpp    | create_topic             | topic created          | client_key: 0x00000001, topic_id: 0x803(2), participant_id: 0x001(1)
[micro_ros_agent-1] [1789427609.950468] info     | ProxyClient.cpp    | create_subscriber        | subscriber created     | client_key: 0x00000001, subscriber_id: 0x803(4), participant_id: 0x001(1)
[micro_ros_agent-1] [1789427609.951688] info     | ProxyClient.cpp    | create_datareader        | datareader created     | client_key: 0x00000001, datareader_id: 0x803(6), subscriber_id: 0x803(4)
[micro_ros_agent-1] [1789427609.955255] info     | ProxyClient.cpp    | create_topic             | topic created          | client_key: 0x00000001, topic_id: 0x804(2), participant_id: 0x001(1)
[micro_ros_agent-1] [1789427609.955356] info     | ProxyClient.cpp    | create_subscriber        | subscriber created     | client_key: 0x00000001, subscriber_id: 0x804(4), participant_id: 0x001(1)
[micro_ros_agent-1] [1789427609.957100] info     | ProxyClient.cpp    | create_datareader        | datareader created     | client_key: 0x00000001, datareader_id: 0x804(6), subscriber_id: 0x804(4)
[micro_ros_agent-1] [1789427609.960224] info     | ProxyClient.cpp    | create_topic             | topic created          | client_key: 0x00000001, topic_id: 0x805(2), participant_id: 0x001(1)
[micro_ros_agent-1] [1789427609.960395] info     | ProxyClient.cpp    | create_subscriber        | subscriber created     | client_key: 0x00000001, subscriber_id: 0x805(4), participant_id: 0x001(1)
[micro_ros_agent-1] [1789427609.961843] info     | ProxyClient.cpp    | create_datareader        | datareader created     | client_key: 0x00000001, datareader_id: 0x805(6), subscriber_id: 0x805(4)
[micro_ros_agent-1] [1789427609.965086] info     | ProxyClient.cpp    | create_topic             | topic created          | client_key: 0x00000001, topic_id: 0x806(2), participant_id: 0x001(1)
[micro_ros_agent-1] [1789427609.970544] info     | ProxyClient.cpp    | create_subscriber        | subscriber created     | client_key: 0x00000001, subscriber_id: 0x806(4), participant_id: 0x001(1)
[micro_ros_agent-1] [1789427609.973696] info     | ProxyClient.cpp    | create_datareader        | datareader created     | client_key: 0x00000001, datareader_id: 0x806(6), subscriber_id: 0x806(4)
[micro_ros_agent-1] [1789427609.977636] info     | ProxyClient.cpp    | create_topic             | topic created          | client_key: 0x00000001, topic_id: 0x807(2), participant_id: 0x001(1)
[micro_ros_agent-1] [1789427609.977763] info     | ProxyClient.cpp    | create_subscriber        | subscriber created     | client_key: 0x00000001, subscriber_id: 0x807(4), participant_id: 0x001(1)
[micro_ros_agent-1] [1789427609.978876] info     | ProxyClient.cpp    | create_datareader        | datareader created     | client_key: 0x00000001, datareader_id: 0x807(6), subscriber_id: 0x807(4)
[micro_ros_agent-1] [1789427609.982057] info     | ProxyClient.cpp    | create_topic             | topic created          | client_key: 0x00000001, topic_id: 0x808(2), participant_id: 0x001(1)
[micro_ros_agent-1] [1789427609.982138] info     | ProxyClient.cpp    | create_subscriber        | subscriber created     | client_key: 0x00000001, subscriber_id: 0x808(4), participant_id: 0x001(1)
[micro_ros_agent-1] [1789427609.983276] info     | ProxyClient.cpp    | create_datareader        | datareader created     | client_key: 0x00000001, datareader_id: 0x808(6), subscriber_id: 0x808(4)
[micro_ros_agent-1] [1789427609.986571] info     | ProxyClient.cpp    | create_topic             | topic created          | client_key: 0x00000001, topic_id: 0x809(2), participant_id: 0x001(1)
[micro_ros_agent-1] [1789427609.986659] info     | ProxyClient.cpp    | create_subscriber        | subscriber created     | client_key: 0x00000001, subscriber_id: 0x809(4), participant_id: 0x001(1)
[micro_ros_agent-1] [1789427609.987826] info     | ProxyClient.cpp    | create_datareader        | datareader created     | client_key: 0x00000001, datareader_id: 0x809(6), subscriber_id: 0x809(4)
[micro_ros_agent-1] [1789427609.991272] info     | ProxyClient.cpp    | create_topic             | topic created          | client_key: 0x00000001, topic_id: 0x80A(2), participant_id: 0x001(1)
[micro_ros_agent-1] [1789427609.991388] info     | ProxyClient.cpp    | create_subscriber        | subscriber created     | client_key: 0x00000001, subscriber_id: 0x80A(4), participant_id: 0x001(1)
[micro_ros_agent-1] [1789427609.993260] info     | ProxyClient.cpp    | create_datareader        | datareader created     | client_key: 0x00000001, datareader_id: 0x80A(6), subscriber_id: 0x80A(4)
[micro_ros_agent-1] [1789427609.996818] info     | ProxyClient.cpp    | create_topic             | topic created          | client_key: 0x00000001, topic_id: 0x80B(2), participant_id: 0x001(1)
[micro_ros_agent-1] [1789427609.996944] info     | ProxyClient.cpp    | create_subscriber        | subscriber created     | client_key: 0x00000001, subscriber_id: 0x80B(4), participant_id: 0x001(1)
[micro_ros_agent-1] [1789427609.998227] info     | ProxyClient.cpp    | create_datareader        | datareader created     | client_key: 0x00000001, datareader_id: 0x80B(6), subscriber_id: 0x80B(4)
[micro_ros_agent-1] [1789427610.001376] info     | ProxyClient.cpp    | create_topic             | topic created          | client_key: 0x00000001, topic_id: 0x80C(2), participant_id: 0x001(1)
[micro_ros_agent-1] [1789427610.001544] info     | ProxyClient.cpp    | create_subscriber        | subscriber created     | client_key: 0x00000001, subscriber_id: 0x80C(4), participant_id: 0x001(1)
[micro_ros_agent-1] [1789427610.002795] info     | ProxyClient.cpp    | create_datareader        | datareader created     | client_key: 0x00000001, datareader_id: 0x80C(6), subscriber_id: 0x80C(4)
[micro_ros_agent-1] [1789427610.006361] info     | ProxyClient.cpp    | create_topic             | topic created          | client_key: 0x00000001, topic_id: 0x80D(2), participant_id: 0x001(1)
[micro_ros_agent-1] [1789427610.006528] info     | ProxyClient.cpp    | create_subscriber        | subscriber created     | client_key: 0x00000001, subscriber_id: 0x80D(4), participant_id: 0x001(1)
[micro_ros_agent-1] [1789427610.010184] info     | ProxyClient.cpp    | create_datareader        | datareader created     | client_key: 0x00000001, datareader_id: 0x80D(6), subscriber_id: 0x80D(4)
[micro_ros_agent-1] [1789427610.013460] info     | ProxyClient.cpp    | create_topic             | topic created          | client_key: 0x00000001, topic_id: 0x80E(2), participant_id: 0x001(1)
[micro_ros_agent-1] [1789427610.013570] info     | ProxyClient.cpp    | create_subscriber        | subscriber created     | client_key: 0x00000001, subscriber_id: 0x80E(4), participant_id: 0x001(1)
[micro_ros_agent-1] [1789427610.014711] info     | ProxyClient.cpp    | create_datareader        | datareader created     | client_key: 0x00000001, datareader_id: 0x80E(6), subscriber_id: 0x80E(4)
[micro_ros_agent-1] [1789427610.018086] info     | ProxyClient.cpp    | create_topic             | topic created          | client_key: 0x00000001, topic_id: 0x80F(2), participant_id: 0x001(1)
[micro_ros_agent-1] [1789427610.018180] info     | ProxyClient.cpp    | create_subscriber        | subscriber created     | client_key: 0x00000001, subscriber_id: 0x80F(4), participant_id: 0x001(1)
[window_detect-4] [INFO] [1789427610.019224684] [window_detect]: First frame from /zed/zed_node/rgb/color/rect/image: 1280x720.
[micro_ros_agent-1] [1789427610.019107] info     | ProxyClient.cpp    | create_datareader        | datareader created     | client_key: 0x00000001, datareader_id: 0x80F(6), subscriber_id: 0x80F(4)
[micro_ros_agent-1] [1789427610.022510] info     | ProxyClient.cpp    | create_topic             | topic created          | client_key: 0x00000001, topic_id: 0x810(2), participant_id: 0x001(1)
[micro_ros_agent-1] [1789427610.022601] info     | ProxyClient.cpp    | create_subscriber        | subscriber created     | client_key: 0x00000001, subscriber_id: 0x810(4), participant_id: 0x001(1)
[micro_ros_agent-1] [1789427610.023644] info     | ProxyClient.cpp    | create_datareader        | datareader created     | client_key: 0x00000001, datareader_id: 0x810(6), subscriber_id: 0x810(4)
[micro_ros_agent-1] [1789427610.026917] info     | ProxyClient.cpp    | create_topic             | topic created          | client_key: 0x00000001, topic_id: 0x811(2), participant_id: 0x001(1)
[micro_ros_agent-1] [1789427610.026994] info     | ProxyClient.cpp    | create_subscriber        | subscriber created     | client_key: 0x00000001, subscriber_id: 0x811(4), participant_id: 0x001(1)
[micro_ros_agent-1] [1789427610.028310] info     | ProxyClient.cpp    | create_datareader        | datareader created     | client_key: 0x00000001, datareader_id: 0x811(6), subscriber_id: 0x811(4)
[window_detect-4] [INFO] [1789427610.029891179] [window_detect]: window: no   (streak 1 misses, 1 frames processed, 0 skipped by max_fps=10)
[micro_ros_agent-1] [1789427610.031528] info     | ProxyClient.cpp    | create_topic             | topic created          | client_key: 0x00000001, topic_id: 0x812(2), participant_id: 0x001(1)
[micro_ros_agent-1] [1789427610.031595] info     | ProxyClient.cpp    | create_subscriber        | subscriber created     | client_key: 0x00000001, subscriber_id: 0x812(4), participant_id: 0x001(1)
[micro_ros_agent-1] [1789427610.032608] info     | ProxyClient.cpp    | create_datareader        | datareader created     | client_key: 0x00000001, datareader_id: 0x812(6), subscriber_id: 0x812(4)
[micro_ros_agent-1] [1789427610.037931] info     | ProxyClient.cpp    | create_topic             | topic created          | client_key: 0x00000001, topic_id: 0x813(2), participant_id: 0x001(1)
[micro_ros_agent-1] [1789427610.038052] info     | ProxyClient.cpp    | create_subscriber        | subscriber created     | client_key: 0x00000001, subscriber_id: 0x813(4), participant_id: 0x001(1)
[micro_ros_agent-1] [1789427610.041449] info     | ProxyClient.cpp    | create_datareader        | datareader created     | client_key: 0x00000001, datareader_id: 0x813(6), subscriber_id: 0x813(4)
[micro_ros_agent-1] [1789427610.044534] info     | ProxyClient.cpp    | create_topic             | topic created          | client_key: 0x00000001, topic_id: 0x814(2), participant_id: 0x001(1)
[micro_ros_agent-1] [1789427610.044605] info     | ProxyClient.cpp    | create_subscriber        | subscriber created     | client_key: 0x00000001, subscriber_id: 0x814(4), participant_id: 0x001(1)
[micro_ros_agent-1] [1789427610.045603] info     | ProxyClient.cpp    | create_datareader        | datareader created     | client_key: 0x00000001, datareader_id: 0x814(6), subscriber_id: 0x814(4)
[micro_ros_agent-1] [1789427610.048665] info     | ProxyClient.cpp    | create_topic             | topic created          | client_key: 0x00000001, topic_id: 0x815(2), participant_id: 0x001(1)
[micro_ros_agent-1] [1789427610.048729] info     | ProxyClient.cpp    | create_subscriber        | subscriber created     | client_key: 0x00000001, subscriber_id: 0x815(4), participant_id: 0x001(1)
[micro_ros_agent-1] [1789427610.049812] info     | ProxyClient.cpp    | create_datareader        | datareader created     | client_key: 0x00000001, datareader_id: 0x815(6), subscriber_id: 0x815(4)
[micro_ros_agent-1] [1789427610.052817] info     | ProxyClient.cpp    | create_topic             | topic created          | client_key: 0x00000001, topic_id: 0x816(2), participant_id: 0x001(1)
[micro_ros_agent-1] [1789427610.052878] info     | ProxyClient.cpp    | create_subscriber        | subscriber created     | client_key: 0x00000001, subscriber_id: 0x816(4), participant_id: 0x001(1)
[micro_ros_agent-1] [1789427610.055308] info     | ProxyClient.cpp    | create_datareader        | datareader created     | client_key: 0x00000001, datareader_id: 0x816(6), subscriber_id: 0x816(4)
[micro_ros_agent-1] [1789427610.058696] info     | ProxyClient.cpp    | create_topic             | topic created          | client_key: 0x00000001, topic_id: 0x817(2), participant_id: 0x001(1)
[micro_ros_agent-1] [1789427610.058810] info     | ProxyClient.cpp    | create_subscriber        | subscriber created     | client_key: 0x00000001, subscriber_id: 0x817(4), participant_id: 0x001(1)
[micro_ros_agent-1] [1789427610.059724] info     | ProxyClient.cpp    | create_datareader        | datareader created     | client_key: 0x00000001, datareader_id: 0x817(6), subscriber_id: 0x817(4)
[micro_ros_agent-1] [1789427610.062895] info     | ProxyClient.cpp    | create_topic             | topic created          | client_key: 0x00000001, topic_id: 0x818(2), participant_id: 0x001(1)
[micro_ros_agent-1] [1789427610.063292] info     | ProxyClient.cpp    | create_subscriber        | subscriber created     | client_key: 0x00000001, subscriber_id: 0x818(4), participant_id: 0x001(1)
[micro_ros_agent-1] [1789427610.064558] info     | ProxyClient.cpp    | create_datareader        | datareader created     | client_key: 0x00000001, datareader_id: 0x818(6), subscriber_id: 0x818(4)
[micro_ros_agent-1] [1789427610.070755] info     | ProxyClient.cpp    | create_topic             | topic created          | client_key: 0x00000001, topic_id: 0x819(2), participant_id: 0x001(1)
[micro_ros_agent-1] [1789427610.070877] info     | ProxyClient.cpp    | create_subscriber        | subscriber created     | client_key: 0x00000001, subscriber_id: 0x819(4), participant_id: 0x001(1)
[micro_ros_agent-1] [1789427610.072022] info     | ProxyClient.cpp    | create_datareader        | datareader created     | client_key: 0x00000001, datareader_id: 0x819(6), subscriber_id: 0x819(4)
[micro_ros_agent-1] [1789427610.077713] info     | ProxyClient.cpp    | create_topic             | topic created          | client_key: 0x00000001, topic_id: 0x81A(2), participant_id: 0x001(1)
[micro_ros_agent-1] [1789427610.077965] info     | ProxyClient.cpp    | create_subscriber        | subscriber created     | client_key: 0x00000001, subscriber_id: 0x81A(4), participant_id: 0x001(1)
[micro_ros_agent-1] [1789427610.080631] info     | ProxyClient.cpp    | create_datareader        | datareader created     | client_key: 0x00000001, datareader_id: 0x81A(6), subscriber_id: 0x81A(4)
[micro_ros_agent-1] [1789427610.084022] info     | ProxyClient.cpp    | create_topic             | topic created          | client_key: 0x00000001, topic_id: 0x81B(2), participant_id: 0x001(1)
[micro_ros_agent-1] [1789427610.084158] info     | ProxyClient.cpp    | create_subscriber        | subscriber created     | client_key: 0x00000001, subscriber_id: 0x81B(4), participant_id: 0x001(1)
[micro_ros_agent-1] [1789427610.085258] info     | ProxyClient.cpp    | create_datareader        | datareader created     | client_key: 0x00000001, datareader_id: 0x81B(6), subscriber_id: 0x81B(4)
[micro_ros_agent-1] [1789427610.088314] info     | ProxyClient.cpp    | create_topic             | topic created          | client_key: 0x00000001, topic_id: 0x81C(2), participant_id: 0x001(1)
[micro_ros_agent-1] [1789427610.088403] info     | ProxyClient.cpp    | create_subscriber        | subscriber created     | client_key: 0x00000001, subscriber_id: 0x81C(4), participant_id: 0x001(1)
[micro_ros_agent-1] [1789427610.089403] info     | ProxyClient.cpp    | create_datareader        | datareader created     | client_key: 0x00000001, datareader_id: 0x81C(6), subscriber_id: 0x81C(4)
[micro_ros_agent-1] [1789427610.092881] info     | ProxyClient.cpp    | create_topic             | topic created          | client_key: 0x00000001, topic_id: 0x81D(2), participant_id: 0x001(1)
[micro_ros_agent-1] [1789427610.092954] info     | ProxyClient.cpp    | create_subscriber        | subscriber created     | client_key: 0x00000001, subscriber_id: 0x81D(4), participant_id: 0x001(1)
[micro_ros_agent-1] [1789427610.093787] info     | ProxyClient.cpp    | create_datareader        | datareader created     | client_key: 0x00000001, datareader_id: 0x81D(6), subscriber_id: 0x81D(4)
[micro_ros_agent-1] [1789427610.097306] info     | ProxyClient.cpp    | create_topic             | topic created          | client_key: 0x00000001, topic_id: 0x81E(2), participant_id: 0x001(1)
[micro_ros_agent-1] [1789427610.097407] info     | ProxyClient.cpp    | create_subscriber        | subscriber created     | client_key: 0x00000001, subscriber_id: 0x81E(4), participant_id: 0x001(1)
[micro_ros_agent-1] [1789427610.098572] info     | ProxyClient.cpp    | create_datareader        | datareader created     | client_key: 0x00000001, datareader_id: 0x81E(6), subscriber_id: 0x81E(4)
[micro_ros_agent-1] [1789427610.101757] info     | ProxyClient.cpp    | create_topic             | topic created          | client_key: 0x00000001, topic_id: 0x81F(2), participant_id: 0x001(1)
[micro_ros_agent-1] [1789427610.101857] info     | ProxyClient.cpp    | create_subscriber        | subscriber created     | client_key: 0x00000001, subscriber_id: 0x81F(4), participant_id: 0x001(1)
[micro_ros_agent-1] [1789427610.103237] info     | ProxyClient.cpp    | create_datareader        | datareader created     | client_key: 0x00000001, datareader_id: 0x81F(6), subscriber_id: 0x81F(4)
[micro_ros_agent-1] [1789427610.106566] info     | ProxyClient.cpp    | create_topic             | topic created          | client_key: 0x00000001, topic_id: 0x820(2), participant_id: 0x001(1)
[micro_ros_agent-1] [1789427610.106702] info     | ProxyClient.cpp    | create_subscriber        | subscriber created     | client_key: 0x00000001, subscriber_id: 0x820(4), participant_id: 0x001(1)
[micro_ros_agent-1] [1789427610.107997] info     | ProxyClient.cpp    | create_datareader        | datareader created     | client_key: 0x00000001, datareader_id: 0x820(6), subscriber_id: 0x820(4)
[micro_ros_agent-1] [1789427610.111267] info     | ProxyClient.cpp    | create_topic             | topic created          | client_key: 0x00000001, topic_id: 0x821(2), participant_id: 0x001(1)
[micro_ros_agent-1] [1789427610.111422] info     | ProxyClient.cpp    | create_subscriber        | subscriber created     | client_key: 0x00000001, subscriber_id: 0x821(4), participant_id: 0x001(1)
[micro_ros_agent-1] [1789427610.112604] info     | ProxyClient.cpp    | create_datareader        | datareader created     | client_key: 0x00000001, datareader_id: 0x821(6), subscriber_id: 0x821(4)
[micro_ros_agent-1] [1789427610.115987] info     | ProxyClient.cpp    | create_topic             | topic created          | client_key: 0x00000001, topic_id: 0x822(2), participant_id: 0x001(1)
[micro_ros_agent-1] [1789427610.116069] info     | ProxyClient.cpp    | create_subscriber        | subscriber created     | client_key: 0x00000001, subscriber_id: 0x822(4), participant_id: 0x001(1)
[micro_ros_agent-1] [1789427610.116872] info     | ProxyClient.cpp    | create_datareader        | datareader created     | client_key: 0x00000001, datareader_id: 0x822(6), subscriber_id: 0x822(4)
[micro_ros_agent-1] [1789427610.119936] info     | ProxyClient.cpp    | create_topic             | topic created          | client_key: 0x00000001, topic_id: 0x823(2), participant_id: 0x001(1)
[micro_ros_agent-1] [1789427610.119997] info     | ProxyClient.cpp    | create_subscriber        | subscriber created     | client_key: 0x00000001, subscriber_id: 0x823(4), participant_id: 0x001(1)
[micro_ros_agent-1] [1789427610.120683] info     | ProxyClient.cpp    | create_datareader        | datareader created     | client_key: 0x00000001, datareader_id: 0x823(6), subscriber_id: 0x823(4)
[micro_ros_agent-1] [1789427610.124480] info     | ProxyClient.cpp    | create_topic             | topic created          | client_key: 0x00000001, topic_id: 0x824(2), participant_id: 0x001(1)
[micro_ros_agent-1] [1789427610.124580] info     | ProxyClient.cpp    | create_subscriber        | subscriber created     | client_key: 0x00000001, subscriber_id: 0x824(4), participant_id: 0x001(1)
[micro_ros_agent-1] [1789427610.125410] info     | ProxyClient.cpp    | create_datareader        | datareader created     | client_key: 0x00000001, datareader_id: 0x824(6), subscriber_id: 0x824(4)
[micro_ros_agent-1] [1789427610.128824] info     | ProxyClient.cpp    | create_topic             | topic created          | client_key: 0x00000001, topic_id: 0x825(2), participant_id: 0x001(1)
[micro_ros_agent-1] [1789427610.128924] info     | ProxyClient.cpp    | create_subscriber        | subscriber created     | client_key: 0x00000001, subscriber_id: 0x825(4), participant_id: 0x001(1)
[micro_ros_agent-1] [1789427610.133803] info     | ProxyClient.cpp    | create_datareader        | datareader created     | client_key: 0x00000001, datareader_id: 0x825(6), subscriber_id: 0x825(4)
[micro_ros_agent-1] [1789427610.137100] info     | ProxyClient.cpp    | create_topic             | topic created          | client_key: 0x00000001, topic_id: 0x0CD(2), participant_id: 0x001(1)
[micro_ros_agent-1] [1789427610.137230] info     | ProxyClient.cpp    | create_publisher         | publisher created      | client_key: 0x00000001, publisher_id: 0x0CD(3), participant_id: 0x001(1)
[micro_ros_agent-1] [1789427610.138133] info     | ProxyClient.cpp    | create_datawriter        | datawriter created     | client_key: 0x00000001, datawriter_id: 0x0CD(5), publisher_id: 0x0CD(3)
[micro_ros_agent-1] [1789427610.141468] info     | ProxyClient.cpp    | create_topic             | topic created          | client_key: 0x00000001, topic_id: 0x010(2), participant_id: 0x001(1)
[micro_ros_agent-1] [1789427610.141631] info     | ProxyClient.cpp    | create_publisher         | publisher created      | client_key: 0x00000001, publisher_id: 0x010(3), participant_id: 0x001(1)
[micro_ros_agent-1] [1789427610.144092] info     | ProxyClient.cpp    | create_datawriter        | datawriter created     | client_key: 0x00000001, datawriter_id: 0x010(5), publisher_id: 0x010(3)
[micro_ros_agent-1] [1789427610.147602] info     | ProxyClient.cpp    | create_topic             | topic created          | client_key: 0x00000001, topic_id: 0x09D(2), participant_id: 0x001(1)
[micro_ros_agent-1] [1789427610.147760] info     | ProxyClient.cpp    | create_publisher         | publisher created      | client_key: 0x00000001, publisher_id: 0x09D(3), participant_id: 0x001(1)
[micro_ros_agent-1] [1789427610.150710] info     | ProxyClient.cpp    | create_datawriter        | datawriter created     | client_key: 0x00000001, datawriter_id: 0x09D(5), publisher_id: 0x09D(3)
[micro_ros_agent-1] [1789427610.153434] info     | ProxyClient.cpp    | create_topic             | topic created          | client_key: 0x00000001, topic_id: 0x014(2), participant_id: 0x001(1)
[micro_ros_agent-1] [1789427610.153514] info     | ProxyClient.cpp    | create_publisher         | publisher created      | client_key: 0x00000001, publisher_id: 0x014(3), participant_id: 0x001(1)
[micro_ros_agent-1] [1789427610.154371] info     | ProxyClient.cpp    | create_datawriter        | datawriter created     | client_key: 0x00000001, datawriter_id: 0x014(5), publisher_id: 0x014(3)
[micro_ros_agent-1] [1789427610.157441] info     | ProxyClient.cpp    | create_topic             | topic created          | client_key: 0x00000001, topic_id: 0x01B(2), participant_id: 0x001(1)
[micro_ros_agent-1] [1789427610.157535] info     | ProxyClient.cpp    | create_publisher         | publisher created      | client_key: 0x00000001, publisher_id: 0x01B(3), participant_id: 0x001(1)
[micro_ros_agent-1] [1789427610.159548] info     | ProxyClient.cpp    | create_datawriter        | datawriter created     | client_key: 0x00000001, datawriter_id: 0x01B(5), publisher_id: 0x01B(3)
[micro_ros_agent-1] [1789427610.162297] info     | ProxyClient.cpp    | create_topic             | topic created          | client_key: 0x00000001, topic_id: 0x055(2), participant_id: 0x001(1)
[micro_ros_agent-1] [1789427610.162375] info     | ProxyClient.cpp    | create_publisher         | publisher created      | client_key: 0x00000001, publisher_id: 0x055(3), participant_id: 0x001(1)
[micro_ros_agent-1] [1789427610.163273] info     | ProxyClient.cpp    | create_datawriter        | datawriter created     | client_key: 0x00000001, datawriter_id: 0x055(5), publisher_id: 0x055(3)
[micro_ros_agent-1] [1789427610.166368] info     | ProxyClient.cpp    | create_topic             | topic created          | client_key: 0x00000001, topic_id: 0x05B(2), participant_id: 0x001(1)
[micro_ros_agent-1] [1789427610.166450] info     | ProxyClient.cpp    | create_publisher         | publisher created      | client_key: 0x00000001, publisher_id: 0x05B(3), participant_id: 0x001(1)
[micro_ros_agent-1] [1789427610.166990] info     | ProxyClient.cpp    | create_datawriter        | datawriter created     | client_key: 0x00000001, datawriter_id: 0x05B(5), publisher_id: 0x05B(3)
[micro_ros_agent-1] [1789427610.169843] info     | ProxyClient.cpp    | create_topic             | topic created          | client_key: 0x00000001, topic_id: 0x094(2), participant_id: 0x001(1)
[micro_ros_agent-1] [1789427610.169906] info     | ProxyClient.cpp    | create_publisher         | publisher created      | client_key: 0x00000001, publisher_id: 0x094(3), participant_id: 0x001(1)
[micro_ros_agent-1] [1789427610.170678] info     | ProxyClient.cpp    | create_datawriter        | datawriter created     | client_key: 0x00000001, datawriter_id: 0x094(5), publisher_id: 0x094(3)
[micro_ros_agent-1] [1789427610.173512] info     | ProxyClient.cpp    | create_topic             | topic created          | client_key: 0x00000001, topic_id: 0x09A(2), participant_id: 0x001(1)
[micro_ros_agent-1] [1789427610.173573] info     | ProxyClient.cpp    | create_publisher         | publisher created      | client_key: 0x00000001, publisher_id: 0x09A(3), participant_id: 0x001(1)
[micro_ros_agent-1] [1789427610.174049] info     | ProxyClient.cpp    | create_datawriter        | datawriter created     | client_key: 0x00000001, datawriter_id: 0x09A(5), publisher_id: 0x09A(3)
[micro_ros_agent-1] [1789427610.176963] info     | ProxyClient.cpp    | create_topic             | topic created          | client_key: 0x00000001, topic_id: 0x0C0(2), participant_id: 0x001(1)
[micro_ros_agent-1] [1789427610.177022] info     | ProxyClient.cpp    | create_publisher         | publisher created      | client_key: 0x00000001, publisher_id: 0x0C0(3), participant_id: 0x001(1)
[micro_ros_agent-1] [1789427610.179628] info     | ProxyClient.cpp    | create_datawriter        | datawriter created     | client_key: 0x00000001, datawriter_id: 0x0C0(5), publisher_id: 0x0C0(3)
[micro_ros_agent-1] [1789427610.182190] info     | ProxyClient.cpp    | create_topic             | topic created          | client_key: 0x00000001, topic_id: 0x0E1(2), participant_id: 0x001(1)
[micro_ros_agent-1] [1789427610.182251] info     | ProxyClient.cpp    | create_publisher         | publisher created      | client_key: 0x00000001, publisher_id: 0x0E1(3), participant_id: 0x001(1)
[micro_ros_agent-1] [1789427610.186466] info     | ProxyClient.cpp    | create_datawriter        | datawriter created     | client_key: 0x00000001, datawriter_id: 0x0E1(5), publisher_id: 0x0E1(3)
[micro_ros_agent-1] [1789427610.189351] info     | ProxyClient.cpp    | create_topic             | topic created          | client_key: 0x00000001, topic_id: 0x0F9(2), participant_id: 0x001(1)
[micro_ros_agent-1] [1789427610.189436] info     | ProxyClient.cpp    | create_publisher         | publisher created      | client_key: 0x00000001, publisher_id: 0x0F9(3), participant_id: 0x001(1)
[micro_ros_agent-1] [1789427610.190211] info     | ProxyClient.cpp    | create_datawriter        | datawriter created     | client_key: 0x00000001, datawriter_id: 0x0F9(5), publisher_id: 0x0F9(3)
[micro_ros_agent-1] [1789427610.192891] info     | ProxyClient.cpp    | create_topic             | topic created          | client_key: 0x00000001, topic_id: 0x0FC(2), participant_id: 0x001(1)
[micro_ros_agent-1] [1789427610.192961] info     | ProxyClient.cpp    | create_publisher         | publisher created      | client_key: 0x00000001, publisher_id: 0x0FC(3), participant_id: 0x001(1)
[micro_ros_agent-1] [1789427610.193607] info     | ProxyClient.cpp    | create_datawriter        | datawriter created     | client_key: 0x00000001, datawriter_id: 0x0FC(5), publisher_id: 0x0FC(3)
[micro_ros_agent-1] [1789427610.196536] info     | ProxyClient.cpp    | create_topic             | topic created          | client_key: 0x00000001, topic_id: 0x115(2), participant_id: 0x001(1)
[micro_ros_agent-1] [1789427610.196648] info     | ProxyClient.cpp    | create_publisher         | publisher created      | client_key: 0x00000001, publisher_id: 0x115(3), participant_id: 0x001(1)
[micro_ros_agent-1] [1789427610.197540] info     | ProxyClient.cpp    | create_datawriter        | datawriter created     | client_key: 0x00000001, datawriter_id: 0x115(5), publisher_id: 0x115(3)
[micro_ros_agent-1] [1789427610.200292] info     | ProxyClient.cpp    | create_topic             | topic created          | client_key: 0x00000001, topic_id: 0x108(2), participant_id: 0x001(1)
[micro_ros_agent-1] [1789427610.200375] info     | ProxyClient.cpp    | create_publisher         | publisher created      | client_key: 0x00000001, publisher_id: 0x108(3), participant_id: 0x001(1)
[micro_ros_agent-1] [1789427610.201615] info     | ProxyClient.cpp    | create_datawriter        | datawriter created     | client_key: 0x00000001, datawriter_id: 0x108(5), publisher_id: 0x108(3)
[micro_ros_agent-1] [1789427610.204460] info     | ProxyClient.cpp    | create_topic             | topic created          | client_key: 0x00000001, topic_id: 0x10F(2), participant_id: 0x001(1)
[micro_ros_agent-1] [1789427610.204545] info     | ProxyClient.cpp    | create_publisher         | publisher created      | client_key: 0x00000001, publisher_id: 0x10F(3), participant_id: 0x001(1)
[micro_ros_agent-1] [1789427610.205574] info     | ProxyClient.cpp    | create_datawriter        | datawriter created     | client_key: 0x00000001, datawriter_id: 0x10F(5), publisher_id: 0x10F(3)
[micro_ros_agent-1] [1789427610.212115] info     | ProxyClient.cpp    | create_topic             | topic created          | client_key: 0x00000001, topic_id: 0x10C(2), participant_id: 0x001(1)
[micro_ros_agent-1] [1789427610.212283] info     | ProxyClient.cpp    | create_publisher         | publisher created      | client_key: 0x00000001, publisher_id: 0x10C(3), participant_id: 0x001(1)
[micro_ros_agent-1] [1789427610.214563] info     | ProxyClient.cpp    | create_datawriter        | datawriter created     | client_key: 0x00000001, datawriter_id: 0x10C(5), publisher_id: 0x10C(3)
[micro_ros_agent-1] [1789427610.217432] info     | ProxyClient.cpp    | create_topic             | topic created          | client_key: 0x00000001, topic_id: 0x110(2), participant_id: 0x001(1)
[micro_ros_agent-1] [1789427610.217510] info     | ProxyClient.cpp    | create_publisher         | publisher created      | client_key: 0x00000001, publisher_id: 0x110(3), participant_id: 0x001(1)
[micro_ros_agent-1] [1789427610.218263] info     | ProxyClient.cpp    | create_datawriter        | datawriter created     | client_key: 0x00000001, datawriter_id: 0x110(5), publisher_id: 0x110(3)
[micro_ros_agent-1] [1789427610.221117] info     | ProxyClient.cpp    | create_topic             | topic created          | client_key: 0x00000001, topic_id: 0x112(2), participant_id: 0x001(1)
[micro_ros_agent-1] [1789427610.221218] info     | ProxyClient.cpp    | create_publisher         | publisher created      | client_key: 0x00000001, publisher_id: 0x112(3), participant_id: 0x001(1)
[micro_ros_agent-1] [1789427610.221970] info     | ProxyClient.cpp    | create_datawriter        | datawriter created     | client_key: 0x00000001, datawriter_id: 0x112(5), publisher_id: 0x112(3)
[micro_ros_agent-1] [1789427610.419770] info     | ProxyClient.cpp    | create_topic             | topic created          | client_key: 0x00000001, topic_id: 0x116(2), participant_id: 0x001(1)
[micro_ros_agent-1] [1789427610.419995] info     | ProxyClient.cpp    | create_publisher         | publisher created      | client_key: 0x00000001, publisher_id: 0x116(3), participant_id: 0x001(1)
[micro_ros_agent-1] [1789427610.421713] info     | ProxyClient.cpp    | create_datawriter        | datawriter created     | client_key: 0x00000001, datawriter_id: 0x116(5), publisher_id: 0x116(3)
[micro_ros_agent-1] [1789427610.424827] info     | ProxyClient.cpp    | create_topic             | topic created          | client_key: 0x00000001, topic_id: 0x11B(2), participant_id: 0x001(1)
[micro_ros_agent-1] [1789427610.424991] info     | ProxyClient.cpp    | create_publisher         | publisher created      | client_key: 0x00000001, publisher_id: 0x11B(3), participant_id: 0x001(1)
[micro_ros_agent-1] [1789427610.427083] info     | ProxyClient.cpp    | create_datawriter        | datawriter created     | client_key: 0x00000001, datawriter_id: 0x11B(5), publisher_id: 0x11B(3)
[micro_ros_agent-1] [1789427610.429959] info     | ProxyClient.cpp    | create_topic             | topic created          | client_key: 0x00000001, topic_id: 0x120(2), participant_id: 0x001(1)
[micro_ros_agent-1] [1789427610.430079] info     | ProxyClient.cpp    | create_publisher         | publisher created      | client_key: 0x00000001, publisher_id: 0x120(3), participant_id: 0x001(1)
[micro_ros_agent-1] [1789427610.431207] info     | ProxyClient.cpp    | create_datawriter        | datawriter created     | client_key: 0x00000001, datawriter_id: 0x120(5), publisher_id: 0x120(3)
[micro_ros_agent-1] [1789427610.434161] info     | ProxyClient.cpp    | create_topic             | topic created          | client_key: 0x00000001, topic_id: 0x00D(2), participant_id: 0x001(1)
[micro_ros_agent-1] [1789427610.434327] info     | ProxyClient.cpp    | create_publisher         | publisher created      | client_key: 0x00000001, publisher_id: 0x00D(3), participant_id: 0x001(1)
[micro_ros_agent-1] [1789427610.435568] info     | ProxyClient.cpp    | create_datawriter        | datawriter created     | client_key: 0x00000001, datawriter_id: 0x00D(5), publisher_id: 0x00D(3)
[micro_ros_agent-1] [1789427610.438639] info     | ProxyClient.cpp    | create_topic             | topic created          | client_key: 0x00000001, topic_id: 0x129(2), participant_id: 0x001(1)
[micro_ros_agent-1] [1789427610.438758] info     | ProxyClient.cpp    | create_publisher         | publisher created      | client_key: 0x00000001, publisher_id: 0x129(3), participant_id: 0x001(1)
[micro_ros_agent-1] [1789427610.439836] info     | ProxyClient.cpp    | create_datawriter        | datawriter created     | client_key: 0x00000001, datawriter_id: 0x129(5), publisher_id: 0x129(3)
[micro_ros_agent-1] [1789427610.442676] info     | ProxyClient.cpp    | create_topic             | topic created          | client_key: 0x00000001, topic_id: 0x080(2), participant_id: 0x001(1)
[micro_ros_agent-1] [1789427610.442869] info     | ProxyClient.cpp    | create_publisher         | publisher created      | client_key: 0x00000001, publisher_id: 0x080(3), participant_id: 0x001(1)
[micro_ros_agent-1] [1789427610.444059] info     | ProxyClient.cpp    | create_datawriter        | datawriter created     | client_key: 0x00000001, datawriter_id: 0x080(5), publisher_id: 0x080(3)
[micro_ros_agent-1] [1789427610.447090] info     | ProxyClient.cpp    | create_topic             | topic created          | client_key: 0x00000001, topic_id: 0x12B(2), participant_id: 0x001(1)
[micro_ros_agent-1] [1789427610.447219] info     | ProxyClient.cpp    | create_publisher         | publisher created      | client_key: 0x00000001, publisher_id: 0x12B(3), participant_id: 0x001(1)
[micro_ros_agent-1] [1789427610.448573] info     | ProxyClient.cpp    | create_datawriter        | datawriter created     | client_key: 0x00000001, datawriter_id: 0x12B(5), publisher_id: 0x12B(3)
[micro_ros_agent-1] [1789427610.454389] info     | ProxyClient.cpp    | create_topic             | topic created          | client_key: 0x00000001, topic_id: 0x06E(2), participant_id: 0x001(1)
[micro_ros_agent-1] [1789427610.454578] info     | ProxyClient.cpp    | create_publisher         | publisher created      | client_key: 0x00000001, publisher_id: 0x06E(3), participant_id: 0x001(1)
[micro_ros_agent-1] [1789427610.455790] info     | ProxyClient.cpp    | create_datawriter        | datawriter created     | client_key: 0x00000001, datawriter_id: 0x06E(5), publisher_id: 0x06E(3)
[micro_ros_agent-1] [1789427610.460988] info     | ProxyClient.cpp    | create_replier           | replier created        | client_key: 0x00000001, requester_id: 0x800(7), participant_id: 0x001(1)
[window_detect-4] [WARN] [1789427610.559048004] [window_detect]: WINDOW DETECTED  (centre=(653,210) offset=+0.02 area=1766px dist=4.17m)
[window_detect-4] [INFO] [1789427611.060270447] [window_detect]: window: YES  centre=(653,210) offset=+0.02 area=1932px dist=4.20m
[window_detect-4] [INFO] [1789427612.096649403] [window_detect]: window: YES  centre=(653,210) offset=+0.02 area=1605px dist=4.18m
[window_detect-4] [INFO] [1789427613.197715797] [window_detect]: window: YES  centre=(653,210) offset=+0.02 area=1608px dist=4.19m
[window_detect-4] [INFO] [1789427614.321729014] [window_detect]: window: YES  centre=(654,210) offset=+0.02 area=1286px dist=4.16m
[window_detect-4] [INFO] [1789427615.431271906] [window_detect]: window: YES  centre=(653,210) offset=+0.02 area=1605px dist=4.20m
[INFO] [course_fsm-5]: process started with pid [5917]
[window_detect-4] [INFO] [1789427616.486330636] [window_detect]: window: YES  centre=(654,210) offset=+0.02 area=1288px dist=4.17m
[course_fsm-5] [INFO] [1789427617.208577853] [course_fsm]: Airframe: 0.260 m tall, 0.260 m wide, extending 0.160 m below and 0.100 m above the commanded point. A window must measure at least 0.32 x 0.32 m to be flown.
[course_fsm-5] [WARN] [1789427617.214176906] [course_fsm]: stdin is not a tty; q/k abort is unavailable.
[course_fsm-5] [WARN] [1789427617.220830308] [course_fsm]: Window traversal on ARK FLOW: climb 1.20 m, hold 5 s, sweep +/-10 deg for the window, lock, line up 1.60 m in front of it and fly through to 0.50 m beyond, then land. Approach 0.30 m/s, traverse 0.45 m/s. Hard limit 240 s from the start of the climb. Press q to abort into a descent, k to force-disarm.
[course_fsm-5] [WARN] [1789427617.226603651] [course_fsm]: COURSE: window, then OVER the red bar (1.98 m, cross at 2.41 m), then UNDER the blue bar (0.80 m, cross at 0.48 m), then land 0.80 m past it. Gaps 1.00 / 1.00 m; every vertical move happens at a gap midpoint. Bars are flown on the known geometry along the window's traverse line. READY.
[course_fsm-5] [INFO] [1789427617.568274680] [course_fsm]: Waiting for VehicleStatus from PX4...
[course_fsm-5] [INFO] [1789427617.568636284] [course_fsm]: nav_state -> OFFBOARD(14)
[course_fsm-5] [INFO] [1789427617.578080733] [course_fsm]: PX4 failsafe (expected on this airframe, harmless): gcs_connection_lost, home_position_invalid
[course_fsm-5] [INFO] [1789427617.578804997] [course_fsm]: RNG still not fused (0.3 s): stage PREPARATION, alt n/a m. dist_bottom=n/a, no estimator_status_flags
[course_fsm-5] [ERROR] [1789427617.584139558] [course_fsm]: PX4 failsafe SET: offboard_control_signal_lost
[course_fsm-5] [ERROR] [1789427617.587411752] [course_fsm]: Not arming: rangefinder unusable: dist_bottom_valid is false and /fmu/out/estimator_status_flags is not being published, so there is no second opinion.
[window_detect-4] [INFO] [1789427617.591002064] [window_detect]: window: YES  centre=(653,211) offset=+0.02 area=2092px dist=4.22m
[course_fsm-5] [INFO] [1789427617.604551475] [course_fsm]: alt=n/a airborne=False xy_valid=True z_valid=True | dist_bottom=0.14 m rng_ok=False vz=+0.02 m/s landed=True | xy=VEL-HOLD flow_ok=False vxy=(-0.00,-0.00) | hdg=+5 deg yaw_sp=+0 deg
[course_fsm-5] [INFO] [1789427617.614015891] [course_fsm]: PX4 failsafe cleared: offboard_control_signal_lost
[course_fsm-5] [INFO] [1789427617.615645940] [course_fsm]: window: no usable pose (0/6 fresh samples, 0 accepted ever, 0 truncated; rejections: corner depths disagree x1)
[course_fsm-5] [WARN] [1789427617.738985436] [course_fsm]: RNG FUSION BACK after 0.51 s (lost in PREPARATION): stage PREPARATION, alt n/a m. dist_bottom=0.14 m (valid=False) rng_hgt=True rng_terrain=False kin_consistent=True fault=False stuck=False
[window_detect-4] [INFO] [1789427618.626105740] [window_detect]: window: YES  centre=(654,210) offset=+0.02 area=1287px dist=4.18m
[course_fsm-5] [INFO] [1789427618.645793648] [course_fsm]: alt=n/a airborne=False xy_valid=True z_valid=True | dist_bottom=0.14 m rng_ok=True vz=+0.01 m/s landed=True | xy=VEL-HOLD flow_ok=False vxy=(-0.00,-0.00) | hdg=+5 deg yaw_sp=+0 deg
[course_fsm-5] [INFO] [1789427618.691101957] [course_fsm]: Setpoint stream established, position estimate healthy.
[course_fsm-5] [INFO] [1789427618.745986222] [course_fsm]: Offboard mode active.
[course_fsm-5] [INFO] [1789427618.844808938] [course_fsm]: Arming point captured: x=0.57 y=0.11 z=-0.28 yaw=+5 deg. 'forward' means this heading for the whole flight.
[course_fsm-5] [WARN] [1789427618.849712156] [course_fsm]: ARMED. Holding on the ground for 5 s.
[course_fsm-5] [INFO] [1789427618.890589503] [course_fsm]: Armed on the ground, 5.0 s to takeoff...
[course_fsm-5] [INFO] [1789427619.641028797] [course_fsm]: window: no usable pose (0/6 fresh samples, 0 accepted ever, 0 truncated; rejections: corner depths disagree x16, window is not vertical x1)
[course_fsm-5] [INFO] [1789427619.692650267] [course_fsm]: alt=+0.00 m airborne=False xy_valid=True z_valid=True | dist_bottom=0.14 m rng_ok=True vz=+0.02 m/s landed=True | xy=VEL-HOLD flow_ok=False vxy=(-0.00,+0.03) | hdg=+5 deg yaw_sp=+5 deg
[window_detect-4] [INFO] [1789427619.760025328] [window_detect]: window: YES  centre=(653,211) offset=+0.02 area=2092px dist=4.20m
[course_fsm-5] [INFO] [1789427619.899739473] [course_fsm]: Armed on the ground, 4.0 s to takeoff...
[course_fsm-5] [INFO] [1789427620.706683388] [course_fsm]: alt=-0.00 m airborne=False xy_valid=True z_valid=True | dist_bottom=0.14 m rng_ok=True vz=+0.02 m/s landed=True | xy=VEL-HOLD flow_ok=False vxy=(-0.00,+0.02) | hdg=+5 deg yaw_sp=+5 deg
[window_detect-4] [INFO] [1789427620.787297621] [window_detect]: window: YES  centre=(654,210) offset=+0.02 area=1288px dist=4.16m
[course_fsm-5] [INFO] [1789427620.939009333] [course_fsm]: Armed on the ground, 2.9 s to takeoff...
[course_fsm-5] [INFO] [1789427621.645381327] [course_fsm]: window: no usable pose (0/6 fresh samples, 0 accepted ever, 0 truncated; rejections: corner depths disagree x31, window is not vertical x1)
[course_fsm-5] [INFO] [1789427621.742281806] [course_fsm]: alt=-0.00 m airborne=False xy_valid=True z_valid=True | dist_bottom=0.14 m rng_ok=True vz=+0.02 m/s landed=True | xy=VEL-HOLD flow_ok=False vxy=(+0.00,+0.00) | hdg=+5 deg yaw_sp=+5 deg
[window_detect-4] [INFO] [1789427621.821743400] [window_detect]: window: YES  centre=(654,210) offset=+0.02 area=1287px dist=4.15m
[course_fsm-5] [INFO] [1789427621.940028344] [course_fsm]: Armed on the ground, 1.9 s to takeoff...
[course_fsm-5] [INFO] [1789427622.753443319] [course_fsm]: alt=-0.00 m airborne=False xy_valid=True z_valid=True | dist_bottom=0.14 m rng_ok=True vz=+0.02 m/s landed=True | xy=VEL-HOLD flow_ok=False vxy=(-0.00,+0.00) | hdg=+5 deg yaw_sp=+5 deg
[window_detect-4] [INFO] [1789427622.855243099] [window_detect]: window: YES  centre=(654,210) offset=+0.02 area=1286px dist=4.17m
[course_fsm-5] [INFO] [1789427622.945383279] [course_fsm]: Armed on the ground, 0.9 s to takeoff...
[course_fsm-5] [INFO] [1789427623.690028782] [course_fsm]: window: no usable pose (0/6 fresh samples, 0 accepted ever, 0 truncated; rejections: corner depths disagree x37, window is not vertical x2)
[course_fsm-5] [INFO] [1789427623.762266005] [course_fsm]: alt=-0.00 m airborne=False xy_valid=True z_valid=True | dist_bottom=0.14 m rng_ok=True vz=+0.02 m/s landed=True | xy=VEL-HOLD flow_ok=False vxy=(-0.00,-0.00) | hdg=+5 deg yaw_sp=+5 deg
[course_fsm-5] [WARN] [1789427623.893165116] [course_fsm]: Climbing to 1.20 m (datum z=-0.28).
[window_detect-4] [INFO] [1789427623.897563043] [window_detect]: window: YES  centre=(653,210) offset=+0.02 area=1446px dist=4.17m
[course_fsm-5] [WARN] [1789427623.944259781] [course_fsm]: Flight clock started: landing in 240 s.
[course_fsm-5] [INFO] [1789427624.797095627] [course_fsm]: alt=-0.00 m airborne=False xy_valid=True z_valid=True | dist_bottom=0.14 m rng_ok=True vz=+0.01 m/s landed=True | xy=VEL-HOLD flow_ok=False vxy=(+0.01,+0.01) | hdg=+5 deg yaw_sp=+5 deg
[window_detect-4] [INFO] [1789427624.959987804] [window_detect]: window: YES  centre=(653,211) offset=+0.02 area=2092px dist=4.14m
[course_fsm-5] [WARN] [1789427625.026411499] [course_fsm]: EKF2 HEADING reset: delta=-0.6 deg. Shifted the commanded yaw with it, so the airframe holds the direction it is actually pointing instead of spinning to the old setpoint.
[course_fsm-5] [WARN] [1789427625.027816742] [course_fsm]: EKF2 height reset: delta_z=-0.01 m, shifted altitude reference to match.
[course_fsm-5] [INFO] [1789427625.695504053] [course_fsm]: window: no usable pose (0/6 fresh samples, 0 accepted ever, 0 truncated; rejections: corner depths disagree x50, window is not vertical x2)
[course_fsm-5] [INFO] [1789427625.840389749] [course_fsm]: alt=+0.15 m airborne=True xy_valid=True z_valid=True | dist_bottom=0.15 m rng_ok=True vz=-0.10 m/s landed=False | xy=VEL-HOLD flow_ok=False vxy=(-0.02,-0.01) | hdg=+4 deg yaw_sp=+4 deg
[window_detect-4] [INFO] [1789427626.060791575] [window_detect]: window: YES  centre=(653,208) offset=+0.02 area=2248px dist=5.01m
[course_fsm-5] [INFO] [1789427626.844126476] [course_fsm]: alt=+0.19 m airborne=True xy_valid=True z_valid=True | dist_bottom=0.17 m rng_ok=True vz=-0.08 m/s landed=False | xy=VEL-HOLD flow_ok=False vxy=(-0.05,-0.05) | hdg=+4 deg yaw_sp=+4 deg
[window_detect-4] [INFO] [1789427627.091009826] [window_detect]: window: YES  centre=(653,203) offset=+0.02 area=1291px dist=4.94m
[course_fsm-5] [INFO] [1789427627.702300360] [course_fsm]: window: no usable pose (0/6 fresh samples, 0 accepted ever, 0 truncated; rejections: corner depths disagree x58, window is not vertical x2)
[course_fsm-5] [INFO] [1789427627.888003089] [course_fsm]: alt=+0.16 m airborne=True xy_valid=True z_valid=True | dist_bottom=0.16 m rng_ok=True vz=-0.06 m/s landed=False | xy=VEL-HOLD flow_ok=False vxy=(+0.03,-0.01) | hdg=+7 deg yaw_sp=+4 deg
[window_detect-4] [INFO] [1789427628.222799748] [window_detect]: window: YES  centre=(548,150) offset=-0.14 area=1665px dist=6.30m
[course_fsm-5] [INFO] [1789427628.888106430] [course_fsm]: alt=+0.17 m airborne=True xy_valid=True z_valid=True | dist_bottom=0.19 m rng_ok=True vz=+0.03 m/s landed=False | xy=VEL-HOLD flow_ok=False vxy=(+0.30,+0.47) | hdg=+9 deg yaw_sp=+4 deg
[window_detect-4] [INFO] [1789427629.329389406] [window_detect]: window: YES  centre=(514,187) offset=-0.20 area=2399px dist=2.21m
[course_fsm-5] [INFO] [1789427629.740734643] [course_fsm]: window: no usable pose (0/6 fresh samples, 0 accepted ever, 0 truncated; rejections: corner depths disagree x70, window is not vertical x2, implausible window size x2)
[course_fsm-5] [INFO] [1789427629.892356909] [course_fsm]: alt=+0.10 m airborne=False xy_valid=True z_valid=True | dist_bottom=0.12 m rng_ok=True vz=+0.08 m/s landed=False | xy=VEL-HOLD flow_ok=False vxy=(-0.07,-0.28) | hdg=-3 deg yaw_sp=+4 deg
[window_detect-4] [INFO] [1789427630.330152549] [window_detect]: window: YES  centre=(632,96) offset=-0.01 area=2438px dist=2.27m
[course_fsm-5] [INFO] [1789427630.942756505] [course_fsm]: alt=+0.34 m airborne=True xy_valid=True z_valid=True | dist_bottom=0.29 m rng_ok=True vz=-0.75 m/s landed=False | xy=VEL-HOLD flow_ok=False vxy=(-0.37,-0.38) | hdg=-41 deg yaw_sp=+4 deg
[window_detect-4] [WARN] [1789427631.231643370] [window_detect]: Window LOST.
[window_detect-4] [INFO] [1789427631.366002015] [window_detect]: window: no   (streak 6 misses, 168 frames processed, 334 skipped by max_fps=10)
[course_fsm-5] [INFO] [1789427631.741706374] [course_fsm]: window: window in sight but TRUNCATED (0 px to the frame edge, 4 such frames) -- not measurable until the whole aperture is in view
[window_detect-4] [WARN] [1789427631.898848393] [window_detect]: WINDOW DETECTED  (centre=(1132,159) offset=+0.77 area=37970px dist=2.73m)
[course_fsm-5] [INFO] [1789427631.991903757] [course_fsm]: Flow healthy: latching x/y hold at (0.38, 0.32).
[course_fsm-5] [WARN] [1789427631.992752547] [course_fsm]: Drifted 0.28 m during the climb; holding here rather than flying back to the arming point (takeoff_return_to_pad is false). If this number is large every flight, the drift is real: check SENS_FLOW_ROT, the flow mounting and the floor texture.
[course_fsm-5] [INFO] [1789427631.993655512] [course_fsm]: alt=+0.75 m airborne=True xy_valid=True z_valid=True | dist_bottom=0.89 m rng_ok=True vz=+0.07 m/s landed=False | xy=POS-HOLD flow_ok=True vxy=(-0.13,+0.23) | hdg=-47 deg yaw_sp=+4 deg
[window_detect-4] [INFO] [1789427632.366073927] [window_detect]: window: YES  centre=(1033,165) offset=+0.61 area=90158px dist=2.55m
[course_fsm-5] [INFO] [1789427632.994764611] [course_fsm]: alt=+1.04 m airborne=True xy_valid=True z_valid=True | dist_bottom=1.10 m rng_ok=True vz=-0.06 m/s landed=False | xy=POS-HOLD flow_ok=True vxy=(+0.19,+0.15) | hdg=-14 deg yaw_sp=+4 deg
[window_detect-4] [INFO] [1789427633.460763362] [window_detect]: window: YES  centre=(826,142) offset=+0.29 area=20956px dist=2.54m
[course_fsm-5] [INFO] [1789427633.748101460] [course_fsm]: window: window in sight but TRUNCATED (0 px to the frame edge, 18 such frames) -- not measurable until the whole aperture is in view
[course_fsm-5] [INFO] [1789427634.044457763] [course_fsm]: alt=+1.12 m airborne=True xy_valid=True z_valid=True | dist_bottom=1.12 m rng_ok=True vz=-0.08 m/s landed=False | xy=POS-HOLD flow_ok=True vxy=(+0.08,+0.01) | hdg=-10 deg yaw_sp=+4 deg
[course_fsm-5] [WARN] [1789427634.389435440] [course_fsm]: Vehicle disarmed by PX4. Stopping.
[course_fsm-5] [INFO] [1789427634.445656908] [course_fsm]: Idle. Ctrl-C to exit.
[window_detect-4] [INFO] [1789427634.467470589] [window_detect]: window: YES  centre=(859,73) offset=+0.34 area=6818px dist=0.96m
[window_detect-4] [INFO] [1789427635.590635788] [window_detect]: window: YES  centre=(866,46) offset=+0.35 area=2221px dist=0.99m
[window_detect-4] [WARN] [1789427635.722204815] [window_detect]: Window LOST.
[window_detect-4] [WARN] [1789427636.095683040] [window_detect]: WINDOW DETECTED  (centre=(493,249) offset=-0.23 area=3252px dist=1.27m)
[course_fsm-5] [ERROR] [1789427636.232207832] [course_fsm]: PX4 failsafe SET: offboard_control_signal_lost
[window_detect-4] [INFO] [1789427636.607528596] [window_detect]: window: YES  centre=(454,198) offset=-0.29 area=9143px dist=0.00m
[window_detect-4] [WARN] [1789427637.524360798] [window_detect]: Window LOST.
[window_detect-4] [INFO] [1789427637.664066126] [window_detect]: window: no   (streak 0 misses, 215 frames processed, 430 skipped by max_fps=10)
[window_detect-4] [WARN] [1789427637.891905668] [window_detect]: WINDOW DETECTED  (centre=(581,318) offset=-0.09 area=998px dist=1.19m)
[window_detect-4] [INFO] [1789427638.893234158] [window_detect]: window: YES  centre=(638,389) offset=-0.00 area=3930px dist=1.27m
[course_fsm-5] [INFO] [1789427639.488414489] [course_fsm]: Idle. Ctrl-C to exit.
[window_detect-4] [INFO] [1789427640.026064094] [window_detect]: window: YES  centre=(425,207) offset=-0.34 area=144858px dist=6.66m
[course_fsm-5] [ERROR] [1789427641.046987825] [course_fsm]: PX4 failsafe SET: local_velocity_invalid
[window_detect-4] [INFO] [1789427641.056289108] [window_detect]: window: YES  centre=(654,179) offset=+0.02 area=8427px dist=6.71m
[window_detect-4] [INFO] [1789427642.170431451] [window_detect]: window: YES  centre=(758,144) offset=+0.18 area=1642px dist=3.66m
[course_fsm-5] [INFO] [1789427642.253187543] [course_fsm]: PX4 failsafe cleared: local_velocity_invalid
[window_detect-4] [INFO] [1789427643.300626194] [window_detect]: window: YES  centre=(753,149) offset=+0.18 area=1696px dist=4.51m
[window_detect-4] [INFO] [1789427644.397546704] [window_detect]: window: YES  centre=(753,148) offset=+0.18 area=1539px dist=4.54m
[course_fsm-5] [INFO] [1789427644.538904453] [course_fsm]: Idle. Ctrl-C to exit.
[window_detect-4] [INFO] [1789427645.495268546] [window_detect]: window: YES  centre=(742,151) offset=+0.16 area=1690px dist=2.90m
[course_fsm-5] [ERROR] [1789427646.564414927] [course_fsm]: PX4 failsafe SET: local_velocity_invalid
[window_detect-4] [INFO] [1789427646.578053142] [window_detect]: window: YES  centre=(728,153) offset=+0.14 area=1505px dist=2.48m
[window_detect-4] [INFO] [1789427647.591742272] [window_detect]: window: YES  centre=(715,170) offset=+0.12 area=1368px dist=5.21m
[window_detect-4] [INFO] [1789427648.715842438] [window_detect]: window: YES  centre=(678,169) offset=+0.06 area=88px dist=3.19m
[course_fsm-5] [INFO] [1789427649.132834072] [course_fsm]: PX4 failsafe cleared: local_velocity_invalid
[course_fsm-5] [INFO] [1789427649.541665441] [course_fsm]: Idle. Ctrl-C to exit.
[window_detect-4] [INFO] [1789427649.733730363] [window_detect]: window: YES  centre=(671,193) offset=+0.05 area=309px dist=5.32m
[window_detect-4] [INFO] [1789427650.772552586] [window_detect]: window: YES  centre=(624,216) offset=-0.03 area=167px dist=3.32m
[window_detect-4] [INFO] [1789427651.847776443] [window_detect]: window: YES  centre=(617,258) offset=-0.04 area=160px dist=4.66m
[window_detect-4] [INFO] [1789427652.960794125] [window_detect]: window: YES  centre=(611,231) offset=-0.05 area=78px dist=6.45m
[window_detect-4] [INFO] [1789427654.009488067] [window_detect]: window: YES  centre=(640,204) offset=-0.00 area=626px dist=5.74m
[course_fsm-5] [INFO] [1789427654.547741001] [course_fsm]: Idle. Ctrl-C to exit.
[window_detect-4] [INFO] [1789427655.081389638] [window_detect]: window: YES  centre=(654,212) offset=+0.02 area=215px dist=4.30m
[window_detect-4] [INFO] [1789427656.141524688] [window_detect]: window: YES  centre=(684,208) offset=+0.07 area=942px dist=4.83m
[window_detect-4] [INFO] [1789427657.193392004] [window_detect]: window: YES  centre=(635,219) offset=-0.01 area=86px dist=3.59m
[window_detect-4] [INFO] [1789427658.227550724] [window_detect]: window: YES  centre=(630,220) offset=-0.01 area=252px dist=3.11m
[window_detect-4] [INFO] [1789427659.270012538] [window_detect]: window: YES  centre=(631,218) offset=-0.01 area=258px dist=0.00m
[course_fsm-5] [INFO] [1789427659.586878154] [course_fsm]: Idle. Ctrl-C to exit.
[window_detect-4] [INFO] [1789427660.398976183] [window_detect]: window: YES  centre=(629,219) offset=-0.02 area=336px dist=3.36m
[window_detect-4] [INFO] [1789427661.400654850] [window_detect]: window: YES  centre=(629,219) offset=-0.02 area=338px dist=3.34m
[window_detect-4] [INFO] [1789427662.475231666] [window_detect]: window: YES  centre=(630,218) offset=-0.02 area=84px dist=3.33m
[window_detect-4] [INFO] [1789427663.546888810] [window_detect]: window: YES  centre=(630,218) offset=-0.02 area=88px dist=3.28m
[window_detect-4] [INFO] [1789427664.547580080] [window_detect]: window: YES  centre=(632,218) offset=-0.01 area=2px dist=3.33m
[course_fsm-5] [INFO] [1789427664.597261362] [course_fsm]: Idle. Ctrl-C to exit.
[window_detect-4] [INFO] [1789427665.647573268] [window_detect]: window: YES  centre=(630,218) offset=-0.01 area=90px dist=3.35m
[window_detect-4] [INFO] [1789427666.689260838] [window_detect]: window: YES  centre=(629,218) offset=-0.02 area=8px dist=3.34m
[window_detect-4] [INFO] [1789427667.760676942] [window_detect]: window: YES  centre=(628,219) offset=-0.02 area=159px dist=3.33m
^C[WARNING] [launch]: user interrupted with ctrl-c (SIGINT)
[component_container_isolated-3] [INFO] [1789427667.844159073] [rclcpp]: signal_handler(SIGINT/SIGTERM)
[component_container_isolated-3] [INFO] [1789427667.909122792] [zed.zed_node]: === CLOSING CAMERA ===
[component_container_isolated-3] [INFO] [1789427668.225422925] [zed.zed_node]: === CAMERA CLOSED ===
[component_container_isolated-3] Warning: class_loader.ClassLoader: SEVERE WARNING!!! Attempting to unload library while objects created by this loader exist in the heap! You should delete your objects before attempting to unload the library or destroying the ClassLoader. The library will NOT be unloaded.
[component_container_isolated-3]          at line 127 in ./src/class_loader.cpp
[component_container_isolated-3] Warning: class_loader.ClassLoader: SEVERE WARNING!!! Attempting to unload library while objects created by this loader exist in the heap! You should delete your objects before attempting to unload the library or destroying the ClassLoader. The library will NOT be unloaded.
[component_container_isolated-3]          at line 127 in ./src/class_loader.cpp
[component_container_isolated-3] Warning: class_loader.ClassLoader: SEVERE WARNING!!! Attempting to unload library while objects created by this loader exist in the heap! You should delete your objects before attempting to unload the library or destroying the ClassLoader. The library will NOT be unloaded.
[component_container_isolated-3]          at line 127 in ./src/class_loader.cpp
[component_container_isolated-3] Warning: class_loader.ClassLoader: SEVERE WARNING!!! Attempting to unload library while objects created by this loader exist in the heap! You should delete your objects before attempting to unload the library or destroying the ClassLoader. The library will NOT be unloaded.
[component_container_isolated-3]          at line 127 in ./src/class_loader.cpp
[component_container_isolated-3] Warning: class_loader.ClassLoader: SEVERE WARNING!!! Attempting to unload library while objects created by this loader exist in the heap! You should delete your objects before attempting to unload the library or destroying the ClassLoader. The library will NOT be unloaded.
[component_container_isolated-3]          at line 127 in ./src/class_loader.cpp
[ERROR] [micro_ros_agent-1]: process has died [pid 5580, exit code -2, cmd '/home/ark-jetson-orin/imav26_ws/install/micro_ros_agent/lib/micro_ros_agent/micro_ros_agent serial --dev /dev/ttyTHS1 -b 921600 --ros-args -r __node:=micro_xrce_dds_agent'].
[INFO] [robot_state_publisher-2]: process has finished cleanly [pid 5581]
[INFO] [course_fsm-5]: process has finished cleanly [pid 5917]
[robot_state_publisher-2] [INFO] [1789427667.844440193] [rclcpp]: signal_handler(SIGINT/SIGTERM)
[course_fsm-5] [WARN] [1789427667.845466714] [course_fsm]: Course outcome: not attempted.
[course_fsm-5] Failed to publish log message to rosout: publisher's context is invalid, at ./src/rcl/publisher.c:423
[course_fsm-5] [WARN] [1789427667.846525867] [course_fsm]: Traverse outcome: not attempted. 0 geometry samples accepted of 357 received; rejections: corner depths disagree x274, implausible window size x41, window is not vertical x3.
[course_fsm-5] Failed to publish log message to rosout: publisher's context is invalid, at ./src/rcl/publisher.c:423
[window_detect-4] Traceback (most recent call last):
[window_detect-4]   File "/home/ark-jetson-orin/imav26_ws/install/drone_testing/lib/drone_testing/window_detect", line 33, in <module>
[window_detect-4]     sys.exit(load_entry_point('drone_testing==0.0.0', 'console_scripts', 'window_detect')())
[window_detect-4]              ^^^^^^^^^^^^^^^^^^^^^^^^^^^^^^^^^^^^^^^^^^^^^^^^^^^^^^^^^^^^^^^^^^^^^^^^^^^^^^
[window_detect-4]   File "/home/ark-jetson-orin/imav26_ws/install/drone_testing/lib/python3.12/site-packages/drone_testing/window_detect.py", line 1055, in main
[window_detect-4]     rclpy.shutdown()
[window_detect-4]   File "/opt/ros/jazzy/lib/python3.12/site-packages/rclpy/__init__.py", line 134, in shutdown
[window_detect-4]     _shutdown(context=context)
[window_detect-4]   File "/opt/ros/jazzy/lib/python3.12/site-packages/rclpy/utilities.py", line 82, in shutdown
[window_detect-4]     context.shutdown()
[window_detect-4]   File "/opt/ros/jazzy/lib/python3.12/site-packages/rclpy/context.py", line 129, in shutdown
[window_detect-4]     self.__context.shutdown()
[window_detect-4] rclpy._rclpy_pybind11.RCLError: failed to shutdown: rcl_shutdown already called on the given context, at ./src/rcl/init.c:333
[ERROR] [window_detect-4]: process has died [pid 5771, exit code 1, cmd '/home/ark-jetson-orin/imav26_ws/install/drone_testing/lib/drone_testing/window_detect --ros-args -r __node:=window_detect --params-file /tmp/launch_params_4cfmezf3'].
[INFO] [component_container_isolated-3]: process has finished cleanly [pid 5582]
ark-jetson-orin@localhost:~/imav26_ws$ ros2 launch drone_testing course_mission.launch.py agent_only:=false
[INFO] [launch]: All log files can be found below /home/ark-jetson-orin/.ros/log/2026-09-15-04-44-33-256760-localhost.localdomain-6562
[INFO] [launch]: Default logging verbosity is set to INFO
[INFO] [launch.user]: Using common configuration file: /home/ark-jetson-orin/imav26_ws/install/zed_wrapper/share/zed_wrapper/config/common_stereo.yaml
[INFO] [launch.user]: Using camera configuration file: /home/ark-jetson-orin/imav26_ws/install/zed_wrapper/share/zed_wrapper/config/zed.yaml
[INFO] [launch.user]: Using Object Detection configuration file: /home/ark-jetson-orin/imav26_ws/install/zed_wrapper/share/zed_wrapper/config/object_detection.yaml
[INFO] [launch.user]: Using Custom Object Detection configuration file: /home/ark-jetson-orin/imav26_ws/install/zed_wrapper/share/zed_wrapper/config/custom_object_detection.yaml
[INFO] [launch.user]: NITROS not installed, skipping IPC/NITROS conflict check.
[INFO] [launch.user]: Loading ZED node `zed_node` in container `/zed/zed_container`
[INFO] [micro_ros_agent-1]: process started with pid [6590]
[INFO] [robot_state_publisher-2]: process started with pid [6591]
[INFO] [component_container_isolated-3]: process started with pid [6592]
[micro_ros_agent-1] [1789427674.430569] info     | TermiosAgentLinux.cpp | init                     | running...             | fd: 12
[micro_ros_agent-1] [1789427674.431018] info     | Root.cpp           | set_verbose_level        | logger setup           | verbose_level: 4
[robot_state_publisher-2] [INFO] [1789427674.460390388] [zed.zed_state_publisher]: Robot initialized
[component_container_isolated-3] [INFO] [1789427674.715503196] [zed.zed_container]: Load Library: /home/ark-jetson-orin/imav26_ws/install/zed_components/lib/libzed_camera_component.so
[component_container_isolated-3] [INFO] [1789427674.788986872] [zed.zed_container]: Found class: rclcpp_components::NodeFactoryTemplate<stereolabs::ZedCamera>
[component_container_isolated-3] [INFO] [1789427674.789121115] [zed.zed_container]: Instantiate class: rclcpp_components::NodeFactoryTemplate<stereolabs::ZedCamera>
[micro_ros_agent-1] [1789427674.864327] info     | Root.cpp           | create_client            | create                 | client_key: 0x00000001, session_id: 0x81
[micro_ros_agent-1] [1789427674.864435] info     | SessionManager.hpp | establish_session        | session established    | client_key: 0x00000001, address: 1
[component_container_isolated-3] [INFO] [1789427674.915502871] [zed.zed_node]: ================================
[component_container_isolated-3] [INFO] [1789427674.915573467] [zed.zed_node]:       ZED Camera Component 
[component_container_isolated-3] [INFO] [1789427674.915587881] [zed.zed_node]: ================================
[component_container_isolated-3] [INFO] [1789427674.915597363] [zed.zed_node]:  * IPC: enabled
[INFO] [launch_ros.actions.load_composable_nodes]: Loaded node '/zed/zed_node' in container '/zed/zed_container'
[component_container_isolated-3] [INFO] [1789427674.965855749] [zed.zed_node]:  * namespace: /zed
[component_container_isolated-3] [INFO] [1789427674.965937813] [zed.zed_node]:  * node name: zed_node
[component_container_isolated-3] [INFO] [1789427674.965953252] [zed.zed_node]: ================================
[component_container_isolated-3] [INFO] [1789427674.965963886] [zed.zed_node]: Starting node initialization...
[component_container_isolated-3] [INFO] [1789427674.966022472] [zed.zed_node]: === DEBUG parameters ===
[component_container_isolated-3] [INFO] [1789427674.966382631] [zed.zed_node]:  * SDK Verbose: 1
[component_container_isolated-3] [INFO] [1789427674.966738625] [zed.zed_node]:  * Use Pub Timestamps: FALSE
[component_container_isolated-3] [INFO] [1789427674.966905060] [zed.zed_node]:  * SDK Verbose File: 
[component_container_isolated-3] [INFO] [1789427674.967072807] [zed.zed_node]:  * Debug Common: FALSE
[component_container_isolated-3] [INFO] [1789427674.967195647] [zed.zed_node]:  * Debug Dynamic Parameters: FALSE
[component_container_isolated-3] [INFO] [1789427674.967356027] [zed.zed_node]:  * Debug Grab (low level): FALSE
[component_container_isolated-3] [INFO] [1789427674.967495875] [zed.zed_node]:  * Debug Simulation: FALSE
[component_container_isolated-3] [INFO] [1789427674.967612982] [zed.zed_node]:  * Debug Video/Depth: FALSE
[component_container_isolated-3] [INFO] [1789427674.967739857] [zed.zed_node]:  * Debug Control settings: FALSE
[component_container_isolated-3] [INFO] [1789427674.967853504] [zed.zed_node]:  * Debug Point Cloud: FALSE
[component_container_isolated-3] [INFO] [1789427674.967978458] [zed.zed_node]:  * Debug TF: FALSE
[component_container_isolated-3] [INFO] [1789427674.968079228] [zed.zed_node]:  * Debug Positional Tracking: FALSE
[component_container_isolated-3] [INFO] [1789427674.968190472] [zed.zed_node]:  * Debug GNSS: FALSE
[component_container_isolated-3] [INFO] [1789427674.968296207] [zed.zed_node]:  * Debug sensors: FALSE
[component_container_isolated-3] [INFO] [1789427674.968405946] [zed.zed_node]:  * Debug Mapping: FALSE
[component_container_isolated-3] [INFO] [1789427674.968512835] [zed.zed_node]:  * Debug Object Detection: FALSE
[component_container_isolated-3] [INFO] [1789427674.968639198] [zed.zed_node]:  * Debug Body Tracking: FALSE
[component_container_isolated-3] [INFO] [1789427674.968744708] [zed.zed_node]:  * Debug Streaming: FALSE
[component_container_isolated-3] [INFO] [1789427674.968871264] [zed.zed_node]:  * Debug ROI: FALSE
[component_container_isolated-3] [INFO] [1789427674.968988274] [zed.zed_node]:  * Debug Nitros: FALSE
[component_container_isolated-3] [INFO] [1789427674.969087923] [zed.zed_node]:  * Debug Advanced: FALSE
[component_container_isolated-3] [INFO] [1789427674.969146700] [zed.zed_node]: === TOPIC selection parameters ===
[component_container_isolated-3] [INFO] [1789427674.969259482] [zed.zed_node]:  * Publish Status: TRUE
[component_container_isolated-3] [INFO] [1789427674.969624158] [zed.zed_node]:  * Image format: BGRA 32-bit
[component_container_isolated-3] [INFO] [1789427674.969762052] [zed.zed_node]:  * Publish Left/Right images: FALSE
[component_container_isolated-3] [INFO] [1789427674.969878389] [zed.zed_node]:  * Publish Raw images: FALSE
[component_container_isolated-3] [INFO] [1789427674.969988673] [zed.zed_node]:  * Publish Gray images: FALSE
[component_container_isolated-3] [INFO] [1789427674.970132781] [zed.zed_node]:  * Publish RGB image: TRUE
[component_container_isolated-3] [INFO] [1789427674.970231117] [zed.zed_node]:  * Publish Stereo image: FALSE
[component_container_isolated-3] [INFO] [1789427674.970317313] [zed.zed_node]:  * Publish ROI Mask image: FALSE
[component_container_isolated-3] [INFO] [1789427674.970409979] [zed.zed_node]:  * Publish Depth Map: TRUE
[component_container_isolated-3] [INFO] [1789427674.970533524] [zed.zed_node]:  * Publish Depth Info: FALSE
[component_container_isolated-3] [INFO] [1789427674.970634646] [zed.zed_node]:  * Publish Point Cloud: TRUE
[component_container_isolated-3] [INFO] [1789427674.970726512] [zed.zed_node]:  * Publish Depth Confidence: FALSE
[component_container_isolated-3] [INFO] [1789427674.970822445] [zed.zed_node]:  * Publish Disparity: FALSE
[component_container_isolated-3] [INFO] [1789427674.970927123] [zed.zed_node]:  * Publish IMU: TRUE
[component_container_isolated-3] [INFO] [1789427674.971015465] [zed.zed_node]:  * Publish IMU Raw: FALSE
[component_container_isolated-3] [INFO] [1789427674.971112232] [zed.zed_node]:  * Publish LeftCam/IMU Transf.: FALSE
[component_container_isolated-3] [INFO] [1789427674.971205346] [zed.zed_node]:  * Publish Magnetometer: FALSE
[component_container_isolated-3] [INFO] [1789427674.971310889] [zed.zed_node]:  * Publish Barometer: FALSE
[component_container_isolated-3] [INFO] [1789427674.971396797] [zed.zed_node]:  * Publish Temperature: FALSE
[component_container_isolated-3] [INFO] [1789427674.971570502] [zed.zed_node]:  * Publish Odometry/Pose: TRUE
[component_container_isolated-3] [INFO] [1789427674.971684533] [zed.zed_node]:  * Publish Pose with Covariance: FALSE
[component_container_isolated-3] [INFO] [1789427674.971795169] [zed.zed_node]:  * Publish Camera Path: FALSE
[component_container_isolated-3] [INFO] [1789427674.971878547] [zed.zed_node]:  * Publish Detection Plane: FALSE
[component_container_isolated-3] [INFO] [1789427674.971985210] [zed.zed_node]: === SVO RECORDING parameters ===
[component_container_isolated-3] [INFO] [1789427674.972075731] [zed.zed_node]:  * SVO Encoding preset: DEFAULT
[component_container_isolated-3] [INFO] [1789427674.972122272] [zed.zed_node]: === SVO INPUT parameters ===
[component_container_isolated-3] [INFO] [1789427674.972215579] [zed.zed_node]:  * SVO input: DISABLED
[component_container_isolated-3] [INFO] [1789427674.972256066] [zed.zed_node]: === LOCAL STREAMING parameters ===
[component_container_isolated-3] [INFO] [1789427674.972398862] [zed.zed_node]:  * Local stream input: DISABLED
[component_container_isolated-3] [INFO] [1789427674.972428458] [zed.zed_node]: === GENERAL parameters ===
[component_container_isolated-3] [INFO] [1789427674.972585700] [zed.zed_node]:  * Camera model: zed - ZED
[component_container_isolated-3] [INFO] [1789427674.972729296] [zed.zed_node]:  * Camera name: zed
[component_container_isolated-3] [INFO] [1789427674.972912130] [zed.zed_node]:  * Camera SN: 0
[component_container_isolated-3] [INFO] [1789427674.973076258] [zed.zed_node]:  * Camera ID: -1
[component_container_isolated-3] [INFO] [1789427674.973219309] [zed.zed_node]:  * Camera timeout [sec]: 5
[component_container_isolated-3] [INFO] [1789427674.973359478] [zed.zed_node]:  * Camera reconnection temptatives: 5
[component_container_isolated-3] [INFO] [1789427674.973522677] [zed.zed_node]:  * Camera framerate: 30
[component_container_isolated-3] [INFO] [1789427674.973664607] [zed.zed_node]:  * GPU ID: -1
[component_container_isolated-3] [INFO] [1789427674.973837191] [zed.zed_node]:  * Asynchronous image retrieval: FALSE
[component_container_isolated-3] [INFO] [1789427674.973977776] [zed.zed_node]:  * Image Validity Check: 1
[component_container_isolated-3] [INFO] [1789427674.974153371] [zed.zed_node]:  * Camera resolution: HD720
[component_container_isolated-3] [INFO] [1789427674.974361542] [zed.zed_node]:  * Publishing resolution: NATIVE
[component_container_isolated-3] [INFO] [1789427674.974525959] [zed.zed_node]:  * OpenCV custom calibration: 
[component_container_isolated-3] [INFO] [1789427674.974682944] [zed.zed_node]:  * Camera self calibration: TRUE
[component_container_isolated-3] [INFO] [1789427674.974801971] [zed.zed_node]:  * Camera flip: FALSE
[component_container_isolated-3] [INFO] [1789427674.975013890] [zed.zed_node]:  * Publish framerate [Hz]:  0 [DYNAMIC]
[component_container_isolated-3] [INFO] [1789427674.975138588] [zed.zed_node]:  * Grab Compute Capping FPS: 0
[component_container_isolated-3] [INFO] [1789427674.975230293] [zed.zed_node]:  * SDK Monotonic Clock: FALSE
[component_container_isolated-3] [INFO] [1789427674.975278980] [zed.zed_node]: === VIDEO parameters ===
[component_container_isolated-3] [INFO] [1789427674.975401916] [zed.zed_node]:  * Brightness: 4 [DYNAMIC]
[component_container_isolated-3] [INFO] [1789427674.975526325] [zed.zed_node]:  * Contrast: 4 [DYNAMIC]
[component_container_isolated-3] [INFO] [1789427674.975622419] [zed.zed_node]:  * Hue: 0 [DYNAMIC]
[component_container_isolated-3] [INFO] [1789427674.975714733] [zed.zed_node]:  * Saturation: 4 [DYNAMIC]
[component_container_isolated-3] [INFO] [1789427674.975817906] [zed.zed_node]:  * Sharpness: 4 [DYNAMIC]
[component_container_isolated-3] [INFO] [1789427674.975937062] [zed.zed_node]:  * Gamma: 8 [DYNAMIC]
[component_container_isolated-3] [INFO] [1789427674.976034052] [zed.zed_node]:  * Auto Exposure/Gain: TRUE [DYNAMIC]
[component_container_isolated-3] [INFO] [1789427674.976145233] [zed.zed_node]:  * Exposure: 80 [DYNAMIC]
[component_container_isolated-3] [INFO] [1789427674.976254811] [zed.zed_node]:  * Gain: 80 [DYNAMIC]
[component_container_isolated-3] [INFO] [1789427674.976384634] [zed.zed_node]:  * Auto White Balance: TRUE [DYNAMIC]
[component_container_isolated-3] [INFO] [1789427674.976483706] [zed.zed_node]:  * White Balance Temperature: 42 [DYNAMIC]
[component_container_isolated-3] [INFO] [1789427674.976524290] [zed.zed_node]: === DEPTH parameters ===
[component_container_isolated-3] [INFO] [1789427674.976663882] [zed.zed_node]:  * Depth mode: NEURAL LIGHT [4]
[component_container_isolated-3] [INFO] [1789427674.976759655] [zed.zed_node]:  * Min depth [m]: 0.7
[component_container_isolated-3] [INFO] [1789427674.976869779] [zed.zed_node]:  * Max depth [m]: 8
[component_container_isolated-3] [INFO] [1789427674.976951042] [zed.zed_node]:  * Depth Stabilization: -1
[component_container_isolated-3] [INFO] [1789427674.977031440] [zed.zed_node]:  * OpenNI mode (16bit depth): FALSE
[component_container_isolated-3] [INFO] [1789427674.977121576] [zed.zed_node]:  * Point cloud rate [Hz]: 10
[component_container_isolated-3] [INFO] [1789427674.977235383] [zed.zed_node]:  * Point cloud resolution: COMPACT
[component_container_isolated-3] [INFO] [1789427674.977316486] [zed.zed_node]:  * Voxel Point Cloud: FALSE [DYNAMIC]
[component_container_isolated-3] [INFO] [1789427674.977407423] [zed.zed_node]:  * Voxel Size [mm]: -1 [DYNAMIC]
[component_container_isolated-3] [INFO] [1789427674.977492658] [zed.zed_node]:  * Voxel Resolution Mode: STEREO_UNCERTAINTY
[component_container_isolated-3] [INFO] [1789427674.977588623] [zed.zed_node]:  * Voxel Resolution Scale: 0.2 [DYNAMIC]
[component_container_isolated-3] [INFO] [1789427674.977656241] [zed.zed_node]:  * Depth Confidence: 95 [DYNAMIC]
[component_container_isolated-3] [INFO] [1789427674.977717645] [zed.zed_node]:  * Depth Texture Confidence: 100 [DYNAMIC]
[component_container_isolated-3] [INFO] [1789427674.977841253] [zed.zed_node]:  * Remove saturated areas: TRUE [DYNAMIC]
[component_container_isolated-3] [INFO] [1789427674.977873253] [zed.zed_node]: === POSITIONAL TRACKING parameters ===
[component_container_isolated-3] [INFO] [1789427674.982839757] [zed.zed_node]:  * Map frame id: map
[component_container_isolated-3] [INFO] [1789427674.983130216] [zed.zed_node]:  * Odometry frame id: odom
[component_container_isolated-3] [INFO] [1789427674.983304401] [zed.zed_node]:  * Positional tracking enabled: TRUE
[component_container_isolated-3] [INFO] [1789427674.983522598] [zed.zed_node]:  * Positional tracking mode [AUTO]: GEN 3
[component_container_isolated-3] [INFO] [1789427674.983641178] [zed.zed_node]:  * Broadcast Odometry TF: FALSE
[component_container_isolated-3] [INFO] [1789427674.983747649] [zed.zed_node]:  * Depth minimum range: 0
[component_container_isolated-3] [INFO] [1789427674.983843166] [zed.zed_node]:  * TF timestamp offset: 0 [DYNAMIC]
[component_container_isolated-3] [INFO] [1789427674.983955084] [zed.zed_node]:  * Path publishing rate: 2 [DYNAMIC]
[component_container_isolated-3] [INFO] [1789427674.984097558] [zed.zed_node]:  * Path history lenght: -1
[component_container_isolated-3] [INFO] [1789427674.984210597] [zed.zed_node]:  * Initial pose: [0,0,0,0,0,0,]
[component_container_isolated-3] [INFO] [1789427674.984321681] [zed.zed_node]:  * Area Memory: TRUE
[component_container_isolated-3] [INFO] [1789427674.984415853] [zed.zed_node]:  * Area Memory File: 
[component_container_isolated-3] [INFO] [1789427674.984494649] [zed.zed_node]:  * Enable Localization Only: FALSE
[component_container_isolated-3] [INFO] [1789427674.984573382] [zed.zed_node]:  * Save Area Memory on closing: FALSE
[component_container_isolated-3] [INFO] [1789427674.984651955] [zed.zed_node]:  * Camera is static: FALSE
[component_container_isolated-3] [INFO] [1789427674.984758522] [zed.zed_node]:  * Gravity as origin: TRUE
[component_container_isolated-3] [INFO] [1789427674.984876590] [zed.zed_node]:  * IMU Fusion: TRUE
[component_container_isolated-3] [INFO] [1789427674.984974381] [zed.zed_node]:  * Floor Alignment: FALSE
[component_container_isolated-3] [INFO] [1789427674.985083063] [zed.zed_node]:  * Reset Odometry with Loop Closure: FALSE
[component_container_isolated-3] [INFO] [1789427674.985167305] [zed.zed_node]:  * Publish 3D Landmarks: FALSE
[component_container_isolated-3] [INFO] [1789427674.985286141] [zed.zed_node]:  * Publish Landmark Skip Frame: 
[component_container_isolated-3] [INFO] [1789427674.985392548] [zed.zed_node]:  * 2D mode: FALSE
[component_container_isolated-3] [INFO] [1789427674.985758345] [zed.zed_node]:  * Reset pose with SVO loop: TRUE
[component_container_isolated-3] [INFO] [1789427674.985793515] [zed.zed_node]: === GNSS FUSION parameters ===
[component_container_isolated-3] [WARN] [1789427674.985812830] [zed.zed_node]: !!! GNSS FUSION module cannot be enabled with ZED!!!
[component_container_isolated-3] [INFO] [1789427674.985829038] [zed.zed_node]: === REGION OF INTEREST parameters ===
[component_container_isolated-3] [INFO] [1789427674.986009758] [zed.zed_node]:  * Automatic ROI generation: FALSE
[component_container_isolated-3] [INFO] [1789427674.986185065] [zed.zed_node]:  * Manual ROI polygon: []
[component_container_isolated-3] [INFO] [1789427674.986216007] [zed.zed_node]: === Spatial Mapping parameters ===
[component_container_isolated-3] [INFO] [1789427674.986343555] [zed.zed_node]:  * Spatial Mapping Enabled: FALSE
[component_container_isolated-3] [INFO] [1789427674.986467580] [zed.zed_node]:  * Spatial Mapping resolution [m]: 0.05
[component_container_isolated-3] [INFO] [1789427674.986575974] [zed.zed_node]:  * 3D Max Mapping range [m]: 5
[component_container_isolated-3] [INFO] [1789427674.986676808] [zed.zed_node]:  * Map publishing rate [Hz]: 1 [DYNAMIC]
[component_container_isolated-3] [INFO] [1789427674.986811211] [zed.zed_node]:  * Clicked point topic: /clicked_point
[component_container_isolated-3] [INFO] [1789427674.986995967] [zed.zed_node]:  * Plane Det. Max Dist. Thresh.: 0.15
[component_container_isolated-3] [INFO] [1789427674.987180018] [zed.zed_node]:  * Plane Det. Normals Sim. Thresh.: 15
[component_container_isolated-3] [INFO] [1789427674.987218232] [zed.zed_node]: === STREAMING SERVER parameters ===
[component_container_isolated-3] [INFO] [1789427674.987309296] [zed.zed_node]:  * Streaming Server enabled: FALSE
[component_container_isolated-3] [INFO] [1789427674.987395236] [zed.zed_node]:  * Stream codec: H265
[component_container_isolated-3] [INFO] [1789427674.987537166] [zed.zed_node]:  * Stream port: 30000
[component_container_isolated-3] [INFO] [1789427674.987661191] [zed.zed_node]:  * Stream bitrate: 12500
[component_container_isolated-3] [INFO] [1789427674.987754402] [zed.zed_node]:  * Stream GOP size: -1
[component_container_isolated-3] [INFO] [1789427674.987832398] [zed.zed_node]:  * Stream Chunk size: 16084
[component_container_isolated-3] [INFO] [1789427674.987915711] [zed.zed_node]:  * Adaptive bitrate: FALSE
[component_container_isolated-3] [INFO] [1789427674.987995757] [zed.zed_node]:  * Target frame rate:0
[component_container_isolated-3] [INFO] [1789427674.988022247] [zed.zed_node]: === ADVANCED parameters ===
[component_container_isolated-3] [INFO] [1789427674.988103863] [zed.zed_node]:  * Change thread priority: FALSE
[component_container_isolated-3] [INFO] [1789427674.988233045] [zed.zed_node]: === SERVICES ===
[micro_ros_agent-1] [1789427674.988953] info     | ProxyClient.cpp    | create_participant       | participant created    | client_key: 0x00000001, participant_id: 0x001(1)
[component_container_isolated-3] [INFO] [1789427674.990316739] [zed.zed_node]:  * Advertised on service: '/zed/zed_node/reset_odometry'
[component_container_isolated-3] [INFO] [1789427674.991553368] [zed.zed_node]:  * Advertised on service: '/zed/zed_node/reset_pos_tracking'
[component_container_isolated-3] [INFO] [1789427674.994066505] [zed.zed_node]:  * Advertised on service: '/zed/zed_node/set_pose'
[component_container_isolated-3] [INFO] [1789427674.995241218] [zed.zed_node]:  * Advertised on service: '/zed/zed_node/save_area_memory'
[component_container_isolated-3] [INFO] [1789427674.997047523] [zed.zed_node]:  * Advertised on service: '/zed/zed_node/enable_obj_det'
[component_container_isolated-3] [INFO] [1789427674.997889239] [zed.zed_node]:  * Advertised on service: '/zed/zed_node/enable_body_trk'
[component_container_isolated-3] [INFO] [1789427674.998729930] [zed.zed_node]:  * Advertised on service: '/zed/zed_node/enable_mapping'
[component_container_isolated-3] [INFO] [1789427674.999612742] [zed.zed_node]:  * Advertised on service: '/zed/zed_node/enable_streaming'
[component_container_isolated-3] [INFO] [1789427675.000675250] [zed.zed_node]:  * Advertised on service: '/zed/zed_node/start_svo_rec'
[component_container_isolated-3] [INFO] [1789427675.001526640] [zed.zed_node]:  * Advertised on service: '/zed/zed_node/stop_svo_rec'
[component_container_isolated-3] [INFO] [1789427675.002615028] [zed.zed_node]:  * Advertised on service: '/zed/zed_node/set_roi'
[component_container_isolated-3] [INFO] [1789427675.003527405] [zed.zed_node]:  * Advertised on service: '/zed/zed_node/reset_roi'
[component_container_isolated-3] [INFO] [1789427675.003577342] [zed.zed_node]: === STARTING CAMERA ===
[component_container_isolated-3] [INFO] [1789427675.003621609] [zed.zed_node]: ZED SDK Version: 5.4.1 - Build 117278_137d3e18_3228745
[component_container_isolated-3] [INFO] [1789427675.012025948] [zed.zed_node]: === CAMERA OPENING ===
[component_container_isolated-3] [2026-09-15 04:44:35 UTC][ZED][INFO] Logging level INFO
[component_container_isolated-3] [2026-09-15 04:44:37 UTC][ZED][INFO] [Init]  Camera successfully opened.
[component_container_isolated-3] [2026-09-15 04:44:37 UTC][ZED][INFO] [Init]  Camera FW version: 1523
[component_container_isolated-3] [2026-09-15 04:44:37 UTC][ZED][INFO] [Init]  Video mode: HD720@30
[component_container_isolated-3] [2026-09-15 04:44:37 UTC][ZED][INFO] [Init]  Serial Number: S/N 1943145
[component_container_isolated-3] [2026-09-15 04:44:37 UTC][ZED][INFO] [Init]  Depth mode selected: NEURAL LIGHT. Ensure this mode matches your application's performance and accuracy requirements. See https://www.stereolabs.com/docs/depth-sensing/depth-modes for help.
[component_container_isolated-3] [INFO] [1789427677.758106485] [zed.zed_node]:  * ZED SDK running on GPU #0
[component_container_isolated-3] [INFO] [1789427677.758272509] [zed.zed_node]:  * Camera Model  -> ZED
[component_container_isolated-3] [INFO] [1789427677.758295599] [zed.zed_node]:  * Serial Number -> 1943145
[component_container_isolated-3] [INFO] [1789427677.758503642] [zed.zed_node]:  * Focal Length	-> 2.87387 mm
[component_container_isolated-3] [INFO] [1789427677.758566029] [zed.zed_node]:  * Input	-> USB
[component_container_isolated-3] [INFO] [1789427677.758594820] [zed.zed_node]:  * Camera FW Version  -> 1523
[component_container_isolated-3] [INFO] [1789427677.758612338] [zed.zed_node]:  * Camera grab size -> 1280x720
[component_container_isolated-3] [INFO] [1789427677.758624669] [zed.zed_node]:  * Color/Depth publishing size -> 1280x720
[component_container_isolated-3] [INFO] [1789427677.758635301] [zed.zed_node]:  * Point Cloud publishing size -> 448x256
[component_container_isolated-3] [INFO] [1789427677.758663164] [zed.zed_node]: === TF FRAMES ===
[component_container_isolated-3] [INFO] [1789427677.758691027] [zed.zed_node]:  * Map			-> map
[component_container_isolated-3] [INFO] [1789427677.758707552] [zed.zed_node]:  * Odometry		-> odom
[component_container_isolated-3] [INFO] [1789427677.758719402] [zed.zed_node]:  * Base			-> zed_camera_link
[component_container_isolated-3] [INFO] [1789427677.758728882] [zed.zed_node]:  * Camera		-> zed_camera_center
[component_container_isolated-3] [INFO] [1789427677.758737048] [zed.zed_node]:  * Left			-> zed_left_camera_frame
[component_container_isolated-3] [INFO] [1789427677.758745183] [zed.zed_node]:  * Left Optical		-> zed_left_camera_frame_optical
[component_container_isolated-3] [INFO] [1789427677.758752837] [zed.zed_node]:  * Right			-> zed_right_camera_frame
[component_container_isolated-3] [INFO] [1789427677.758759883] [zed.zed_node]:  * Right Optical		-> zed_right_camera_frame_optical
[component_container_isolated-3] [INFO] [1789427677.758768338] [zed.zed_node]:  * Depth			-> zed_left_camera_frame
[component_container_isolated-3] [INFO] [1789427677.758776120] [zed.zed_node]:  * Depth Optical		-> zed_left_camera_frame_optical
[component_container_isolated-3] [INFO] [1789427677.758783615] [zed.zed_node]:  * Point Cloud		-> zed_left_camera_frame
[component_container_isolated-3] [INFO] [1789427677.758888340] [zed.zed_node]: === PUBLISHED TOPICS ===
[component_container_isolated-3] [INFO] [1789427677.762662371] [zed.zed_node]:  * Advertised on topic: /zed/zed_node/status/health
[component_container_isolated-3] [INFO] [1789427677.764201966] [zed.zed_node]:  * Advertised on topic: /zed/zed_node/status/heartbeat
[component_container_isolated-3] [INFO] [1789427677.766795543] [zed.zed_node]:  * Advertised on topic: /zed/zed_node/rgb/color/rect/image [IPC type-adapted zero-copy]
[component_container_isolated-3] [INFO] [1789427677.909082507] [zed.zed_node]:  * Advertised on topic: /zed/zed_node/rgb/color/rect/image
[component_container_isolated-3] [INFO] [1789427677.909188130] [zed.zed_node]:  * Advertised on topic: /zed/zed_node/rgb/color/rect/image/compressed [image_transport]
[component_container_isolated-3] [INFO] [1789427677.909208530] [zed.zed_node]:  * Advertised on topic: /zed/zed_node/rgb/color/rect/image/theora [image_transport]
[component_container_isolated-3] [INFO] [1789427677.909251349] [zed.zed_node]:  * Advertised on topic: /zed/zed_node/rgb/color/rect/image/zstd [image_transport]
[component_container_isolated-3] [INFO] [1789427677.909941290] [zed.zed_node]:  * Advertised on topic: /zed/zed_node/depth/depth_registered [IPC type-adapted zero-copy]
[component_container_isolated-3] [INFO] [1789427677.922223239] [zed.zed_node]:  * Advertised on topic: /zed/zed_node/depth/depth_registered
[component_container_isolated-3] [INFO] [1789427677.922382857] [zed.zed_node]:  * Advertised on topic: /zed/zed_node/depth/depth_registered/compressedDepth [image_transport]
[component_container_isolated-3] [INFO] [1789427677.922403802] [zed.zed_node]:  * Advertised on topic: /zed/zed_node/depth/depth_registered/zstd [image_transport]
[component_container_isolated-3] [INFO] [1789427677.924411460] [zed.zed_node]:  * Advertised on topic: /zed/zed_node/rgb/color/rect/camera_info
[component_container_isolated-3] [INFO] [1789427677.925621954] [zed.zed_node]:  * Advertised on topic: /zed/zed_node/rgb/color/rect/image/camera_info
[component_container_isolated-3] [INFO] [1789427677.926849678] [zed.zed_node]:  * Advertised on topic: /zed/zed_node/depth/camera_info
[component_container_isolated-3] [INFO] [1789427677.928079356] [zed.zed_node]:  * Advertised on topic: /zed/zed_node/depth/depth_registered/camera_info
[component_container_isolated-3] [INFO] [1789427677.931378470] [zed.zed_node]:  * Advertised on topic: /zed/zed_node/point_cloud/cloud_registered
[component_container_isolated-3] [INFO] [1789427677.933294341] [zed.zed_node]:  * Advertised on topic: /zed/zed_node/pose
[component_container_isolated-3] [INFO] [1789427677.934565429] [zed.zed_node]:  * Advertised on topic: /zed/zed_node/pose/status
[component_container_isolated-3] [INFO] [1789427677.937718984] [zed.zed_node]:  * Advertised on topic: /zed/zed_node/odom
[component_container_isolated-3] [INFO] [1789427677.937782332] [zed.zed_node]: === Subscribers ===
[component_container_isolated-3] [INFO] [1789427677.939498551] [zed.zed_node]:  * Plane detection: '/clicked_point'
[component_container_isolated-3] [INFO] [1789427678.073890330] [zed.zed_node]: === zed started ===
[component_container_isolated-3] [INFO] [1789427678.087843395] [zed.zed_node]: === Starting Positional Tracking ===
[component_container_isolated-3] [INFO] [1789427678.087933641] [zed.zed_node]:  * Waiting for valid static transformations...
[component_container_isolated-3] [INFO] [1789427678.088123869] [zed.zed_node]:  Static transform ref. CMOS Sensor to Base [zed_left_camera_frame -> zed_camera_link]
[component_container_isolated-3] [INFO] [1789427678.088147439] [zed.zed_node]:   * Translation: {0.011,-0.060,-0.015}
[component_container_isolated-3] [INFO] [1789427678.088162843] [zed.zed_node]:   * Rotation: {0.000,-2.865,0.000}
[component_container_isolated-3] [INFO] [1789427678.088198103] [zed.zed_node]:  Static transform ref. CMOS Sensor to Camera Center [zed_left_camera_frame -> zed_camera_center]
[component_container_isolated-3] [INFO] [1789427678.088213475] [zed.zed_node]:   * Translation: {0.010,-0.060,0.000}
[component_container_isolated-3] [INFO] [1789427678.088225516] [zed.zed_node]:   * Rotation: {0.000,-0.000,0.000}
[component_container_isolated-3] [INFO] [1789427678.088251232] [zed.zed_node]:  Static transform Camera Center to Base [zed_camera_center -> zed_camera_link]
[component_container_isolated-3] [INFO] [1789427678.088265035] [zed.zed_node]:   * Translation: {0.001,0.000,-0.015}
[component_container_isolated-3] [INFO] [1789427678.088275443] [zed.zed_node]:   * Rotation: {0.000,-2.865,0.000}
[component_container_isolated-3] [INFO] [1789427678.089383025] [zed.zed_node]: Initial ZED left camera pose (ZED pos. tracking): 
[component_container_isolated-3] [INFO] [1789427678.089422832] [zed.zed_node]:  * T: [-0.0099875,0.06,0.0154998]
[component_container_isolated-3] [INFO] [1789427678.089507474] [zed.zed_node]:  * Q: [0,0.0249974,0,0.999688]
[INFO] [window_detect-4]: process started with pid [6805]
[window_detect-4] [INFO] [1789427680.428388955] [window_detect]: camera_info_topic derived from image_topic: /zed/zed_node/rgb/color/rect/camera_info
[window_detect-4] [INFO] [1789427680.453200870] [window_detect]: Browser stream on http://<jetson-ip>:8080/ (single frame at /snapshot.jpg).
[window_detect-4] [INFO] [1789427680.454674031] [window_detect]: Window detection up. image=/zed/zed_node/rgb/color/rect/image depth=/zed/zed_node/depth/depth_registered color=blue. Publishing /window_detected, /window_info, /window_geometry, /window_detection/image.
[window_detect-4] [INFO] [1789427680.456829701] [window_detect]: CameraInfo from /zed/zed_node/rgb/color/rect/camera_info: fx=703.7 fy=703.7 cx=591.7 cy=375.7 (1280x720). /window_geometry angles are now metric.
[window_detect-4] [INFO] [1789427680.575238195] [window_detect]: First frame from /zed/zed_node/rgb/color/rect/image: 1280x720.
[window_detect-4] [INFO] [1789427680.620285985] [window_detect]: window: no   (streak 0 misses, 1 frames processed, 0 skipped by max_fps=10)
[micro_ros_agent-1] [1789427680.776762] info     | ProxyClient.cpp    | create_topic             | topic created          | client_key: 0x00000001, topic_id: 0x800(2), participant_id: 0x001(1)
[micro_ros_agent-1] [1789427680.776994] info     | ProxyClient.cpp    | create_subscriber        | subscriber created     | client_key: 0x00000001, subscriber_id: 0x800(4), participant_id: 0x001(1)
[micro_ros_agent-1] [1789427680.778993] info     | ProxyClient.cpp    | create_datareader        | datareader created     | client_key: 0x00000001, datareader_id: 0x800(6), subscriber_id: 0x800(4)
[micro_ros_agent-1] [1789427680.783017] info     | ProxyClient.cpp    | create_topic             | topic created          | client_key: 0x00000001, topic_id: 0x801(2), participant_id: 0x001(1)
[micro_ros_agent-1] [1789427680.783149] info     | ProxyClient.cpp    | create_subscriber        | subscriber created     | client_key: 0x00000001, subscriber_id: 0x801(4), participant_id: 0x001(1)
[micro_ros_agent-1] [1789427680.784187] info     | ProxyClient.cpp    | create_datareader        | datareader created     | client_key: 0x00000001, datareader_id: 0x801(6), subscriber_id: 0x801(4)
[micro_ros_agent-1] [1789427680.787492] info     | ProxyClient.cpp    | create_topic             | topic created          | client_key: 0x00000001, topic_id: 0x802(2), participant_id: 0x001(1)
[micro_ros_agent-1] [1789427680.787597] info     | ProxyClient.cpp    | create_subscriber        | subscriber created     | client_key: 0x00000001, subscriber_id: 0x802(4), participant_id: 0x001(1)
[micro_ros_agent-1] [1789427680.788863] info     | ProxyClient.cpp    | create_datareader        | datareader created     | client_key: 0x00000001, datareader_id: 0x802(6), subscriber_id: 0x802(4)
[micro_ros_agent-1] [1789427680.792232] info     | ProxyClient.cpp    | create_topic             | topic created          | client_key: 0x00000001, topic_id: 0x803(2), participant_id: 0x001(1)
[micro_ros_agent-1] [1789427680.792325] info     | ProxyClient.cpp    | create_subscriber        | subscriber created     | client_key: 0x00000001, subscriber_id: 0x803(4), participant_id: 0x001(1)
[micro_ros_agent-1] [1789427680.793833] info     | ProxyClient.cpp    | create_datareader        | datareader created     | client_key: 0x00000001, datareader_id: 0x803(6), subscriber_id: 0x803(4)
[micro_ros_agent-1] [1789427680.797194] info     | ProxyClient.cpp    | create_topic             | topic created          | client_key: 0x00000001, topic_id: 0x804(2), participant_id: 0x001(1)
[micro_ros_agent-1] [1789427680.797273] info     | ProxyClient.cpp    | create_subscriber        | subscriber created     | client_key: 0x00000001, subscriber_id: 0x804(4), participant_id: 0x001(1)
[micro_ros_agent-1] [1789427680.798062] info     | ProxyClient.cpp    | create_datareader        | datareader created     | client_key: 0x00000001, datareader_id: 0x804(6), subscriber_id: 0x804(4)
[micro_ros_agent-1] [1789427680.802326] info     | ProxyClient.cpp    | create_topic             | topic created          | client_key: 0x00000001, topic_id: 0x805(2), participant_id: 0x001(1)
[micro_ros_agent-1] [1789427680.802546] info     | ProxyClient.cpp    | create_subscriber        | subscriber created     | client_key: 0x00000001, subscriber_id: 0x805(4), participant_id: 0x001(1)
[micro_ros_agent-1] [1789427680.804571] info     | ProxyClient.cpp    | create_datareader        | datareader created     | client_key: 0x00000001, datareader_id: 0x805(6), subscriber_id: 0x805(4)
[micro_ros_agent-1] [1789427680.808705] info     | ProxyClient.cpp    | create_topic             | topic created          | client_key: 0x00000001, topic_id: 0x806(2), participant_id: 0x001(1)
[micro_ros_agent-1] [1789427680.808827] info     | ProxyClient.cpp    | create_subscriber        | subscriber created     | client_key: 0x00000001, subscriber_id: 0x806(4), participant_id: 0x001(1)
[micro_ros_agent-1] [1789427680.811103] info     | ProxyClient.cpp    | create_datareader        | datareader created     | client_key: 0x00000001, datareader_id: 0x806(6), subscriber_id: 0x806(4)
[micro_ros_agent-1] [1789427680.815995] info     | ProxyClient.cpp    | create_topic             | topic created          | client_key: 0x00000001, topic_id: 0x807(2), participant_id: 0x001(1)
[window_detect-4] [WARN] [1789427680.815997363] [window_detect]: WINDOW DETECTED  (centre=(630,218) offset=-0.02 area=432px dist=3.54m)
[micro_ros_agent-1] [1789427680.816144] info     | ProxyClient.cpp    | create_subscriber        | subscriber created     | client_key: 0x00000001, subscriber_id: 0x807(4), participant_id: 0x001(1)
[micro_ros_agent-1] [1789427680.817184] info     | ProxyClient.cpp    | create_datareader        | datareader created     | client_key: 0x00000001, datareader_id: 0x807(6), subscriber_id: 0x807(4)
[micro_ros_agent-1] [1789427680.822032] info     | ProxyClient.cpp    | create_topic             | topic created          | client_key: 0x00000001, topic_id: 0x808(2), participant_id: 0x001(1)
[micro_ros_agent-1] [1789427680.822167] info     | ProxyClient.cpp    | create_subscriber        | subscriber created     | client_key: 0x00000001, subscriber_id: 0x808(4), participant_id: 0x001(1)
[micro_ros_agent-1] [1789427680.826072] info     | ProxyClient.cpp    | create_datareader        | datareader created     | client_key: 0x00000001, datareader_id: 0x808(6), subscriber_id: 0x808(4)
[micro_ros_agent-1] [1789427680.829701] info     | ProxyClient.cpp    | create_topic             | topic created          | client_key: 0x00000001, topic_id: 0x809(2), participant_id: 0x001(1)
[micro_ros_agent-1] [1789427680.829869] info     | ProxyClient.cpp    | create_subscriber        | subscriber created     | client_key: 0x00000001, subscriber_id: 0x809(4), participant_id: 0x001(1)
[micro_ros_agent-1] [1789427680.831197] info     | ProxyClient.cpp    | create_datareader        | datareader created     | client_key: 0x00000001, datareader_id: 0x809(6), subscriber_id: 0x809(4)
[micro_ros_agent-1] [1789427680.834636] info     | ProxyClient.cpp    | create_topic             | topic created          | client_key: 0x00000001, topic_id: 0x80A(2), participant_id: 0x001(1)
[micro_ros_agent-1] [1789427680.834757] info     | ProxyClient.cpp    | create_subscriber        | subscriber created     | client_key: 0x00000001, subscriber_id: 0x80A(4), participant_id: 0x001(1)
[micro_ros_agent-1] [1789427680.835870] info     | ProxyClient.cpp    | create_datareader        | datareader created     | client_key: 0x00000001, datareader_id: 0x80A(6), subscriber_id: 0x80A(4)
[micro_ros_agent-1] [1789427680.839859] info     | ProxyClient.cpp    | create_topic             | topic created          | client_key: 0x00000001, topic_id: 0x80B(2), participant_id: 0x001(1)
[micro_ros_agent-1] [1789427680.839951] info     | ProxyClient.cpp    | create_subscriber        | subscriber created     | client_key: 0x00000001, subscriber_id: 0x80B(4), participant_id: 0x001(1)
[micro_ros_agent-1] [1789427680.840970] info     | ProxyClient.cpp    | create_datareader        | datareader created     | client_key: 0x00000001, datareader_id: 0x80B(6), subscriber_id: 0x80B(4)
[micro_ros_agent-1] [1789427680.844063] info     | ProxyClient.cpp    | create_topic             | topic created          | client_key: 0x00000001, topic_id: 0x80C(2), participant_id: 0x001(1)
[micro_ros_agent-1] [1789427680.844134] info     | ProxyClient.cpp    | create_subscriber        | subscriber created     | client_key: 0x00000001, subscriber_id: 0x80C(4), participant_id: 0x001(1)
[micro_ros_agent-1] [1789427680.844794] info     | ProxyClient.cpp    | create_datareader        | datareader created     | client_key: 0x00000001, datareader_id: 0x80C(6), subscriber_id: 0x80C(4)
[micro_ros_agent-1] [1789427680.847802] info     | ProxyClient.cpp    | create_topic             | topic created          | client_key: 0x00000001, topic_id: 0x80D(2), participant_id: 0x001(1)
[micro_ros_agent-1] [1789427680.847870] info     | ProxyClient.cpp    | create_subscriber        | subscriber created     | client_key: 0x00000001, subscriber_id: 0x80D(4), participant_id: 0x001(1)
[micro_ros_agent-1] [1789427680.848760] info     | ProxyClient.cpp    | create_datareader        | datareader created     | client_key: 0x00000001, datareader_id: 0x80D(6), subscriber_id: 0x80D(4)
[micro_ros_agent-1] [1789427680.854132] info     | ProxyClient.cpp    | create_topic             | topic created          | client_key: 0x00000001, topic_id: 0x80E(2), participant_id: 0x001(1)
[micro_ros_agent-1] [1789427680.854221] info     | ProxyClient.cpp    | create_subscriber        | subscriber created     | client_key: 0x00000001, subscriber_id: 0x80E(4), participant_id: 0x001(1)
[micro_ros_agent-1] [1789427680.855384] info     | ProxyClient.cpp    | create_datareader        | datareader created     | client_key: 0x00000001, datareader_id: 0x80E(6), subscriber_id: 0x80E(4)
[micro_ros_agent-1] [1789427680.858634] info     | ProxyClient.cpp    | create_topic             | topic created          | client_key: 0x00000001, topic_id: 0x80F(2), participant_id: 0x001(1)
[micro_ros_agent-1] [1789427680.858707] info     | ProxyClient.cpp    | create_subscriber        | subscriber created     | client_key: 0x00000001, subscriber_id: 0x80F(4), participant_id: 0x001(1)
[micro_ros_agent-1] [1789427680.859542] info     | ProxyClient.cpp    | create_datareader        | datareader created     | client_key: 0x00000001, datareader_id: 0x80F(6), subscriber_id: 0x80F(4)
[micro_ros_agent-1] [1789427680.862917] info     | ProxyClient.cpp    | create_topic             | topic created          | client_key: 0x00000001, topic_id: 0x810(2), participant_id: 0x001(1)
[micro_ros_agent-1] [1789427680.863003] info     | ProxyClient.cpp    | create_subscriber        | subscriber created     | client_key: 0x00000001, subscriber_id: 0x810(4), participant_id: 0x001(1)
[micro_ros_agent-1] [1789427680.864287] info     | ProxyClient.cpp    | create_datareader        | datareader created     | client_key: 0x00000001, datareader_id: 0x810(6), subscriber_id: 0x810(4)
[micro_ros_agent-1] [1789427680.867909] info     | ProxyClient.cpp    | create_topic             | topic created          | client_key: 0x00000001, topic_id: 0x811(2), participant_id: 0x001(1)
[micro_ros_agent-1] [1789427680.868013] info     | ProxyClient.cpp    | create_subscriber        | subscriber created     | client_key: 0x00000001, subscriber_id: 0x811(4), participant_id: 0x001(1)
[micro_ros_agent-1] [1789427680.869046] info     | ProxyClient.cpp    | create_datareader        | datareader created     | client_key: 0x00000001, datareader_id: 0x811(6), subscriber_id: 0x811(4)
[micro_ros_agent-1] [1789427680.872656] info     | ProxyClient.cpp    | create_topic             | topic created          | client_key: 0x00000001, topic_id: 0x812(2), participant_id: 0x001(1)
[micro_ros_agent-1] [1789427680.872741] info     | ProxyClient.cpp    | create_subscriber        | subscriber created     | client_key: 0x00000001, subscriber_id: 0x812(4), participant_id: 0x001(1)
[micro_ros_agent-1] [1789427680.873991] info     | ProxyClient.cpp    | create_datareader        | datareader created     | client_key: 0x00000001, datareader_id: 0x812(6), subscriber_id: 0x812(4)
[micro_ros_agent-1] [1789427680.877090] info     | ProxyClient.cpp    | create_topic             | topic created          | client_key: 0x00000001, topic_id: 0x813(2), participant_id: 0x001(1)
[micro_ros_agent-1] [1789427680.877171] info     | ProxyClient.cpp    | create_subscriber        | subscriber created     | client_key: 0x00000001, subscriber_id: 0x813(4), participant_id: 0x001(1)
[micro_ros_agent-1] [1789427680.878031] info     | ProxyClient.cpp    | create_datareader        | datareader created     | client_key: 0x00000001, datareader_id: 0x813(6), subscriber_id: 0x813(4)
[micro_ros_agent-1] [1789427680.881056] info     | ProxyClient.cpp    | create_topic             | topic created          | client_key: 0x00000001, topic_id: 0x814(2), participant_id: 0x001(1)
[micro_ros_agent-1] [1789427680.881126] info     | ProxyClient.cpp    | create_subscriber        | subscriber created     | client_key: 0x00000001, subscriber_id: 0x814(4), participant_id: 0x001(1)
[micro_ros_agent-1] [1789427680.882171] info     | ProxyClient.cpp    | create_datareader        | datareader created     | client_key: 0x00000001, datareader_id: 0x814(6), subscriber_id: 0x814(4)
[micro_ros_agent-1] [1789427680.886244] info     | ProxyClient.cpp    | create_topic             | topic created          | client_key: 0x00000001, topic_id: 0x815(2), participant_id: 0x001(1)
[micro_ros_agent-1] [1789427680.886338] info     | ProxyClient.cpp    | create_subscriber        | subscriber created     | client_key: 0x00000001, subscriber_id: 0x815(4), participant_id: 0x001(1)
[micro_ros_agent-1] [1789427680.887986] info     | ProxyClient.cpp    | create_datareader        | datareader created     | client_key: 0x00000001, datareader_id: 0x815(6), subscriber_id: 0x815(4)
[micro_ros_agent-1] [1789427680.891311] info     | ProxyClient.cpp    | create_topic             | topic created          | client_key: 0x00000001, topic_id: 0x816(2), participant_id: 0x001(1)
[micro_ros_agent-1] [1789427680.891397] info     | ProxyClient.cpp    | create_subscriber        | subscriber created     | client_key: 0x00000001, subscriber_id: 0x816(4), participant_id: 0x001(1)
[micro_ros_agent-1] [1789427680.892437] info     | ProxyClient.cpp    | create_datareader        | datareader created     | client_key: 0x00000001, datareader_id: 0x816(6), subscriber_id: 0x816(4)
[micro_ros_agent-1] [1789427680.895705] info     | ProxyClient.cpp    | create_topic             | topic created          | client_key: 0x00000001, topic_id: 0x817(2), participant_id: 0x001(1)
[micro_ros_agent-1] [1789427680.895802] info     | ProxyClient.cpp    | create_subscriber        | subscriber created     | client_key: 0x00000001, subscriber_id: 0x817(4), participant_id: 0x001(1)
[micro_ros_agent-1] [1789427680.898030] info     | ProxyClient.cpp    | create_datareader        | datareader created     | client_key: 0x00000001, datareader_id: 0x817(6), subscriber_id: 0x817(4)
[micro_ros_agent-1] [1789427680.901590] info     | ProxyClient.cpp    | create_topic             | topic created          | client_key: 0x00000001, topic_id: 0x818(2), participant_id: 0x001(1)
[micro_ros_agent-1] [1789427680.901823] info     | ProxyClient.cpp    | create_subscriber        | subscriber created     | client_key: 0x00000001, subscriber_id: 0x818(4), participant_id: 0x001(1)
[micro_ros_agent-1] [1789427680.903404] info     | ProxyClient.cpp    | create_datareader        | datareader created     | client_key: 0x00000001, datareader_id: 0x818(6), subscriber_id: 0x818(4)
[micro_ros_agent-1] [1789427680.906500] info     | ProxyClient.cpp    | create_topic             | topic created          | client_key: 0x00000001, topic_id: 0x819(2), participant_id: 0x001(1)
[micro_ros_agent-1] [1789427680.906696] info     | ProxyClient.cpp    | create_subscriber        | subscriber created     | client_key: 0x00000001, subscriber_id: 0x819(4), participant_id: 0x001(1)
[micro_ros_agent-1] [1789427680.907867] info     | ProxyClient.cpp    | create_datareader        | datareader created     | client_key: 0x00000001, datareader_id: 0x819(6), subscriber_id: 0x819(4)
[micro_ros_agent-1] [1789427680.911439] info     | ProxyClient.cpp    | create_topic             | topic created          | client_key: 0x00000001, topic_id: 0x81A(2), participant_id: 0x001(1)
[micro_ros_agent-1] [1789427680.911530] info     | ProxyClient.cpp    | create_subscriber        | subscriber created     | client_key: 0x00000001, subscriber_id: 0x81A(4), participant_id: 0x001(1)
[micro_ros_agent-1] [1789427680.912410] info     | ProxyClient.cpp    | create_datareader        | datareader created     | client_key: 0x00000001, datareader_id: 0x81A(6), subscriber_id: 0x81A(4)
[micro_ros_agent-1] [1789427680.916371] info     | ProxyClient.cpp    | create_topic             | topic created          | client_key: 0x00000001, topic_id: 0x81B(2), participant_id: 0x001(1)
[micro_ros_agent-1] [1789427680.916492] info     | ProxyClient.cpp    | create_subscriber        | subscriber created     | client_key: 0x00000001, subscriber_id: 0x81B(4), participant_id: 0x001(1)
[micro_ros_agent-1] [1789427680.917804] info     | ProxyClient.cpp    | create_datareader        | datareader created     | client_key: 0x00000001, datareader_id: 0x81B(6), subscriber_id: 0x81B(4)
[micro_ros_agent-1] [1789427680.922127] info     | ProxyClient.cpp    | create_topic             | topic created          | client_key: 0x00000001, topic_id: 0x81C(2), participant_id: 0x001(1)
[micro_ros_agent-1] [1789427680.922386] info     | ProxyClient.cpp    | create_subscriber        | subscriber created     | client_key: 0x00000001, subscriber_id: 0x81C(4), participant_id: 0x001(1)
[micro_ros_agent-1] [1789427680.923584] info     | ProxyClient.cpp    | create_datareader        | datareader created     | client_key: 0x00000001, datareader_id: 0x81C(6), subscriber_id: 0x81C(4)
[micro_ros_agent-1] [1789427680.927305] info     | ProxyClient.cpp    | create_topic             | topic created          | client_key: 0x00000001, topic_id: 0x81D(2), participant_id: 0x001(1)
[micro_ros_agent-1] [1789427680.927431] info     | ProxyClient.cpp    | create_subscriber        | subscriber created     | client_key: 0x00000001, subscriber_id: 0x81D(4), participant_id: 0x001(1)
[micro_ros_agent-1] [1789427680.928667] info     | ProxyClient.cpp    | create_datareader        | datareader created     | client_key: 0x00000001, datareader_id: 0x81D(6), subscriber_id: 0x81D(4)
[micro_ros_agent-1] [1789427680.932055] info     | ProxyClient.cpp    | create_topic             | topic created          | client_key: 0x00000001, topic_id: 0x81E(2), participant_id: 0x001(1)
[micro_ros_agent-1] [1789427680.932192] info     | ProxyClient.cpp    | create_subscriber        | subscriber created     | client_key: 0x00000001, subscriber_id: 0x81E(4), participant_id: 0x001(1)
[micro_ros_agent-1] [1789427680.933150] info     | ProxyClient.cpp    | create_datareader        | datareader created     | client_key: 0x00000001, datareader_id: 0x81E(6), subscriber_id: 0x81E(4)
[micro_ros_agent-1] [1789427680.936669] info     | ProxyClient.cpp    | create_topic             | topic created          | client_key: 0x00000001, topic_id: 0x81F(2), participant_id: 0x001(1)
[micro_ros_agent-1] [1789427680.936798] info     | ProxyClient.cpp    | create_subscriber        | subscriber created     | client_key: 0x00000001, subscriber_id: 0x81F(4), participant_id: 0x001(1)
[micro_ros_agent-1] [1789427680.937679] info     | ProxyClient.cpp    | create_datareader        | datareader created     | client_key: 0x00000001, datareader_id: 0x81F(6), subscriber_id: 0x81F(4)
[micro_ros_agent-1] [1789427680.942380] info     | ProxyClient.cpp    | create_topic             | topic created          | client_key: 0x00000001, topic_id: 0x820(2), participant_id: 0x001(1)
[micro_ros_agent-1] [1789427680.942509] info     | ProxyClient.cpp    | create_subscriber        | subscriber created     | client_key: 0x00000001, subscriber_id: 0x820(4), participant_id: 0x001(1)
[micro_ros_agent-1] [1789427680.943398] info     | ProxyClient.cpp    | create_datareader        | datareader created     | client_key: 0x00000001, datareader_id: 0x820(6), subscriber_id: 0x820(4)
[micro_ros_agent-1] [1789427680.946673] info     | ProxyClient.cpp    | create_topic             | topic created          | client_key: 0x00000001, topic_id: 0x821(2), participant_id: 0x001(1)
[micro_ros_agent-1] [1789427680.946744] info     | ProxyClient.cpp    | create_subscriber        | subscriber created     | client_key: 0x00000001, subscriber_id: 0x821(4), participant_id: 0x001(1)
[micro_ros_agent-1] [1789427680.947552] info     | ProxyClient.cpp    | create_datareader        | datareader created     | client_key: 0x00000001, datareader_id: 0x821(6), subscriber_id: 0x821(4)
[micro_ros_agent-1] [1789427680.950676] info     | ProxyClient.cpp    | create_topic             | topic created          | client_key: 0x00000001, topic_id: 0x822(2), participant_id: 0x001(1)
[micro_ros_agent-1] [1789427680.950756] info     | ProxyClient.cpp    | create_subscriber        | subscriber created     | client_key: 0x00000001, subscriber_id: 0x822(4), participant_id: 0x001(1)
[micro_ros_agent-1] [1789427680.951584] info     | ProxyClient.cpp    | create_datareader        | datareader created     | client_key: 0x00000001, datareader_id: 0x822(6), subscriber_id: 0x822(4)
[micro_ros_agent-1] [1789427680.954880] info     | ProxyClient.cpp    | create_topic             | topic created          | client_key: 0x00000001, topic_id: 0x823(2), participant_id: 0x001(1)
[micro_ros_agent-1] [1789427680.954975] info     | ProxyClient.cpp    | create_subscriber        | subscriber created     | client_key: 0x00000001, subscriber_id: 0x823(4), participant_id: 0x001(1)
[micro_ros_agent-1] [1789427680.956001] info     | ProxyClient.cpp    | create_datareader        | datareader created     | client_key: 0x00000001, datareader_id: 0x823(6), subscriber_id: 0x823(4)
[micro_ros_agent-1] [1789427680.959135] info     | ProxyClient.cpp    | create_topic             | topic created          | client_key: 0x00000001, topic_id: 0x824(2), participant_id: 0x001(1)
[micro_ros_agent-1] [1789427680.959216] info     | ProxyClient.cpp    | create_subscriber        | subscriber created     | client_key: 0x00000001, subscriber_id: 0x824(4), participant_id: 0x001(1)
[micro_ros_agent-1] [1789427680.960119] info     | ProxyClient.cpp    | create_datareader        | datareader created     | client_key: 0x00000001, datareader_id: 0x824(6), subscriber_id: 0x824(4)
[micro_ros_agent-1] [1789427680.963082] info     | ProxyClient.cpp    | create_topic             | topic created          | client_key: 0x00000001, topic_id: 0x825(2), participant_id: 0x001(1)
[micro_ros_agent-1] [1789427680.963160] info     | ProxyClient.cpp    | create_subscriber        | subscriber created     | client_key: 0x00000001, subscriber_id: 0x825(4), participant_id: 0x001(1)
[micro_ros_agent-1] [1789427680.964078] info     | ProxyClient.cpp    | create_datareader        | datareader created     | client_key: 0x00000001, datareader_id: 0x825(6), subscriber_id: 0x825(4)
[micro_ros_agent-1] [1789427680.967790] info     | ProxyClient.cpp    | create_topic             | topic created          | client_key: 0x00000001, topic_id: 0x0CD(2), participant_id: 0x001(1)
[micro_ros_agent-1] [1789427680.967964] info     | ProxyClient.cpp    | create_publisher         | publisher created      | client_key: 0x00000001, publisher_id: 0x0CD(3), participant_id: 0x001(1)
[micro_ros_agent-1] [1789427680.969081] info     | ProxyClient.cpp    | create_datawriter        | datawriter created     | client_key: 0x00000001, datawriter_id: 0x0CD(5), publisher_id: 0x0CD(3)
[micro_ros_agent-1] [1789427680.972781] info     | ProxyClient.cpp    | create_topic             | topic created          | client_key: 0x00000001, topic_id: 0x010(2), participant_id: 0x001(1)
[micro_ros_agent-1] [1789427680.972878] info     | ProxyClient.cpp    | create_publisher         | publisher created      | client_key: 0x00000001, publisher_id: 0x010(3), participant_id: 0x001(1)
[micro_ros_agent-1] [1789427680.973997] info     | ProxyClient.cpp    | create_datawriter        | datawriter created     | client_key: 0x00000001, datawriter_id: 0x010(5), publisher_id: 0x010(3)
[micro_ros_agent-1] [1789427680.976843] info     | ProxyClient.cpp    | create_topic             | topic created          | client_key: 0x00000001, topic_id: 0x09D(2), participant_id: 0x001(1)
[micro_ros_agent-1] [1789427680.976923] info     | ProxyClient.cpp    | create_publisher         | publisher created      | client_key: 0x00000001, publisher_id: 0x09D(3), participant_id: 0x001(1)
[micro_ros_agent-1] [1789427680.977709] info     | ProxyClient.cpp    | create_datawriter        | datawriter created     | client_key: 0x00000001, datawriter_id: 0x09D(5), publisher_id: 0x09D(3)
[micro_ros_agent-1] [1789427680.980772] info     | ProxyClient.cpp    | create_topic             | topic created          | client_key: 0x00000001, topic_id: 0x014(2), participant_id: 0x001(1)
[micro_ros_agent-1] [1789427680.980851] info     | ProxyClient.cpp    | create_publisher         | publisher created      | client_key: 0x00000001, publisher_id: 0x014(3), participant_id: 0x001(1)
[micro_ros_agent-1] [1789427680.982438] info     | ProxyClient.cpp    | create_datawriter        | datawriter created     | client_key: 0x00000001, datawriter_id: 0x014(5), publisher_id: 0x014(3)
[micro_ros_agent-1] [1789427680.985692] info     | ProxyClient.cpp    | create_topic             | topic created          | client_key: 0x00000001, topic_id: 0x01B(2), participant_id: 0x001(1)
[micro_ros_agent-1] [1789427680.985794] info     | ProxyClient.cpp    | create_publisher         | publisher created      | client_key: 0x00000001, publisher_id: 0x01B(3), participant_id: 0x001(1)
[micro_ros_agent-1] [1789427680.987050] info     | ProxyClient.cpp    | create_datawriter        | datawriter created     | client_key: 0x00000001, datawriter_id: 0x01B(5), publisher_id: 0x01B(3)
[micro_ros_agent-1] [1789427680.990256] info     | ProxyClient.cpp    | create_topic             | topic created          | client_key: 0x00000001, topic_id: 0x055(2), participant_id: 0x001(1)
[micro_ros_agent-1] [1789427680.990359] info     | ProxyClient.cpp    | create_publisher         | publisher created      | client_key: 0x00000001, publisher_id: 0x055(3), participant_id: 0x001(1)
[micro_ros_agent-1] [1789427680.991203] info     | ProxyClient.cpp    | create_datawriter        | datawriter created     | client_key: 0x00000001, datawriter_id: 0x055(5), publisher_id: 0x055(3)
[micro_ros_agent-1] [1789427680.994034] info     | ProxyClient.cpp    | create_topic             | topic created          | client_key: 0x00000001, topic_id: 0x05B(2), participant_id: 0x001(1)
[micro_ros_agent-1] [1789427680.994135] info     | ProxyClient.cpp    | create_publisher         | publisher created      | client_key: 0x00000001, publisher_id: 0x05B(3), participant_id: 0x001(1)
[micro_ros_agent-1] [1789427680.994898] info     | ProxyClient.cpp    | create_datawriter        | datawriter created     | client_key: 0x00000001, datawriter_id: 0x05B(5), publisher_id: 0x05B(3)
[micro_ros_agent-1] [1789427680.997996] info     | ProxyClient.cpp    | create_topic             | topic created          | client_key: 0x00000001, topic_id: 0x094(2), participant_id: 0x001(1)
[micro_ros_agent-1] [1789427680.998080] info     | ProxyClient.cpp    | create_publisher         | publisher created      | client_key: 0x00000001, publisher_id: 0x094(3), participant_id: 0x001(1)
[micro_ros_agent-1] [1789427680.999089] info     | ProxyClient.cpp    | create_datawriter        | datawriter created     | client_key: 0x00000001, datawriter_id: 0x094(5), publisher_id: 0x094(3)
[micro_ros_agent-1] [1789427681.002000] info     | ProxyClient.cpp    | create_topic             | topic created          | client_key: 0x00000001, topic_id: 0x09A(2), participant_id: 0x001(1)
[micro_ros_agent-1] [1789427681.002101] info     | ProxyClient.cpp    | create_publisher         | publisher created      | client_key: 0x00000001, publisher_id: 0x09A(3), participant_id: 0x001(1)
[micro_ros_agent-1] [1789427681.002768] info     | ProxyClient.cpp    | create_datawriter        | datawriter created     | client_key: 0x00000001, datawriter_id: 0x09A(5), publisher_id: 0x09A(3)
[micro_ros_agent-1] [1789427681.005802] info     | ProxyClient.cpp    | create_topic             | topic created          | client_key: 0x00000001, topic_id: 0x0C0(2), participant_id: 0x001(1)
[micro_ros_agent-1] [1789427681.005916] info     | ProxyClient.cpp    | create_publisher         | publisher created      | client_key: 0x00000001, publisher_id: 0x0C0(3), participant_id: 0x001(1)
[micro_ros_agent-1] [1789427681.010571] info     | ProxyClient.cpp    | create_datawriter        | datawriter created     | client_key: 0x00000001, datawriter_id: 0x0C0(5), publisher_id: 0x0C0(3)
[micro_ros_agent-1] [1789427681.013699] info     | ProxyClient.cpp    | create_topic             | topic created          | client_key: 0x00000001, topic_id: 0x0E1(2), participant_id: 0x001(1)
[micro_ros_agent-1] [1789427681.013802] info     | ProxyClient.cpp    | create_publisher         | publisher created      | client_key: 0x00000001, publisher_id: 0x0E1(3), participant_id: 0x001(1)
[micro_ros_agent-1] [1789427681.014680] info     | ProxyClient.cpp    | create_datawriter        | datawriter created     | client_key: 0x00000001, datawriter_id: 0x0E1(5), publisher_id: 0x0E1(3)
[micro_ros_agent-1] [1789427681.017727] info     | ProxyClient.cpp    | create_topic             | topic created          | client_key: 0x00000001, topic_id: 0x0F9(2), participant_id: 0x001(1)
[micro_ros_agent-1] [1789427681.017838] info     | ProxyClient.cpp    | create_publisher         | publisher created      | client_key: 0x00000001, publisher_id: 0x0F9(3), participant_id: 0x001(1)
[micro_ros_agent-1] [1789427681.018983] info     | ProxyClient.cpp    | create_datawriter        | datawriter created     | client_key: 0x00000001, datawriter_id: 0x0F9(5), publisher_id: 0x0F9(3)
[micro_ros_agent-1] [1789427681.021769] info     | ProxyClient.cpp    | create_topic             | topic created          | client_key: 0x00000001, topic_id: 0x0FC(2), participant_id: 0x001(1)
[micro_ros_agent-1] [1789427681.021864] info     | ProxyClient.cpp    | create_publisher         | publisher created      | client_key: 0x00000001, publisher_id: 0x0FC(3), participant_id: 0x001(1)
[micro_ros_agent-1] [1789427681.022909] info     | ProxyClient.cpp    | create_datawriter        | datawriter created     | client_key: 0x00000001, datawriter_id: 0x0FC(5), publisher_id: 0x0FC(3)
[micro_ros_agent-1] [1789427681.025760] info     | ProxyClient.cpp    | create_topic             | topic created          | client_key: 0x00000001, topic_id: 0x115(2), participant_id: 0x001(1)
[micro_ros_agent-1] [1789427681.025849] info     | ProxyClient.cpp    | create_publisher         | publisher created      | client_key: 0x00000001, publisher_id: 0x115(3), participant_id: 0x001(1)
[micro_ros_agent-1] [1789427681.027423] info     | ProxyClient.cpp    | create_datawriter        | datawriter created     | client_key: 0x00000001, datawriter_id: 0x115(5), publisher_id: 0x115(3)
[micro_ros_agent-1] [1789427681.030395] info     | ProxyClient.cpp    | create_topic             | topic created          | client_key: 0x00000001, topic_id: 0x108(2), participant_id: 0x001(1)
[micro_ros_agent-1] [1789427681.030550] info     | ProxyClient.cpp    | create_publisher         | publisher created      | client_key: 0x00000001, publisher_id: 0x108(3), participant_id: 0x001(1)
[micro_ros_agent-1] [1789427681.031435] info     | ProxyClient.cpp    | create_datawriter        | datawriter created     | client_key: 0x00000001, datawriter_id: 0x108(5), publisher_id: 0x108(3)
[micro_ros_agent-1] [1789427681.034619] info     | ProxyClient.cpp    | create_topic             | topic created          | client_key: 0x00000001, topic_id: 0x10F(2), participant_id: 0x001(1)
[micro_ros_agent-1] [1789427681.034707] info     | ProxyClient.cpp    | create_publisher         | publisher created      | client_key: 0x00000001, publisher_id: 0x10F(3), participant_id: 0x001(1)
[micro_ros_agent-1] [1789427681.035584] info     | ProxyClient.cpp    | create_datawriter        | datawriter created     | client_key: 0x00000001, datawriter_id: 0x10F(5), publisher_id: 0x10F(3)
[micro_ros_agent-1] [1789427681.046836] info     | ProxyClient.cpp    | create_topic             | topic created          | client_key: 0x00000001, topic_id: 0x10C(2), participant_id: 0x001(1)
[micro_ros_agent-1] [1789427681.046954] info     | ProxyClient.cpp    | create_publisher         | publisher created      | client_key: 0x00000001, publisher_id: 0x10C(3), participant_id: 0x001(1)
[micro_ros_agent-1] [1789427681.048483] info     | ProxyClient.cpp    | create_datawriter        | datawriter created     | client_key: 0x00000001, datawriter_id: 0x10C(5), publisher_id: 0x10C(3)
[micro_ros_agent-1] [1789427681.051425] info     | ProxyClient.cpp    | create_topic             | topic created          | client_key: 0x00000001, topic_id: 0x110(2), participant_id: 0x001(1)
[micro_ros_agent-1] [1789427681.051533] info     | ProxyClient.cpp    | create_publisher         | publisher created      | client_key: 0x00000001, publisher_id: 0x110(3), participant_id: 0x001(1)
[micro_ros_agent-1] [1789427681.052787] info     | ProxyClient.cpp    | create_datawriter        | datawriter created     | client_key: 0x00000001, datawriter_id: 0x110(5), publisher_id: 0x110(3)
[micro_ros_agent-1] [1789427681.056028] info     | ProxyClient.cpp    | create_topic             | topic created          | client_key: 0x00000001, topic_id: 0x112(2), participant_id: 0x001(1)
[micro_ros_agent-1] [1789427681.056126] info     | ProxyClient.cpp    | create_publisher         | publisher created      | client_key: 0x00000001, publisher_id: 0x112(3), participant_id: 0x001(1)
[micro_ros_agent-1] [1789427681.057055] info     | ProxyClient.cpp    | create_datawriter        | datawriter created     | client_key: 0x00000001, datawriter_id: 0x112(5), publisher_id: 0x112(3)
[micro_ros_agent-1] [1789427681.253289] info     | ProxyClient.cpp    | create_topic             | topic created          | client_key: 0x00000001, topic_id: 0x116(2), participant_id: 0x001(1)
[micro_ros_agent-1] [1789427681.253441] info     | ProxyClient.cpp    | create_publisher         | publisher created      | client_key: 0x00000001, publisher_id: 0x116(3), participant_id: 0x001(1)
[micro_ros_agent-1] [1789427681.254941] info     | ProxyClient.cpp    | create_datawriter        | datawriter created     | client_key: 0x00000001, datawriter_id: 0x116(5), publisher_id: 0x116(3)
[micro_ros_agent-1] [1789427681.258283] info     | ProxyClient.cpp    | create_topic             | topic created          | client_key: 0x00000001, topic_id: 0x11B(2), participant_id: 0x001(1)
[micro_ros_agent-1] [1789427681.258392] info     | ProxyClient.cpp    | create_publisher         | publisher created      | client_key: 0x00000001, publisher_id: 0x11B(3), participant_id: 0x001(1)
[micro_ros_agent-1] [1789427681.259708] info     | ProxyClient.cpp    | create_datawriter        | datawriter created     | client_key: 0x00000001, datawriter_id: 0x11B(5), publisher_id: 0x11B(3)
[micro_ros_agent-1] [1789427681.262781] info     | ProxyClient.cpp    | create_topic             | topic created          | client_key: 0x00000001, topic_id: 0x120(2), participant_id: 0x001(1)
[micro_ros_agent-1] [1789427681.262875] info     | ProxyClient.cpp    | create_publisher         | publisher created      | client_key: 0x00000001, publisher_id: 0x120(3), participant_id: 0x001(1)
[micro_ros_agent-1] [1789427681.263698] info     | ProxyClient.cpp    | create_datawriter        | datawriter created     | client_key: 0x00000001, datawriter_id: 0x120(5), publisher_id: 0x120(3)
[micro_ros_agent-1] [1789427681.266557] info     | ProxyClient.cpp    | create_topic             | topic created          | client_key: 0x00000001, topic_id: 0x00D(2), participant_id: 0x001(1)
[micro_ros_agent-1] [1789427681.266640] info     | ProxyClient.cpp    | create_publisher         | publisher created      | client_key: 0x00000001, publisher_id: 0x00D(3), participant_id: 0x001(1)
[micro_ros_agent-1] [1789427681.267633] info     | ProxyClient.cpp    | create_datawriter        | datawriter created     | client_key: 0x00000001, datawriter_id: 0x00D(5), publisher_id: 0x00D(3)
[micro_ros_agent-1] [1789427681.270636] info     | ProxyClient.cpp    | create_topic             | topic created          | client_key: 0x00000001, topic_id: 0x129(2), participant_id: 0x001(1)
[micro_ros_agent-1] [1789427681.270777] info     | ProxyClient.cpp    | create_publisher         | publisher created      | client_key: 0x00000001, publisher_id: 0x129(3), participant_id: 0x001(1)
[micro_ros_agent-1] [1789427681.271714] info     | ProxyClient.cpp    | create_datawriter        | datawriter created     | client_key: 0x00000001, datawriter_id: 0x129(5), publisher_id: 0x129(3)
[micro_ros_agent-1] [1789427681.274646] info     | ProxyClient.cpp    | create_topic             | topic created          | client_key: 0x00000001, topic_id: 0x080(2), participant_id: 0x001(1)
[micro_ros_agent-1] [1789427681.274781] info     | ProxyClient.cpp    | create_publisher         | publisher created      | client_key: 0x00000001, publisher_id: 0x080(3), participant_id: 0x001(1)
[micro_ros_agent-1] [1789427681.275752] info     | ProxyClient.cpp    | create_datawriter        | datawriter created     | client_key: 0x00000001, datawriter_id: 0x080(5), publisher_id: 0x080(3)
[micro_ros_agent-1] [1789427681.279584] info     | ProxyClient.cpp    | create_topic             | topic created          | client_key: 0x00000001, topic_id: 0x12B(2), participant_id: 0x001(1)
[micro_ros_agent-1] [1789427681.279663] info     | ProxyClient.cpp    | create_publisher         | publisher created      | client_key: 0x00000001, publisher_id: 0x12B(3), participant_id: 0x001(1)
[micro_ros_agent-1] [1789427681.280397] info     | ProxyClient.cpp    | create_datawriter        | datawriter created     | client_key: 0x00000001, datawriter_id: 0x12B(5), publisher_id: 0x12B(3)
[micro_ros_agent-1] [1789427681.283551] info     | ProxyClient.cpp    | create_topic             | topic created          | client_key: 0x00000001, topic_id: 0x06E(2), participant_id: 0x001(1)
[micro_ros_agent-1] [1789427681.283692] info     | ProxyClient.cpp    | create_publisher         | publisher created      | client_key: 0x00000001, publisher_id: 0x06E(3), participant_id: 0x001(1)
[micro_ros_agent-1] [1789427681.284516] info     | ProxyClient.cpp    | create_datawriter        | datawriter created     | client_key: 0x00000001, datawriter_id: 0x06E(5), publisher_id: 0x06E(3)
[micro_ros_agent-1] [1789427681.290997] info     | ProxyClient.cpp    | create_replier           | replier created        | client_key: 0x00000001, requester_id: 0x800(7), participant_id: 0x001(1)
[window_detect-4] [INFO] [1789427681.663150907] [window_detect]: window: YES  centre=(636,219) offset=-0.01 area=2px dist=3.52m
[window_detect-4] [INFO] [1789427682.663909059] [window_detect]: window: YES  centre=(631,218) offset=-0.01 area=351px dist=3.58m
[window_detect-4] [INFO] [1789427683.676736179] [window_detect]: window: YES  centre=(631,220) offset=-0.01 area=2px dist=3.55m
[window_detect-4] [INFO] [1789427684.716478707] [window_detect]: window: YES  centre=(641,220) offset=+0.00 area=2px dist=3.58m
[window_detect-4] [INFO] [1789427685.786213754] [window_detect]: window: YES  centre=(634,220) offset=-0.01 area=181px dist=3.73m
[INFO] [course_fsm-5]: process started with pid [6950]
[window_detect-4] [INFO] [1789427686.811765433] [window_detect]: window: YES  centre=(641,220) offset=+0.00 area=194px dist=3.71m
[course_fsm-5] [INFO] [1789427687.823399981] [course_fsm]: Airframe: 0.260 m tall, 0.260 m wide, extending 0.160 m below and 0.100 m above the commanded point. A window must measure at least 0.32 x 0.32 m to be flown.
[course_fsm-5] [WARN] [1789427687.828925670] [course_fsm]: stdin is not a tty; q/k abort is unavailable.
[course_fsm-5] [WARN] [1789427687.836356776] [course_fsm]: Window traversal on ARK FLOW: climb 1.20 m, hold 5 s, sweep +/-10 deg for the window, lock, line up 1.60 m in front of it and fly through to 0.50 m beyond, then land. Approach 0.30 m/s, traverse 0.45 m/s. Hard limit 240 s from the start of the climb. Press q to abort into a descent, k to force-disarm.
[course_fsm-5] [WARN] [1789427687.842442443] [course_fsm]: COURSE: window, then OVER the red bar (1.98 m, cross at 2.41 m), then UNDER the blue bar (0.80 m, cross at 0.48 m), then land 0.80 m past it. Gaps 1.00 / 1.00 m; every vertical move happens at a gap midpoint. Bars are flown on the known geometry along the window's traverse line. READY.
[course_fsm-5] [INFO] [1789427687.851384343] [course_fsm]: PX4 failsafe (expected on this airframe, harmless): gcs_connection_lost, home_position_invalid
[course_fsm-5] [INFO] [1789427687.851660735] [course_fsm]: Waiting for VehicleStatus from PX4...
[course_fsm-5] [ERROR] [1789427687.852392330] [course_fsm]: PX4 failsafe SET: offboard_control_signal_lost
[course_fsm-5] [WARN] [1789427687.856888414] [course_fsm]: RNG FUSION BACK after 0.01 s (lost in PREPARATION): stage PREPARATION, alt n/a m. dist_bottom=0.15 m (valid=False) rng_hgt=True rng_terrain=False kin_consistent=True fault=False stuck=False
[course_fsm-5] [INFO] [1789427687.862574509] [course_fsm]: nav_state -> OFFBOARD(14)
[course_fsm-5] [INFO] [1789427687.866179104] [course_fsm]: PX4 failsafe cleared: offboard_control_signal_lost
[course_fsm-5] [INFO] [1789427687.911620744] [course_fsm]: alt=n/a airborne=False xy_valid=True z_valid=True | dist_bottom=0.15 m rng_ok=True vz=+0.00 m/s landed=True | xy=VEL-HOLD flow_ok=False vxy=(-0.00,-0.00) | hdg=+4 deg yaw_sp=+0 deg
[course_fsm-5] [INFO] [1789427687.914973005] [course_fsm]: window: /window_geometry has a publisher but has never carried a message: window_detect is not detecting the window. Check the colour, min_area and the lighting.
[window_detect-4] [INFO] [1789427687.916884847] [window_detect]: window: YES  centre=(648,220) offset=+0.01 area=209px dist=3.80m
[course_fsm-5] [INFO] [1789427688.857042792] [course_fsm]: Setpoint stream established, position estimate healthy.
[course_fsm-5] [INFO] [1789427688.915281088] [course_fsm]: Offboard mode active.
[window_detect-4] [INFO] [1789427688.930288738] [window_detect]: window: YES  centre=(644,220) offset=+0.01 area=198px dist=3.88m
[course_fsm-5] [INFO] [1789427689.014853928] [course_fsm]: Arming point captured: x=0.07 y=0.24 z=-0.42 yaw=+4 deg. 'forward' means this heading for the whole flight.
[course_fsm-5] [WARN] [1789427689.015901945] [course_fsm]: ARMED. Holding on the ground for 5 s.
[course_fsm-5] [INFO] [1789427689.055522997] [course_fsm]: Armed on the ground, 5.0 s to takeoff...
[course_fsm-5] [INFO] [1789427689.056416827] [course_fsm]: alt=+0.00 m airborne=False xy_valid=True z_valid=True | dist_bottom=0.15 m rng_ok=True vz=+0.00 m/s landed=True | xy=VEL-HOLD flow_ok=False vxy=(+0.00,-0.00) | hdg=+4 deg yaw_sp=+4 deg
[course_fsm-5] [INFO] [1789427689.915447591] [course_fsm]: window: no usable pose (0/6 fresh samples, 0 accepted ever, 0 truncated; rejections: corner depths disagree x16)
[window_detect-4] [INFO] [1789427689.931062311] [window_detect]: window: YES  centre=(642,220) offset=+0.00 area=96px dist=3.78m
[course_fsm-5] [INFO] [1789427690.060809342] [course_fsm]: Armed on the ground, 4.0 s to takeoff...
[course_fsm-5] [INFO] [1789427690.062796308] [course_fsm]: alt=+0.00 m airborne=False xy_valid=True z_valid=True | dist_bottom=0.15 m rng_ok=True vz=+0.00 m/s landed=True | xy=VEL-HOLD flow_ok=False vxy=(+0.00,-0.00) | hdg=+4 deg yaw_sp=+4 deg
[window_detect-4] [INFO] [1789427690.972371717] [window_detect]: window: YES  centre=(641,220) offset=+0.00 area=193px dist=3.82m
[course_fsm-5] [INFO] [1789427691.061172002] [course_fsm]: Armed on the ground, 3.0 s to takeoff...
[course_fsm-5] [INFO] [1789427691.108514781] [course_fsm]: alt=-0.00 m airborne=False xy_valid=True z_valid=True | dist_bottom=0.15 m rng_ok=True vz=+0.00 m/s landed=True | xy=VEL-HOLD flow_ok=False vxy=(+0.00,-0.00) | hdg=+4 deg yaw_sp=+4 deg
[course_fsm-5] [INFO] [1789427691.918429163] [course_fsm]: window: no usable pose (0/6 fresh samples, 0 accepted ever, 0 truncated; rejections: corner depths disagree x34)
[window_detect-4] [INFO] [1789427692.009828213] [window_detect]: window: YES  centre=(662,219) offset=+0.04 area=110px dist=3.66m
[course_fsm-5] [INFO] [1789427692.107808540] [course_fsm]: Armed on the ground, 1.9 s to takeoff...
[course_fsm-5] [INFO] [1789427692.116382590] [course_fsm]: alt=-0.00 m airborne=False xy_valid=True z_valid=True | dist_bottom=0.15 m rng_ok=True vz=+0.00 m/s landed=True | xy=VEL-HOLD flow_ok=False vxy=(+0.00,-0.00) | hdg=+4 deg yaw_sp=+4 deg
[window_detect-4] [INFO] [1789427693.013318280] [window_detect]: window: YES  centre=(641,220) offset=+0.00 area=196px dist=3.61m
[course_fsm-5] [INFO] [1789427693.111624686] [course_fsm]: Armed on the ground, 0.9 s to takeoff...
[course_fsm-5] [INFO] [1789427693.162225309] [course_fsm]: alt=-0.00 m airborne=False xy_valid=True z_valid=True | dist_bottom=0.15 m rng_ok=True vz=+0.00 m/s landed=True | xy=VEL-HOLD flow_ok=False vxy=(-0.00,-0.00) | hdg=+4 deg yaw_sp=+4 deg
[course_fsm-5] [INFO] [1789427693.959949975] [course_fsm]: window: no usable pose (0/6 fresh samples, 0 accepted ever, 0 truncated; rejections: corner depths disagree x51)
[course_fsm-5] [WARN] [1789427694.057718405] [course_fsm]: Climbing to 1.20 m (datum z=-0.42).
[window_detect-4] [INFO] [1789427694.077866818] [window_detect]: window: YES  centre=(653,220) offset=+0.02 area=324px dist=3.68m
[course_fsm-5] [WARN] [1789427694.112688723] [course_fsm]: Flight clock started: landing in 240 s.
[course_fsm-5] [INFO] [1789427694.211958383] [course_fsm]: alt=-0.00 m airborne=False xy_valid=True z_valid=True | dist_bottom=0.15 m rng_ok=True vz=+0.00 m/s landed=True | xy=VEL-HOLD flow_ok=False vxy=(+0.00,-0.00) | hdg=+4 deg yaw_sp=+4 deg
[window_detect-4] [INFO] [1789427695.220069998] [window_detect]: window: YES  centre=(649,219) offset=+0.01 area=414px dist=3.42m
[course_fsm-5] [INFO] [1789427695.257032513] [course_fsm]: alt=+0.00 m airborne=False xy_valid=True z_valid=True | dist_bottom=0.03 m rng_ok=True vz=-0.00 m/s landed=False | xy=VEL-HOLD flow_ok=False vxy=(-0.00,+0.00) | hdg=+4 deg yaw_sp=+4 deg
[course_fsm-5] [INFO] [1789427695.964153399] [course_fsm]: window: no usable pose (0/6 fresh samples, 0 accepted ever, 0 truncated; rejections: corner depths disagree x67)
[course_fsm-5] [INFO] [1789427696.257526170] [course_fsm]: alt=+0.17 m airborne=True xy_valid=True z_valid=True | dist_bottom=0.16 m rng_ok=True vz=-0.07 m/s landed=False | xy=VEL-HOLD flow_ok=False vxy=(-0.00,-0.01) | hdg=+4 deg yaw_sp=+4 deg
[window_detect-4] [INFO] [1789427696.316906035] [window_detect]: window: YES  centre=(664,214) offset=+0.04 area=113px dist=4.80m
[course_fsm-5] [INFO] [1789427697.308792247] [course_fsm]: alt=+0.17 m airborne=True xy_valid=True z_valid=True | dist_bottom=0.16 m rng_ok=True vz=-0.04 m/s landed=False | xy=VEL-HOLD flow_ok=False vxy=(-0.01,-0.00) | hdg=+4 deg yaw_sp=+4 deg
[window_detect-4] [INFO] [1789427697.352861679] [window_detect]: window: YES  centre=(665,208) offset=+0.04 area=234px dist=5.02m
[course_fsm-5] [INFO] [1789427697.965864520] [course_fsm]: window: no usable pose (0/6 fresh samples, 0 accepted ever, 0 truncated; rejections: corner depths disagree x82)
[course_fsm-5] [INFO] [1789427698.356512117] [course_fsm]: alt=+0.14 m airborne=True xy_valid=True z_valid=True | dist_bottom=0.16 m rng_ok=True vz=-0.02 m/s landed=False | xy=VEL-HOLD flow_ok=False vxy=(+0.03,+0.00) | hdg=+4 deg yaw_sp=+4 deg
[window_detect-4] [INFO] [1789427698.417656403] [window_detect]: window: YES  centre=(658,178) offset=+0.03 area=362px dist=5.86m
[course_fsm-5] [INFO] [1789427699.410456026] [course_fsm]: alt=+0.16 m airborne=True xy_valid=True z_valid=True | dist_bottom=0.18 m rng_ok=True vz=-0.06 m/s landed=False | xy=VEL-HOLD flow_ok=False vxy=(+0.28,+0.28) | hdg=+8 deg yaw_sp=+4 deg
[window_detect-4] [INFO] [1789427699.449618518] [window_detect]: window: YES  centre=(594,212) offset=-0.07 area=1070px dist=5.32m
[course_fsm-5] [INFO] [1789427700.011013407] [course_fsm]: window: no usable pose (0/6 fresh samples, 0 accepted ever, 0 truncated; rejections: corner depths disagree x89, implausible window size x9)
[course_fsm-5] [INFO] [1789427700.411487887] [course_fsm]: alt=+0.31 m airborne=True xy_valid=True z_valid=True | dist_bottom=0.27 m rng_ok=True vz=-0.25 m/s landed=False | xy=VEL-HOLD flow_ok=False vxy=(-0.07,+0.13) | hdg=+7 deg yaw_sp=+4 deg
[window_detect-4] [INFO] [1789427700.531794013] [window_detect]: window: YES  centre=(569,253) offset=-0.11 area=2708px dist=4.32m
[course_fsm-5] [INFO] [1789427701.457482222] [course_fsm]: alt=+0.62 m airborne=True xy_valid=True z_valid=True | dist_bottom=0.58 m rng_ok=True vz=-0.30 m/s landed=False | xy=VEL-HOLD flow_ok=True vxy=(+0.10,+0.04) | hdg=+7 deg yaw_sp=+4 deg
[window_detect-4] [INFO] [1789427701.585962619] [window_detect]: window: YES  centre=(542,314) offset=-0.15 area=2102px dist=0.00m
[course_fsm-5] [INFO] [1789427701.612665734] [course_fsm]: Flow healthy: latching x/y hold at (0.51, 0.69).
[course_fsm-5] [WARN] [1789427701.613879876] [course_fsm]: Drifted 0.62 m during the climb; holding here rather than flying back to the arming point (takeoff_return_to_pad is false). If this number is large every flight, the drift is real: check SENS_FLOW_ROT, the flow mounting and the floor texture.
[course_fsm-5] [INFO] [1789427702.021165258] [course_fsm]: window: no usable pose (0/6 fresh samples, 0 accepted ever, 0 truncated; rejections: corner depths disagree x95, implausible window size x10)
[course_fsm-5] [INFO] [1789427702.506262210] [course_fsm]: alt=+1.16 m airborne=True xy_valid=True z_valid=True | dist_bottom=1.09 m rng_ok=True vz=-0.25 m/s landed=False | xy=POS-HOLD flow_ok=True vxy=(-0.93,-0.56) | hdg=-60 deg yaw_sp=+4 deg
[window_detect-4] [INFO] [1789427702.658784347] [window_detect]: window: YES  centre=(940,392) offset=+0.47 area=100767px dist=1.12m
[course_fsm-5] [WARN] [1789427702.959854527] [course_fsm]: Reached 1.21 m. Holding for 5 s.
[course_fsm-5] [INFO] [1789427703.009232051] [course_fsm]: Holding, 5.0 s to the sweep... (window IN SIGHT)
[course_fsm-5] [INFO] [1789427703.506876625] [course_fsm]: alt=+1.10 m airborne=True xy_valid=True z_valid=True | dist_bottom=1.12 m rng_ok=True vz=-0.01 m/s landed=False | xy=POS-HOLD flow_ok=True vxy=(+0.07,-0.05) | hdg=-49 deg yaw_sp=+4 deg
[window_detect-4] [INFO] [1789427703.713596629] [window_detect]: window: YES  centre=(1070,235) offset=+0.67 area=76306px dist=4.19m
[course_fsm-5] [INFO] [1789427704.059745474] [course_fsm]: Holding, 3.9 s to the sweep... (window IN SIGHT)
[course_fsm-5] [INFO] [1789427704.065564732] [course_fsm]: window: window in sight but TRUNCATED (0 px to the frame edge, 15 such frames) -- not measurable until the whole aperture is in view
[course_fsm-5] [INFO] [1789427704.507753086] [course_fsm]: alt=+1.12 m airborne=True xy_valid=True z_valid=True | dist_bottom=1.14 m rng_ok=True vz=-0.09 m/s landed=False | xy=POS-HOLD flow_ok=True vxy=(-0.18,-0.05) | hdg=-26 deg yaw_sp=+4 deg
[window_detect-4] [INFO] [1789427704.758237462] [window_detect]: window: YES  centre=(868,162) offset=+0.36 area=151814px dist=6.31m
[course_fsm-5] [INFO] [1789427705.105894661] [course_fsm]: Holding, 2.9 s to the sweep... (window IN SIGHT)
[course_fsm-5] [INFO] [1789427705.564756824] [course_fsm]: alt=+0.74 m airborne=True xy_valid=True z_valid=True | dist_bottom=0.81 m rng_ok=True vz=+0.27 m/s landed=False | xy=POS-HOLD flow_ok=True vxy=(+0.00,+0.07) | hdg=-17 deg yaw_sp=+4 deg
[window_detect-4] [INFO] [1789427705.792396533] [window_detect]: window: YES  centre=(612,140) offset=-0.04 area=125266px dist=4.33m
[course_fsm-5] [INFO] [1789427706.107418711] [course_fsm]: window: window in sight but TRUNCATED (0 px to the frame edge, 31 such frames) -- not measurable until the whole aperture is in view
[course_fsm-5] [INFO] [1789427706.157943900] [course_fsm]: Holding, 1.8 s to the sweep... (window IN SIGHT)
[course_fsm-5] [INFO] [1789427706.608116277] [course_fsm]: alt=+0.52 m airborne=True xy_valid=True z_valid=True | dist_bottom=0.68 m rng_ok=True vz=+0.24 m/s landed=False | xy=POS-HOLD flow_ok=True vxy=(-0.01,-0.05) | hdg=-22 deg yaw_sp=+4 deg
[window_detect-4] [INFO] [1789427706.854912309] [window_detect]: window: YES  centre=(867,126) offset=+0.35 area=121601px dist=6.30m
[course_fsm-5] [INFO] [1789427707.209071365] [course_fsm]: Holding, 0.8 s to the sweep... (window IN SIGHT)
[course_fsm-5] [WARN] [1789427707.355053701] [course_fsm]: Vehicle disarmed by PX4. Stopping.
[course_fsm-5] [INFO] [1789427707.406846572] [course_fsm]: Idle. Ctrl-C to exit.
[window_detect-4] [INFO] [1789427707.882724797] [window_detect]: window: YES  centre=(857,47) offset=+0.34 area=44349px dist=0.91m
[window_detect-4] [INFO] [1789427708.930713874] [window_detect]: window: YES  centre=(647,222) offset=+0.01 area=154px dist=4.27m
[course_fsm-5] [ERROR] [1789427709.165878673] [course_fsm]: PX4 failsafe SET: offboard_control_signal_lost
[window_detect-4] [INFO] [1789427710.031892365] [window_detect]: window: YES  centre=(650,224) offset=+0.02 area=261px dist=2.82m
[window_detect-4] [INFO] [1789427711.129467149] [window_detect]: window: YES  centre=(650,224) offset=+0.02 area=438px dist=2.98m
[window_detect-4] [INFO] [1789427712.136021515] [window_detect]: window: YES  centre=(647,224) offset=+0.01 area=338px dist=2.92m
[course_fsm-5] [INFO] [1789427712.408935417] [course_fsm]: Idle. Ctrl-C to exit.
[window_detect-4] [INFO] [1789427713.263691154] [window_detect]: window: YES  centre=(660,223) offset=+0.03 area=94px dist=2.82m
[window_detect-4] [INFO] [1789427714.296323154] [window_detect]: window: YES  centre=(637,224) offset=-0.01 area=86px dist=3.31m
[window_detect-4] [INFO] [1789427715.381958276] [window_detect]: window: YES  centre=(682,225) offset=+0.07 area=721px dist=4.19m
[window_detect-4] [INFO] [1789427716.442378963] [window_detect]: window: YES  centre=(652,226) offset=+0.02 area=450px dist=3.87m
[course_fsm-5] [INFO] [1789427717.412228023] [course_fsm]: Idle. Ctrl-C to exit.
[window_detect-4] [INFO] [1789427717.532596358] [window_detect]: window: YES  centre=(661,222) offset=+0.03 area=398px dist=3.12m
[window_detect-4] [INFO] [1789427718.554126064] [window_detect]: window: YES  centre=(643,223) offset=+0.01 area=360px dist=3.35m
[window_detect-4] [INFO] [1789427719.649232853] [window_detect]: window: YES  centre=(638,221) offset=-0.00 area=252px dist=3.68m
[window_detect-4] [INFO] [1789427720.746568773] [window_detect]: window: YES  centre=(667,224) offset=+0.04 area=802px dist=2.64m
[window_detect-4] [INFO] [1789427721.838633055] [window_detect]: window: YES  centre=(653,225) offset=+0.02 area=396px dist=2.81m
[course_fsm-5] [INFO] [1789427722.417191077] [course_fsm]: Idle. Ctrl-C to exit.
[window_detect-4] [INFO] [1789427722.871635911] [window_detect]: window: YES  centre=(613,226) offset=-0.04 area=172px dist=2.89m
[window_detect-4] [INFO] [1789427723.904274765] [window_detect]: window: YES  centre=(638,225) offset=-0.00 area=173px dist=3.04m
[window_detect-4] [INFO] [1789427724.998882551] [window_detect]: window: YES  centre=(638,225) offset=-0.00 area=173px dist=3.12m
^C[WARNING] [launch]: user interrupted with ctrl-c (SIGINT)
[component_container_isolated-3] [INFO] [1789427725.095836655] [rclcpp]: signal_handler(SIGINT/SIGTERM)
[ERROR] [micro_ros_agent-1]: process has died [pid 6590, exit code -2, cmd '/home/ark-jetson-orin/imav26_ws/install/micro_ros_agent/lib/micro_ros_agent/micro_ros_agent serial --dev /dev/ttyTHS1 -b 921600 --ros-args -r __node:=micro_xrce_dds_agent'].
[INFO] [robot_state_publisher-2]: process has finished cleanly [pid 6591]
[INFO] [course_fsm-5]: process has finished cleanly [pid 6950]
[robot_state_publisher-2] [INFO] [1789427725.096134977] [rclcpp]: signal_handler(SIGINT/SIGTERM)
[course_fsm-5] [WARN] [1789427725.098149377] [course_fsm]: Course outcome: not attempted.
[course_fsm-5] Failed to publish log message to rosout: publisher's context is invalid, at ./src/rcl/publisher.c:423
[course_fsm-5] [WARN] [1789427725.099239799] [course_fsm]: Traverse outcome: not attempted. 0 geometry samples accepted of 284 received; rejections: corner depths disagree x177, implausible window size x60, window is not vertical x1.
[course_fsm-5] Failed to publish log message to rosout: publisher's context is invalid, at ./src/rcl/publisher.c:423
[window_detect-4] Traceback (most recent call last):
[window_detect-4]   File "/home/ark-jetson-orin/imav26_ws/install/drone_testing/lib/drone_testing/window_detect", line 33, in <module>
[window_detect-4]     sys.exit(load_entry_point('drone_testing==0.0.0', 'console_scripts', 'window_detect')())
[window_detect-4]              ^^^^^^^^^^^^^^^^^^^^^^^^^^^^^^^^^^^^^^^^^^^^^^^^^^^^^^^^^^^^^^^^^^^^^^^^^^^^^^
[window_detect-4]   File "/home/ark-jetson-orin/imav26_ws/install/drone_testing/lib/python3.12/site-packages/drone_testing/window_detect.py", line 1055, in main
[window_detect-4]     rclpy.shutdown()
[window_detect-4]   File "/opt/ros/jazzy/lib/python3.12/site-packages/rclpy/__init__.py", line 134, in shutdown
[window_detect-4]     _shutdown(context=context)
[window_detect-4]   File "/opt/ros/jazzy/lib/python3.12/site-packages/rclpy/utilities.py", line 82, in shutdown
[window_detect-4]     context.shutdown()
[window_detect-4]   File "/opt/ros/jazzy/lib/python3.12/site-packages/rclpy/context.py", line 129, in shutdown
[window_detect-4]     self.__context.shutdown()
[window_detect-4] rclpy._rclpy_pybind11.RCLError: failed to shutdown: rcl_shutdown already called on the given context, at ./src/rcl/init.c:333
[component_container_isolated-3] [INFO] [1789427725.583404851] [zed.zed_node]: === CLOSING CAMERA ===
[component_container_isolated-3] [INFO] [1789427725.928406413] [zed.zed_node]: === CAMERA CLOSED ===
[component_container_isolated-3] Warning: class_loader.ClassLoader: SEVERE WARNING!!! Attempting to unload library while objects created by this loader exist in the heap! You should delete your objects before attempting to unload the library or destroying the ClassLoader. The library will NOT be unloaded.
[component_container_isolated-3]          at line 127 in ./src/class_loader.cpp
[component_container_isolated-3] Warning: class_loader.ClassLoader: SEVERE WARNING!!! Attempting to unload library while objects created by this loader exist in the heap! You should delete your objects before attempting to unload the library or destroying the ClassLoader. The library will NOT be unloaded.
[component_container_isolated-3]          at line 127 in ./src/class_loader.cpp
[component_container_isolated-3] Warning: class_loader.ClassLoader: SEVERE WARNING!!! Attempting to unload library while objects created by this loader exist in the heap! You should delete your objects before attempting to unload the library or destroying the ClassLoader. The library will NOT be unloaded.
[component_container_isolated-3]          at line 127 in ./src/class_loader.cpp
[component_container_isolated-3] Warning: class_loader.ClassLoader: SEVERE WARNING!!! Attempting to unload library while objects created by this loader exist in the heap! You should delete your objects before attempting to unload the library or destroying the ClassLoader. The library will NOT be unloaded.
[component_container_isolated-3]          at line 127 in ./src/class_loader.cpp
[component_container_isolated-3] Warning: class_loader.ClassLoader: SEVERE WARNING!!! Attempting to unload library while objects created by this loader exist in the heap! You should delete your objects before attempting to unload the library or destroying the ClassLoader. The library will NOT be unloaded.
[component_container_isolated-3]          at line 127 in ./src/class_loader.cpp
[ERROR] [window_detect-4]: process has died [pid 6805, exit code 1, cmd '/home/ark-jetson-orin/imav26_ws/install/drone_testing/lib/drone_testing/window_detect --ros-args -r __node:=window_detect --params-file /tmp/launch_params_2ck03n56'].
[INFO] [component_container_isolated-3]: process has finished cleanly [pid 6592]

